-- phpMyAdmin SQL Dump
-- version 4.1.14
-- http://www.phpmyadmin.net
--
-- Хост: 127.0.0.1
-- Время создания: Фев 26 2017 г., 17:11
-- Версия сервера: 10.1.16-MariaDB
-- Версия PHP: 5.5.38

SET SQL_MODE = "NO_AUTO_VALUE_ON_ZERO";
SET time_zone = "+00:00";


/*!40101 SET @OLD_CHARACTER_SET_CLIENT=@@CHARACTER_SET_CLIENT */;
/*!40101 SET @OLD_CHARACTER_SET_RESULTS=@@CHARACTER_SET_RESULTS */;
/*!40101 SET @OLD_COLLATION_CONNECTION=@@COLLATION_CONNECTION */;
/*!40101 SET NAMES utf8 */;

--
-- База данных: `diploma`
--

DELIMITER $$
--
-- Функции
--
CREATE DEFINER=`root`@`localhost` FUNCTION `returnNumericOnly`(`str` VARCHAR(1000)) RETURNS varchar(1000) CHARSET utf8
BEGIN
  DECLARE counter INT DEFAULT 0;
  DECLARE strLength INT DEFAULT 0;
  DECLARE strChar VARCHAR(1000) DEFAULT '' ;
  DECLARE retVal VARCHAR(1000) DEFAULT '';
  SET strLength = LENGTH(str);
  WHILE strLength > 0 DO
    SET counter = counter+1;
    SET strChar = SUBSTRING(str,counter,1);
    IF strChar REGEXP('[0-9]+') = 1
      THEN SET retVal = CONCAT(retVal,strChar);
    END IF;
    SET strLength = strLength -1;
    SET strChar = NULL;
  END WHILE;
RETURN retVal;
END$$

DELIMITER ;

-- --------------------------------------------------------

--
-- Структура таблицы `address`
--

CREATE TABLE IF NOT EXISTS `address` (
  `id` int(11) NOT NULL AUTO_INCREMENT,
  `phone` varchar(255) NOT NULL,
  `country_id` int(11) NOT NULL,
  `city` varchar(255) NOT NULL,
  `region` varchar(255) NOT NULL,
  `street` tinytext NOT NULL,
  `building` varchar(10) NOT NULL,
  `flat` varchar(10) DEFAULT NULL,
  `zip` varchar(10) NOT NULL,
  `user_id` int(11) DEFAULT NULL,
  PRIMARY KEY (`id`),
  KEY `country_id` (`country_id`),
  KEY `user_id` (`user_id`)
) ENGINE=InnoDB  DEFAULT CHARSET=utf8 AUTO_INCREMENT=8 ;

--
-- Дамп данных таблицы `address`
--

INSERT INTO `address` (`id`, `phone`, `country_id`, `city`, `region`, `street`, `building`, `flat`, `zip`, `user_id`) VALUES
(4, '0501493132', 1, 'Poltava', 'Myrgorod', 'lenina', '34234', '', '344234', 47),
(5, 'fghgfh', 1, 'vchcvhch', 'fghfgh', 'fghfgh', 'fh', 'fgh', 'fgh', 48),
(6, '0501493213', 1, 'Torino', 'Kyivskas', 'JKJ', '23', '', '23900', 49),
(7, '0663222281', 1, 'Donetsk', 'Donetska', 'Artema', '62', '', '62332', 51);

-- --------------------------------------------------------

--
-- Структура таблицы `auth_assignment`
--

CREATE TABLE IF NOT EXISTS `auth_assignment` (
  `item_name` varchar(64) COLLATE utf8_unicode_ci NOT NULL,
  `user_id` varchar(64) COLLATE utf8_unicode_ci NOT NULL,
  `created_at` int(11) DEFAULT NULL,
  PRIMARY KEY (`item_name`,`user_id`)
) ENGINE=InnoDB DEFAULT CHARSET=utf8 COLLATE=utf8_unicode_ci;

--
-- Дамп данных таблицы `auth_assignment`
--

INSERT INTO `auth_assignment` (`item_name`, `user_id`, `created_at`) VALUES
('admin', '1', 1470000223),
('admin', '32', 1469962054),
('admin', '33', 1469996415),
('admin', '34', 1469996479),
('admin', '7', 1457030690),
('admin', '8', 1457030722),
('employee', '10', 1464244325),
('employee', '11', 1457110756),
('employee', '12', 1457110796),
('employee', '13', 1457110836),
('employee', '14', 1457110869),
('employee', '15', 1457514681),
('employee', '16', 1457110935),
('employee', '17', 1457110968),
('employee', '18', 1457110999),
('employee', '19', 1457111027),
('employee', '2', 1457030671),
('employee', '20', 1457111064),
('employee', '21', 1457111114),
('employee', '22', 1457111144),
('employee', '23', 1457111200),
('employee', '24', 1457111229),
('employee', '25', 1457111272),
('employee', '26', 1457514817),
('employee', '27', 1457609530),
('employee', '28', 1457622928),
('employee', '29', 1458058257),
('employee', '7', 1457030690),
('employee', '9', 1457030749),
('operator', '30', 1476628974),
('operator', '31', 1476870284),
('operator', '38', 1476870523);

-- --------------------------------------------------------

--
-- Структура таблицы `auth_item`
--

CREATE TABLE IF NOT EXISTS `auth_item` (
  `name` varchar(64) COLLATE utf8_unicode_ci NOT NULL,
  `type` int(11) NOT NULL,
  `description` text COLLATE utf8_unicode_ci,
  `rule_name` varchar(64) COLLATE utf8_unicode_ci DEFAULT NULL,
  `data` text COLLATE utf8_unicode_ci,
  `created_at` int(11) DEFAULT NULL,
  `updated_at` int(11) DEFAULT NULL,
  `parent_id` varchar(255) COLLATE utf8_unicode_ci DEFAULT NULL,
  PRIMARY KEY (`name`),
  KEY `rule_name` (`rule_name`),
  KEY `idx-auth_item-type` (`type`)
) ENGINE=InnoDB DEFAULT CHARSET=utf8 COLLATE=utf8_unicode_ci;

--
-- Дамп данных таблицы `auth_item`
--

INSERT INTO `auth_item` (`name`, `type`, `description`, `rule_name`, `data`, `created_at`, `updated_at`, `parent_id`) VALUES
('admin', 1, 'Administrator', NULL, NULL, 1457028578, 1472991546, NULL),
('content', 2, 'Content management', NULL, NULL, 1469903227, 1469903227, ''),
('content/posts', 2, 'Posts management', NULL, NULL, 1469903256, 1469903256, 'content'),
('dashboard/default/index', 2, 'Dashboard', NULL, NULL, 1468306058, 1468306516, ''),
('i18n', 2, 'Translation management', NULL, NULL, 1464245784, 1464245784, NULL),
('operator', 1, 'Operator', NULL, NULL, 1476628916, 1476789708, NULL),
('permit/access', 2, 'Role and permission management', NULL, NULL, 1457031451, 1457031915, NULL),
('products', 2, 'Shop management', NULL, NULL, 1470493916, 1470493916, ''),
('products/categories', 2, 'Category management', NULL, NULL, 1470493949, 1470493949, 'products'),
('products/characteristic-groups', 2, 'Characteristic group management', NULL, NULL, 1470571801, 1470571801, 'products'),
('products/characteristics', 2, 'Characteristic management', NULL, NULL, 1470583744, 1470583744, 'products'),
('products/email-settings', 2, 'Email setting management', NULL, NULL, 1472546012, 1472546012, 'products/products'),
('products/email-templates', 2, 'Email templates management', NULL, NULL, 1472497313, 1472537484, 'products/products'),
('products/kits', 2, 'Kit management', NULL, NULL, 1471679008, 1471679008, 'products/products'),
('products/orders', 2, 'Order management', NULL, NULL, 1472463630, 1472463630, 'products/products'),
('products/payment-types', 2, 'Payment type management', NULL, NULL, 1472473845, 1472473845, 'products/products'),
('products/products', 2, 'Products management', NULL, NULL, 1465389945, 1465389945, NULL),
('products/products/index', 2, 'Products list', NULL, NULL, 1466062609, 1467648432, 'products/products'),
('products/products/view', 2, 'Products view item', 'isAuthorManyToMany', NULL, 1466065286, 1467648441, 'products/products'),
('products/sales', 2, 'Sales management', NULL, NULL, 1472887378, 1472887378, 'products/products'),
('settings', 2, 'Settings management', NULL, NULL, 1467648490, 1467819771, ''),
('settings/brands', 2, 'Brand management', NULL, NULL, 1465308163, 1467648516, 'settings'),
('settings/contact-form-settings/index', 2, 'Contact form settings list', NULL, NULL, 1470330678, 1470330678, 'settings'),
('settings/contact-form-settings/update', 2, 'Contact form settings update', NULL, NULL, 1470330545, 1470330545, 'settings'),
('settings/contact-form-settings/view', 2, 'Contact form settings view', NULL, NULL, 1470330524, 1470330524, 'settings'),
('settings/currencies', 2, 'Currency management', NULL, NULL, 1466605394, 1467648528, 'settings'),
('settings/settings', 2, 'Setting components management', NULL, NULL, 1472991531, 1472991531, 'settings'),
('settings/social-links', 2, 'Social links management', NULL, NULL, 1470214931, 1470214931, 'settings'),
('settings/stocks', 2, 'Stock management', NULL, NULL, 1470330620, 1470330620, 'settings'),
('settings/templates', 2, 'Template management', NULL, NULL, 1465215892, 1467648539, 'settings'),
('users', 2, 'User management', NULL, NULL, 1457028692, 1457031410, NULL),
('users/customers/heart-beat', 2, 'Client heart beat monitoring', 'isAuthorManyToMany', NULL, 1476690542, 1476690542, 'users'),
('users/customers/heart-beat-report', 2, 'Client heart beat statistic', 'isAuthorManyToMany', NULL, 1476690963, 1476690963, 'users'),
('users/customers/index', 2, 'Client heart beat index', NULL, NULL, 1476629074, 1476629074, 'users'),
('users/customers/validate-heart-beat-range', 2, 'Client heart beat range validate', NULL, NULL, 1476693413, 1476693413, 'users'),
('users/customers/view', 2, 'Client heart beat view', 'isAuthorManyToMany', NULL, 1476690988, 1476690988, 'users'),
('users/threats/index', 2, 'Threats index', NULL, NULL, 1476789650, 1476789650, 'users'),
('users/threats/view', 2, 'Threats view', NULL, NULL, 1476789696, 1476789696, 'users'),
('users/users/change-password', 2, 'Change password', NULL, NULL, 1457105560, 1467648581, 'users'),
('users/users/update', 2, 'Update own profile', NULL, NULL, 1464271347, 1467648597, 'users');

-- --------------------------------------------------------

--
-- Структура таблицы `auth_item_child`
--

CREATE TABLE IF NOT EXISTS `auth_item_child` (
  `parent` varchar(64) COLLATE utf8_unicode_ci NOT NULL,
  `child` varchar(64) COLLATE utf8_unicode_ci NOT NULL,
  PRIMARY KEY (`parent`,`child`),
  KEY `child` (`child`)
) ENGINE=InnoDB DEFAULT CHARSET=utf8 COLLATE=utf8_unicode_ci;

--
-- Дамп данных таблицы `auth_item_child`
--

INSERT INTO `auth_item_child` (`parent`, `child`) VALUES
('admin', 'content'),
('admin', 'content/posts'),
('admin', 'dashboard/default/index'),
('admin', 'i18n'),
('admin', 'permit/access'),
('admin', 'products/categories'),
('admin', 'products/characteristic-groups'),
('admin', 'products/characteristics'),
('admin', 'products/email-settings'),
('admin', 'products/email-templates'),
('admin', 'products/kits'),
('admin', 'products/orders'),
('admin', 'products/payment-types'),
('admin', 'products/products'),
('admin', 'products/sales'),
('admin', 'settings/brands'),
('admin', 'settings/contact-form-settings/index'),
('admin', 'settings/contact-form-settings/update'),
('admin', 'settings/contact-form-settings/view'),
('admin', 'settings/currencies'),
('admin', 'settings/settings'),
('admin', 'settings/social-links'),
('admin', 'settings/stocks'),
('admin', 'settings/templates'),
('admin', 'users'),
('employee', 'reports/jobs/create'),
('employee', 'reports/jobs/project-employee'),
('employee', 'users/users/change-password'),
('operator', 'users/customers/heart-beat'),
('operator', 'users/customers/heart-beat-report'),
('operator', 'users/customers/index'),
('operator', 'users/customers/validate-heart-beat-range'),
('operator', 'users/customers/view'),
('operator', 'users/threats/index'),
('operator', 'users/threats/view'),
('sales_organization', 'customers/customers/index'),
('sales_organization', 'users/users/change-password');

-- --------------------------------------------------------

--
-- Структура таблицы `auth_rule`
--

CREATE TABLE IF NOT EXISTS `auth_rule` (
  `name` varchar(64) COLLATE utf8_unicode_ci NOT NULL,
  `data` text COLLATE utf8_unicode_ci,
  `created_at` int(11) DEFAULT NULL,
  `updated_at` int(11) DEFAULT NULL,
  PRIMARY KEY (`name`)
) ENGINE=InnoDB DEFAULT CHARSET=utf8 COLLATE=utf8_unicode_ci;

--
-- Дамп данных таблицы `auth_rule`
--

INSERT INTO `auth_rule` (`name`, `data`, `created_at`, `updated_at`) VALUES
('isAuthor', 'O:19:"app\\rbac\\AuthorRule":3:{s:4:"name";s:8:"isAuthor";s:9:"createdAt";i:1466665166;s:9:"updatedAt";i:1466665166;}', 1466665166, 1466665166),
('isAuthorManyToMany', 'O:29:"app\\rbac\\AuthorManyToManyRule":3:{s:4:"name";s:18:"isAuthorManyToMany";s:9:"createdAt";i:1467467624;s:9:"updatedAt";i:1467467624;}', 1467467624, 1467467624),
('isItself', 'O:19:"app\\rbac\\ItselfRule":3:{s:4:"name";s:8:"isItself";s:9:"createdAt";i:1467465859;s:9:"updatedAt";i:1467465859;}', 1467465859, 1467465859);

-- --------------------------------------------------------

--
-- Структура таблицы `contact_form_setting`
--

CREATE TABLE IF NOT EXISTS `contact_form_setting` (
  `id` int(11) NOT NULL AUTO_INCREMENT,
  `to` varchar(255) NOT NULL,
  `from` varchar(255) NOT NULL,
  `subject` varchar(255) NOT NULL,
  `body` text NOT NULL,
  PRIMARY KEY (`id`)
) ENGINE=InnoDB  DEFAULT CHARSET=utf8 AUTO_INCREMENT=2 ;

--
-- Дамп данных таблицы `contact_form_setting`
--

INSERT INTO `contact_form_setting` (`id`, `to`, `from`, `subject`, `body`) VALUES
(1, 'artemkramov@gmail.com', 'shop@jenadin.com.ua', 'Данные с контактной формы', '<p>From: [CONTACT_FORM_NAME]&nbsp;&lt;[CONTACT_FORM_EMAIL]&gt;</p>\r\n<p>&nbsp;</p>\r\n<p>Message body:</p>\r\n<p>[CONTACT_FORM_MESSAGE]</p>');

-- --------------------------------------------------------

--
-- Структура таблицы `country`
--

CREATE TABLE IF NOT EXISTS `country` (
  `id` int(11) NOT NULL AUTO_INCREMENT,
  `title_ru` varchar(60) DEFAULT NULL,
  `title_ua` varchar(60) DEFAULT NULL,
  `title_be` varchar(60) DEFAULT NULL,
  `title_en` varchar(60) DEFAULT NULL,
  `title_es` varchar(60) DEFAULT NULL,
  `title_pt` varchar(60) DEFAULT NULL,
  `title_de` varchar(60) DEFAULT NULL,
  `title_fr` varchar(60) DEFAULT NULL,
  `title_it` varchar(60) DEFAULT NULL,
  `title_pl` varchar(60) DEFAULT NULL,
  `title_ja` varchar(60) DEFAULT NULL,
  `title_lt` varchar(60) DEFAULT NULL,
  `title_lv` varchar(60) DEFAULT NULL,
  `title_cz` varchar(60) DEFAULT NULL,
  `iso` varchar(2) NOT NULL,
  `currency_id` int(11) NOT NULL,
  PRIMARY KEY (`id`),
  KEY `currency_id` (`currency_id`)
) ENGINE=InnoDB  DEFAULT CHARSET=utf8 AUTO_INCREMENT=236 ;

--
-- Дамп данных таблицы `country`
--

INSERT INTO `country` (`id`, `title_ru`, `title_ua`, `title_be`, `title_en`, `title_es`, `title_pt`, `title_de`, `title_fr`, `title_it`, `title_pl`, `title_ja`, `title_lt`, `title_lv`, `title_cz`, `iso`, `currency_id`) VALUES
(1, 'Украина', 'Україна', 'Украіна', 'Ukraine', 'Ucrania', 'Ucrânia', 'Ukraine', 'Ukraine', 'Ucraina', 'Ukraina', 'ウクライナ', 'Ukraina', 'Ukraina', 'Ukrajina', 'ua', 1),
(2, 'Россия', 'Росiя', 'Расея', 'Russia', 'Rusia', 'Rússia', 'Russland', 'Russie', 'Russia', 'Rosja', 'ロシア', 'Rusija', 'Krievija', 'Rusko', 'ru', 2),
(3, 'Беларусь', 'Бiлорусь', 'Беларусь', 'Belarus', 'Bielorrusia', 'Bielorrússia', 'Weißrussland', 'Belorus', 'Bielorussia', 'Białoruś', 'ベラルーシ', 'Baltarusija', 'Baltkrievija', 'Bělorusko', 'by', 2),
(4, 'Казахстан', 'Казахстан', 'Казахстан', 'Kazakhstan', 'Kazajistán', 'Cazaquistão', 'Kasachstan', 'Kazakhstan', 'Kazakistan', 'Kazachstan', 'カザフスタン', 'Kazachstanas', 'Kazahstāna', 'Kazachstán', 'kz', 2),
(5, 'Азербайджан', 'Азербайджан', 'Азэрбайджан', 'Azerbaijan', 'Azerbaiyán', 'Azerbaijão', 'Aserbaidschan', 'Azerbaïdjan', 'Azerbaijan', 'Azerbejdżan', 'アゼルバイジャン', 'Azerbaidžanas', 'Azerbaidžāna', 'Ázerbajdžán', 'az', 2),
(6, 'Армения', 'Вiрменiя', 'Арменія', 'Armenia', 'Armenia', 'Arménia', 'Armenien', 'Arménie', 'Armenia', 'Armenia', 'アルメニア', 'Armėnija', 'Armēnija', 'Arménie', 'am', 2),
(7, 'Грузия', 'Грузiя', 'Грузія', 'Georgia', 'Georgia', 'Geórgia', 'Georgien', 'Géorgie', 'Georgia', 'Gruzja', 'グルジア', 'Gruzija', 'Gruzija', 'Gruzie', 'ge', 2),
(8, 'Израиль', 'Iзраїль', 'Ізраіль', 'Israel', 'Israel', 'Israel', 'Israel', 'Israël', 'Israele', 'Izrael', 'イスラエル', 'Izraelis', 'Izraela', 'Izrael', 'il', 2),
(9, 'США', 'США', 'ЗША', 'USA', 'EE.UU.', 'EUA', 'USA', 'USA', 'Stati Uniti', 'USA', 'アメリカ合衆国', 'JAV', 'ASV', 'USA', 'us', 2),
(10, 'Канада', 'Канада', 'Канада', 'Canada', 'Canadá', 'Canadá', 'Kanada', 'Canada', 'Canada', 'Kanada', 'カナダ', 'Kanada', 'Kanāda', 'Kanada', 'ca', 2),
(11, 'Кыргызстан', 'Киргизстан', 'Кыргызтан', 'Kyrgyzstan', 'Kirguistán', 'Quirguistão', 'Kirgisistan', 'Kirghizstan', 'Kyrgyzstan', 'Kirgistan', 'キルギスタン', 'Kirgizija', 'Kirgizstāna', 'Kyrgyzstán', 'kg', 2),
(12, 'Латвия', 'Латвiя', 'Латвія', 'Latvia', 'Letonia', 'Letónia', 'Lettland', 'Lettonie', 'Lettonia', 'Łotwa', 'ラトヴィア', 'Latvija', 'Latvija', 'Lotyšsko', 'lv', 2),
(13, 'Литва', 'Литва', 'Летува', 'Lithuania', 'Lituania', 'Lituânia', 'Litauen', 'Lituanie', 'Lituania', 'Litwa', 'リトアニア', 'Lietuva', 'Lietuva', 'Litva', 'lt', 2),
(14, 'Эстония', 'Естонiя', 'Эстонія', 'Estonia', 'Estonia', 'Estónia', 'Estland', 'Estonie', 'Estonia', 'Estonia', 'エストニア', 'Estija', 'Igaunija', 'Estonsko', 'ee', 2),
(15, 'Молдова', 'Молдова', 'Малдова', 'Moldova', 'Moldavia', 'Moldávia', 'Moldavien', 'Moldavie', 'Moldavia', 'Mołdawia', 'モルドバ', 'Moldova', 'Moldova', 'Moldavsko', 'md', 2),
(16, 'Таджикистан', 'Таджикистан', 'Таджыкістан', 'Tajikistan', 'Tadjikistán', 'Tadjiquistão', 'Tadschikistan', 'Tadjikistan', 'Tajikistan', 'Tadżykistan', 'タジキスタン', 'Tadžikistanas', 'Tadžikistāna', 'Tádžikistán', 'tj', 2),
(17, 'Туркменистан', 'Туркменістан', 'Туркмэністан', 'Turkmenistan', 'Turkmenistán', 'Turquemenistão', 'Turkmenistan', 'Turkménistan', 'Turkmenistan', 'Turkmenistan', 'トルクメニスタン', 'Turkmėnistanas', 'Turkmenistāna', 'Turkmenistán', 'tm', 2),
(18, 'Узбекистан', 'Узбекистан', 'Узбэкістан', 'Uzbekistan', 'Uzbekistán', 'Uzbequistão', 'Usbekistan', 'Ouzbékistan', 'Uzbekistan', 'Uzbekistan', 'ウズベキスタン', 'Uzbekistanas', 'Uzbekistāna', 'Uzbekistán', 'uz', 2),
(19, 'Австралия', 'Австралiя', 'Аўстралія', 'Australia', 'Australia', 'Austrália', 'Australien', 'Australie', 'Australia', 'Australia', 'オーストラリア', 'Australija', 'Austrālija', 'Austrálie', 'au', 2),
(20, 'Австрия', 'Австрiя', 'Аўстрыя', 'Austria', 'Austria', 'Áustria', 'Österreich', 'Autriche', 'Austria', 'Austria', 'オーストリア', 'Austrija', 'Austrija', 'Rakousko', 'at', 2),
(21, 'Албания', 'Албанiя', 'Альбанія', 'Albania', 'Albania', 'Albânia', 'Albanien', 'Albanie', 'Albania', 'Albania', 'アルバニア', 'Albanija', 'Albānija', 'Albánie', 'al', 2),
(22, 'Алжир', 'Алжир', 'Альжыр', 'Algeria', 'Argelia', 'Argélia', 'Algerien', 'Algérie', 'Algeria', 'Algeria', 'アルジェリア', 'Alžyras', 'Alžīrija', 'Alžírsko', 'dz', 2),
(23, 'Американское Самоа', 'Американське Самоа', 'Амэрыканскае Самоа', 'American Samoa', 'Samoa Americana', 'Samoa Americana', 'Amerikanisch Samoa', 'Samoa américaines', 'Samoa Americana', 'Samoa Amerykańskie', 'アメリカ領サモア', 'Amerikos Samoa', 'Amerikas Samoa', 'Americká Samoa', 'ds', 2),
(24, 'Ангилья', 'Ангілья', 'Анґілья', 'Anguilla', 'Anguilla', 'Anguilla', 'Anguilla', 'Anguilla', 'Anguilla', 'Anguilla', 'アンギラ', 'Angilija', 'Angilja', 'Anguilla', 'ai', 2),
(25, 'Ангола', 'Ангола', 'Ангола', 'Angola', 'Angola', 'Angola', 'Angola', 'Angola', 'Angola', 'Angola', 'アンゴラ', 'Angola', 'Angola', 'Angola', 'ao', 2),
(26, 'Андорра', 'Андорра', 'Андора', 'Andorra', 'Andorra', 'Andorra', 'Andorra', 'Andorre', 'Andorra', 'Andorra', 'アンドラ', 'Andora', 'Andora', 'Andorra', 'ad', 2),
(27, 'Антигуа и Барбуда', 'Антiгуа i Барбуда', 'Антыгуа і Барбуда', 'Antigua and Barbuda', 'Antigua y Barbuda', 'Antígua e Barbuda', 'Antigua und Barbuda', 'Antigua et Barbuda', 'Antigua e Barbuda', 'Antigua i Barbuda', 'アンティグア・バーブーダ', 'Antikva ir Barbuda', 'Antigva un Barbuda', 'Antigua a Barbuda', 'ag', 2),
(28, 'Аргентина', 'Аргентина', 'Аргентына', 'Argentina', 'Argentina', 'Argentina', 'Argentinien', 'Argentine', 'Argentina', 'Argentyna', 'アルゼンチン', 'Argentina', 'Argentīna', 'Argentina', 'ar', 2),
(29, 'Аруба', 'Аруба', 'Аруба', 'Aruba', 'Aruba', 'Aruba', 'Aruba', 'Aruba', 'Aruba', 'Aruba', 'アルバ', 'Aruba', 'Aruba', 'Aruba', 'aw', 2),
(30, 'Афганистан', 'Афганiстан', 'Аўганістан', 'Afghanistan', 'Afganistán', 'Afeganistão', 'Afghanistan', 'Afghanistan', 'Afghanistan', 'Afganistan', 'アフガニスタン', 'Afganistanas', 'Afganistāna', 'Afghánistán', 'af', 2),
(31, 'Багамы', 'Багами', 'Багамы', 'Bahamas', 'Bahamas', 'Bahamas', 'Bahamas', 'Bahamas', 'Bahamas', 'Bahama', 'バハマ', 'Bahamai', 'Bahamu salas', 'Bahamy', 'bs', 2),
(32, 'Бангладеш', 'Бангладеш', 'Бангладэш', 'Bangladesh', 'Bangladesh', 'Bangladesh', 'Bangladesch', 'Bengladesh', 'Bangladesh', 'Bangladesz', 'バングラディシュ', 'Bangladešas', 'Bangladeša', 'Bangladéš', 'bd', 2),
(33, 'Барбадос', 'Барбадос', 'Барбадос', 'Barbados', 'Barbados', 'Barbados', 'Barbados', 'Barbades', 'Barbados', 'Barbados', 'バルバドス', 'Barbadosas', 'Barbadosa', 'Barbados', 'bb', 2),
(34, 'Бахрейн', 'Бахрейн', 'Бахрэйн', 'Bahrain', 'Bahréin', 'Bahrein', 'Bahrain', 'Bahreïn', 'Bahrain', 'Bahrain', 'バーレーン', 'Bahreinas', 'Bahreina', 'Bahrajn', 'bh', 2),
(35, 'Белиз', 'Белiз', 'Бэліз', 'Belize', 'Belice', 'Belize', 'Belize', 'Bélize', 'Belize', 'Belize', 'ベリーズ', 'Belizas', 'Belīza', 'Belize', 'bz', 2),
(36, 'Бельгия', 'Бельгiя', 'Бэльгія', 'Belgium', 'Bélgica', 'Bélgica', 'Belgien', 'Belgique', 'Belgio', 'Belgia', 'ベルギー', 'Belgija', 'Beļģija', 'Belgie', 'be', 2),
(37, 'Бенин', 'Бенiн', 'Бэнін', 'Benin', 'Benín', 'Benin', 'Benin', 'Bénin', 'Benin', 'Benin', 'ベナン', 'Beninas', 'Benīna', 'Benin', 'bj', 2),
(38, 'Бермуды', 'Бермуди', 'Бэрмуды', 'Bermuda', 'Bermudas', 'Bermudas', 'Bermudas', 'Bermudes', 'Bermuda', 'Bermudy', 'バミューダ', 'Bermudai', 'Bermudu salas', 'Bermudské ostrovy', 'bm', 2),
(39, 'Болгария', 'Болгарiя', 'Баўгарыя', 'Bulgaria', 'Bulgaria', 'Bulgária', 'Bulgarien', 'Bulgarie', 'Bulgaria', 'Bułgaria', 'ブルガリア', 'Bulgarija', 'Bulgārija', 'Bulharsko', 'bg', 2),
(40, 'Боливия', 'Болiвiя', 'Балівія', 'Bolivia', 'Bolivia', 'Bolívia', 'Bolivien', 'Bolivie', 'Bolivia', 'Boliwia', 'ボリビア', 'Bolivija', 'Bolīvija', 'Bolívie', 'bo', 2),
(41, 'Босния и Герцеговина', 'Боснiя i Герцеговина', 'Босьнія й Герцаґавіна', 'Bosnia and Herzegovina', 'Bosnia y Herzegovina', 'Bósnia e Herzegovina', 'Bosnien-Herzegowina', 'Bosnie Herzégovine', 'Bosnia Herzegovina', 'Bośnia and Herzegowina', 'ボスニア・ヘルツェゴビナ', 'Bosnija ir Hercegovina', 'Bosnija un Hercogovīna', 'Bosna a Hercegovina', 'ba', 2),
(42, 'Ботсвана', 'Ботсвана', 'Батсвана', 'Botswana', 'Botswana', 'Botswana', 'Botswana', 'Botswana', 'Botswana', 'Botswana', 'ボツワナ', 'Botsvana', 'Botstvana', 'Botswana', 'bw', 2),
(43, 'Бразилия', 'Бразилiя', 'Бразылія', 'Brazil', 'Brasil', 'Brasil', 'Brasilien', 'Brésil', 'Brasile', 'Brazylia', 'ブラジル', 'Brazilija', 'Brazīlija', 'Brazílie', 'br', 2),
(44, 'Бруней-Даруссалам', 'Бруней-Дарусалам', 'Брунэй-Дарусалам', 'Brunei Darussalam', 'Brunéi', 'Brunei Darussalam', 'Brunei Darussalam', 'Bruneï', 'Brunei Darussalam', 'Brunei', 'ブルネイ・ダルサラーム', 'Brunėjaus Dar Es Salamas', 'Bruneja', 'Brunej', 'bn', 2),
(45, 'Буркина-Фасо', 'Буркина-Фасо', 'Буркіна-Фасо', 'Burkina Faso', 'Burkina Faso', 'Burkina Faso', 'Burkina Faso', 'Burkina Faso', 'Burkina Faso', 'Burkina Faso', 'ブルキナファソ', 'Burkina Faso', 'Burkinafaso', 'Burkina Faso', 'bf', 2),
(46, 'Бурунди', 'Бурундi', 'Бурундзі', 'Burundi', 'Burundi', 'Burundi', 'Burundi', 'Burundi', 'Burundi', 'Burundi', 'ブルンジ', 'Burundis', 'Burundi', 'Burundi', 'bi', 2),
(47, 'Бутан', 'Бутан', 'Бутан', 'Bhutan', 'Bután', 'Butão', 'Bhutan', 'Bouthan', 'Bhutan', 'Bhutan', 'ブータン', 'Butanas', 'Butāna', 'Bhútán', 'bt', 2),
(48, 'Вануату', 'Вануату', 'Вануату', 'Vanuatu', 'Vanuatu', 'Vanuatu', 'Vanuatu', 'Vanuatu', 'Vanuatu', 'Vanuatu', 'バヌアツ', 'Vanuatu', 'Vanuatu', 'Vanuatu', 'vu', 2),
(49, 'Великобритания', 'Великобританiя', 'Вялікабрытанія', 'United Kingdom', 'Gran Bretaña', 'Reino Unido', 'Großbritannien', 'Grande-Bretagne', 'Regno Unito', 'Wielka Brytania', 'イギリス', 'Didžioji Britanija', 'Apvienotā Karaliste', 'Velká Británie', 'gb', 2),
(50, 'Венгрия', 'Угорщина', 'Вугоршчына', 'Hungary', 'Hungría', 'Hungria', 'Ungarn', 'Hongrie', 'Ungheria', 'Węgry', 'ハンガリー', 'Vengrija', 'Ungārija', 'Maďarsko', 'hu', 2),
(51, 'Венесуэла', 'Венесуела', 'Вэнэсуэла', 'Venezuela', 'Venezuela', 'Venezuela', 'Venezuela', 'Vénézuela', 'Venezuela', 'Wenezuela', 'ベネズエラ', 'Venesuela', 'Venesuela', 'Venezuela', 've', 2),
(52, 'Виргинские острова, Британские', 'Вiргiнськi острови, Британськi', 'Віргінскія выспы, Брытанскія', 'British Virgin Islands', 'Islas Vírgenes Británicas', 'Ilhas Virgens Britânicas', 'Britische Jungferninseln', 'Iles Vierges Britanniques', 'Isole Virgin Britanniche', 'Brytyjskie Wyspy Dziewicze', 'イギリス領ヴァージン諸島', 'Mergelių salos, Didžioji Britanija', 'Virdžīnijas salas, Apvienotā Karaliste', 'Britské Panenské ostrovy', 'vg', 2),
(53, 'Виргинские острова, США', 'Вiргiнськi острови, США', 'Віргінскія выспы, ЗША', 'US Virgin Islands', 'Islas Virginia (EE.UU.)', 'Ilhas Virgens Americanas', 'US Jungferninseln', 'Iles Vierges Américaines', 'Isole Virgin degli Stati Uniti', 'Amerykańskie Wyspy Dziewicze', 'アメリカ領ヴァージン諸島', 'Mergelių salos, JAV', 'Virdžīnijas salas, ASV', 'Americké Panenské ostrovy', 'vi', 2),
(54, 'Восточный Тимор', 'Схiдний Тимор', 'Усходні Тымор', 'East Timor', 'Timor Oriental', 'Timor-Leste', 'Ost Timor', 'Timor oriental', 'Timor Est', 'Wschodni Timor', '東ティモール', 'Rytų Timoras', 'Austrumu Timora', 'Východní Timor', 'tp', 2),
(55, 'Вьетнам', 'В''єтнам', 'Віетнам', 'Vietnam', 'Vietnam', 'Vietname', 'Vietnam', 'Vietnam', 'Vietnam', 'Wietnam', 'ヴェトナム', 'Vietnamas', 'Vjetnama', 'Vietnam', 'vn', 2),
(56, 'Габон', 'Габон', 'Габон', 'Gabon', 'Gabón', 'Gabão', 'Gabon', 'Gabon', 'Gabon', 'Gabon', 'ガボン', 'Gabonas', 'Gabona', 'Gabon', 'ga', 2),
(57, 'Гаити', 'Гаїтi', 'Гаіці', 'Haiti', 'Haití', 'Haiti', 'Haiti', 'Haïti', 'Haiti', 'Haiti', 'ハイチ', 'Haitis', 'Haiti', 'Haiti', 'ht', 2),
(58, 'Гайана', 'Гайана', 'Гаяна', 'Guyana', 'Guyana', 'Guiana', 'Guyana', 'Guyana', 'Guyana', 'Gujana', 'ガイアナ', 'Gajana', 'Gajana', 'Guyana', 'gy', 2),
(59, 'Гамбия', 'Гамбiя', 'Гамбія', 'Gambia', 'Gambia', 'Gâmbia', 'Gambia', 'Gambie', 'Gambia', 'Gambia', 'ガンビア', 'Gambija', 'Gambija', 'Gambie', 'gm', 2),
(60, 'Гана', 'Гана', 'Гана', 'Ghana', 'Ghana', 'Gana', 'Ghana', 'Ghana', 'Ghana', 'Ghana', 'ガーナ', 'Gana', 'Gana', 'Ghana', 'gh', 2),
(61, 'Гваделупа', 'Гваделупа', 'Ґўадэлюпа', 'Guadeloupe', 'Guadalupe (Francia)', 'Guadalupe', 'Guadeloupe', 'Guadeloupe', 'Guadeloupe', 'Guadeloupa', 'グアドループ', 'Gvadelupa', 'Gvadelupa', 'Guadeloupe', 'gp', 2),
(62, 'Гватемала', 'Гватемала', 'Гватэмала', 'Guatemala', 'Guatemala', 'Guatemala', 'Guatemala', 'Guatemala', 'Guatemala', 'Guatemala', 'グアテマラ', 'Gvatemala', 'Gvatemala', 'Guatemala', 'gt', 2),
(63, 'Гвинея', 'Гвiнея', 'Гвінэя', 'Guinea', 'Guinea', 'Guiné', 'Guinea', 'Guinée', 'Guinea', 'Gwinea', 'ギニア', 'Gvinėja', 'Gvineja', 'Guinea', 'gn', 2),
(64, 'Гвинея-Бисау', 'Гвiнея-Бiсау', 'Гвінэя-Бісава', 'Guinea-Bissau', 'Guinea-Bissau', 'Guiné-Bissau', 'Guinea-Bissau', 'Guinée Bissau', 'Guinea-Bissau', 'Gwinea-Bissau', 'ギニア・ビサウ', 'Gvinėja Bisau', 'Gvineja-Bisava', 'Guinea-Bissau', 'gw', 2),
(65, 'Германия', 'Нiмеччина', 'Нямеччына', 'Germany', 'Alemania', 'Alemanha', 'Deutschland', 'Allemagne', 'Germania', 'Niemcy', 'ドイツ', 'Vokietija', 'Vācija', 'Německo', 'de', 2),
(66, 'Гибралтар', 'Гiбралтар', 'Гібралтар', 'Gibraltar', 'Gibraltar', 'Gibraltar', 'Gibraltar', 'Gibraltar', 'Gibilterra', 'Gibraltar', 'ジブラルタル', 'Gibraltaras', 'Gibraltāra', 'Gibraltar', 'gi', 2),
(67, 'Гондурас', 'Гондурас', 'Гандурас', 'Honduras', 'Honduras', 'Gordura', 'Honduras', 'Honduras', 'Honduras', 'Honduras', 'ホンジュラス', 'Hondūras', 'Gondurasa', 'Honduras', 'hn', 2),
(68, 'Гонконг', 'Гонконг', 'Ганконг', 'Hong Kong', 'Hong Kong', 'Hong Kong', 'Hong Kong', 'Hong Kong', 'Hong Kong', 'Hong Kong', '香港', 'Honkongas', 'Gonkonga', 'Hongkong', 'hk', 2),
(69, 'Гренада', 'Гренада', 'Грэнада', 'Grenada', 'Granada', 'Granada', 'Grenada', 'Grenade', 'Grenada', 'Grenada', 'グレナダ', 'Grenada', 'Granāda', 'Grenada', 'gd', 2),
(70, 'Гренландия', 'Гренландiя', 'Грэнляндыя', 'Greenland', 'Groenlandia', 'Gronelândia<br>', 'Grönland', 'Groenland', 'Groenlandia', 'Grenlandia', 'グリーンランド', 'Grenlandija', 'Grenlande', 'Grónsko', 'gl', 2),
(71, 'Греция', 'Грецiя', 'Грэцыя', 'Greece', 'Grecia', 'Grécia', 'Griechenland', 'Grèce', 'Grecia', 'Grecja', 'ギリシャ', 'Graikija', 'Grieķija', 'Řecko', 'gr', 2),
(72, 'Гуам', 'Гуам', 'Гуам', 'Guam', 'Guam', 'Guam', 'Guam', 'Guam', 'Guam', 'Guam', 'グアム', 'Guamas', 'Guama', 'Guam', 'gu', 2),
(73, 'Дания', 'Данiя', 'Данія', 'Denmark', 'Dinamarca', 'Dinamarca', 'Dänemark', 'Danemark', 'Danimarca', 'Dania', 'デンマーク', 'Danija', 'Dānija', 'Dánsko', 'dk', 2),
(74, 'Доминика', 'Домiнiка', 'Дамініка', 'Dominica', 'Dominica', 'Dominica', 'Dominica', 'Dominique', 'Dominica', 'Dominika', 'ドミニカ', 'Dominika', 'Dominika', 'Dominika', 'dm', 2),
(75, 'Доминиканская Республика', 'Домiнiканська Республiка', 'Дамініканская Рэспубліка', 'Dominican Republic', 'República Dominicana', 'República Dominicana', 'Dominikanische Republik', 'République dominicaine', 'Repubblica Domenicana', 'Dominikana', 'ドミニカ共和国', 'Dominikos Respublika', 'Dominikānas Republika', 'Dominikánská republika', 'do', 2),
(76, 'Египет', 'Єгипет', 'Эгіпэт', 'Egypt', 'Egipto', 'Egito', 'Ägypten', 'Egypte', 'Egitto', 'Egipt', 'エジプト', 'Egiptas', 'Ēģipte', 'Egypt', 'eg', 2),
(77, 'Замбия', 'Замбiя', 'Замбія', 'Zambia', 'Zambia', 'Zâmbia', 'Sambia', 'Zambie', 'Egitto', 'Zambia', 'ザンビア', 'Zambija', 'Zambija', 'Zambie', 'zm', 2),
(78, 'Западная Сахара', 'Захiдна Сахара', 'Заходняя Сахара', 'Western Sahara', 'Sáhara Occidental', 'Saara Ocidental', 'Westsahara', 'Sahara occidental', 'Sahara Occidentale', 'Sahara Zachodnia', '西サハラ', 'Vakarų Sachara', 'Rietumsahāra', 'Západní Sahara', 'eh', 2),
(79, 'Зимбабве', 'Зiмбабве', 'Зімбабвэ', 'Zimbabwe', 'Zimbabue', 'Zimbabwe', 'Simbabwe', 'Zimbabwe', 'Zimbabwe', 'Zimbabwe', 'ジンバブエ', 'Zimbabvė', 'Zimbabve', 'Zimbabwe', 'zw', 2),
(80, 'Индия', 'Iндiя', 'Індыя', 'India', 'India', 'Índia', 'Indien', 'Inde', 'India', 'Indie', 'インド', 'Indija', 'Indija', 'Indie', 'in', 2),
(81, 'Индонезия', 'Iндонезiя', 'Інданэзія', 'Indonesia', 'Indonesia', 'Indonésia', 'Indonesien', 'Indonésie', 'Indonesia', 'Indonezja', 'インドネシア', 'Indonezija', 'Indonēzija', 'Indonésie', 'id', 2),
(82, 'Иордания', 'Йорданiя', 'Іярданія', 'Jordan', 'Jordania', 'Jordânia', 'Jordanien', 'Jordanie', 'Giordania', 'Jordania', 'ヨルダン', 'Jordanija', 'Jordānija', 'Jordánsko', 'jo', 2),
(83, 'Ирак', 'Iрак', 'Ірак', 'Iraq', 'Irak', 'Iraque', 'Irak', 'Irak', 'Iraq', 'Irak', 'イラク', 'Irakas', 'Irāka', 'Irák', 'iq', 2),
(84, 'Иран', 'Iран', 'Іран', 'Iran', 'Irán', 'Irão', 'Iran', 'Iran', 'Iran', 'Iran', 'イラン', 'Iranas', 'Irāna', 'Írán', '', 2),
(85, 'Ирландия', 'Iрландiя', 'Ірляндыя', 'Ireland', 'Irlanda', 'Irlanda', 'Irland', 'Irlande', 'Irlanda', 'Irlandia', 'アイルランド', 'Airija', 'Īrija', 'Irsko', 'ie', 2),
(86, 'Исландия', 'Iсландiя', 'Ісьляндыя', 'Iceland', 'Islandia', 'Islândia', 'Island', 'Islande', 'Islanda', 'Islandia', 'アイスランド', 'Islandija', 'Īslande', 'Island', 'is', 2),
(87, 'Испания', 'Iспанiя', 'Гішпанія', 'Spain', 'España', 'Espanha', 'Spanien', 'Espagne', 'Spagna', 'Hiszpania', 'スペイン', 'Ispanija', 'Spānija', 'Španělsko', 'es', 2),
(88, 'Италия', 'Iталiя', 'Італія', 'Italy', 'Italia', 'Itália', 'Italien', 'Italie', 'Italia', 'Włochy', 'イタリア', 'Italija', 'Itālija', 'Itálie', 'it', 2),
(89, 'Йемен', 'Йемен', 'Емэн', 'Yemen', 'Yemen', 'Iémen', 'Jemen', 'Yémen', 'Yemen', 'Jemen', 'イエメン', 'Jemenas', 'Jemena', 'Jemen', 'ye', 2),
(90, 'Кабо-Верде', 'Кабо-Верде', 'Каба-Вэрдэ', 'Cape Verde', 'Cabo Verde', 'Cabo Verde', 'Kap Verde', 'Cap Vert', 'Cabo Verde', 'Cape Verde', 'カーボベルデ', 'Žaliasis Kyšulys', 'Kaboverde', 'Kapverdy', 'cv', 2),
(91, 'Камбоджа', 'Камбоджа', 'Камбоджа', 'Cambodia', 'Camboya', 'Camboja', 'Kambodscha', 'Cambodge', 'Cambogia', 'Kambodża', 'カンボジア', 'Kambodža', 'Kambodža', 'Kambodža', 'kh', 2),
(92, 'Камерун', 'Камерун', 'Камэрун', 'Cameroon', 'Camerún', 'Camarões', 'Kamerun', 'Cameroun', 'Camerun', 'Kamerun', 'カメルーン', 'Kamerūnas', 'Kameruna', 'Kamerun', 'cm', 2),
(93, 'Катар', 'Катар', 'Катар', 'Qatar', 'Qatar', 'Qatar', 'Katar', 'Qatar', 'Qatar', 'Katar', 'カタール', 'Kataras', 'Katāra', 'Katar', 'qa', 2),
(94, 'Кения', 'Кенiя', 'Кенія', 'Kenya', 'Kenia', 'Quénia', 'Kenia', 'Kenya', 'Kenia', 'Kenia', 'ケニア', 'Kenija', 'Kēnija', 'Keňa', 'ke', 2),
(95, 'Кипр', 'Кiпр', 'Кіпар', 'Cyprus', 'Chipre', 'Chipre', 'Zypern', 'Chypre', 'Cipro', 'Cypr', 'キプロス', 'Kipras', 'Kipra', 'Kypr', 'cy', 2),
(96, 'Кирибати', 'Кiрiбатi', 'Кірыбаты', 'Kiribati', 'Kiribati', 'Kiribati', 'Kiribati', 'Kiribati', 'Kiribati', 'Kiribati', 'キリバス', 'Kiribatis', 'Ķiribati', 'Kiribati', 'ki', 2),
(97, 'Китай', 'Китай', 'Кітай', 'China', 'China', 'China', 'China', 'Chine', 'Cina', 'Chiny', '中国', 'Kinija', 'Ķīna', 'Čína', 'cn', 2),
(98, 'Колумбия', 'Колумбiя', 'Калюмбія', 'Colombia', 'Colombia', 'Colômbia', 'Kolumbien', 'Colombie', 'Colombia', 'Kolumbia', 'コロンビア', 'Kolumbija', 'Kolumbija', 'Kolumbie', 'co', 2),
(99, 'Коморы', 'Комори', 'Каморы', 'Comoros', 'Comoras', 'Comores', 'Komoren', 'Comores', 'Comoros', 'Komory', 'コモロ諸島', 'Komorai', 'Komoru salas', 'Komory', 'km', 2),
(100, 'Конго', 'Конго', 'Конга', 'Congo', 'Congo', 'Congo', 'Kongo', 'Congo', 'Congo', 'Kongo', 'コンゴ', 'Kongas', 'Kongo', 'Kongo (Brazzaville)', 'cg', 2),
(101, 'Конго, демократическая республика', 'Конго, демократична республiка', 'Конга, дэмакратычная рэспубліка', 'Congo, Democratic Republic', 'República Democrática del Congo', 'República Democrática do Congo', 'Kongo, Demokratische Republik', 'République démocratique du Congo', 'Congo, Repubblica Democratica', 'Demokratyczna Republika Konga', 'コンゴ民主共和国', 'Kongo Demokratinė Respublika', 'Kongo Demokrātiskā Republika', 'Demokratická republika Kongo', 'cd', 2),
(102, 'Коста-Рика', 'Коста-Рiка', 'Коста-Рыка', 'Costa Rica', 'Costa Rica', 'Costa Rica', 'Costa Rica', 'Costa Rica', 'Costa Rica', 'Costa Rica', 'コスタリカ', 'Kosta Rika', 'Kostarika', 'Kostarika', 'cr', 2),
(103, 'Кот д`Ивуар', 'Кот-д''iвуар', 'Кот д`Івуар', 'Côte d`Ivoire', 'Costa de Marfil', 'Costa do Marfim', 'Elfenbeinküste', 'Côte d''Ivoire', 'Costa d''Avorio', 'Wybrzeże Kości Słoniowej', 'コートジボアール', 'Dramblio Kaulo Krantas', 'Kotdivuāra', 'Pobřeží slonoviny', 'ci', 2),
(104, 'Куба', 'Куба', 'Куба', 'Cuba', 'Cuba', 'Cuba', 'Kuba', 'Cuba', 'Cuba', 'Kuba', 'キューバ', 'Kuba', 'Kuba', 'Kuba', 'cu', 2),
(105, 'Кувейт', 'Кувейт', 'Кувэйт', 'Kuwait', 'Kuwait', 'Kuwait<br>', 'Kuwait', 'Koweït', 'Kuwait', 'Kuwejt', 'クウェート', 'Kuveitas', 'Kuveita', 'Kuvajt', 'kw', 2),
(106, 'Лаос', 'Лаос', 'Ляос', 'Laos', 'Laos', 'Laos', 'Laos', 'Laos', 'Laos', 'Laos', 'ラオス', 'Laosas', 'Laosa', 'Laos', 'la', 2),
(107, 'Лесото', 'Лесото', 'Лесота', 'Lesotho', 'Lesoto', 'Lesoto', 'Lesotho', 'Leshoto', 'Lesotho', 'Lesotho', 'レソト', 'Lesotas', 'Lesoto', 'Lesotho', 'ls', 2),
(108, 'Либерия', 'Лiберiя', 'Лібэрыя', 'Liberia', 'Liberia', 'Libéria', 'Liberia', 'Libéria', 'Liberia', 'Liberia', 'リベリア', 'Liberija', 'Libērija', 'Libérie', 'lr', 2),
(109, 'Ливан', 'Лiван', 'Лібан', 'Lebanon', 'Líbano', 'Líbano', 'Libanon', 'Liban', 'Libano', 'Liban', 'レバノン', 'Libanas', 'Livāna', 'Libanon', 'lb', 2),
(110, 'Ливия', 'Лiвiя', 'Лібія', 'Libya', 'Libia', 'Líbia', 'Libyen', 'Lybie', 'Libia', 'Libia', 'リビア', 'Libija ', 'Lībija', 'Lybie', 'ly', 2),
(111, 'Лихтенштейн', 'Лiхтенштейн', 'Ліхтэнштайн', 'Liechtenstein', 'Liechtenstein', 'Liechtenstein', 'Liechtenstein', 'Liechtenstein', 'Liechtenstein', 'Liechtenstein', 'リヒテンシュタイン', 'Lichtenšteinas', 'Lihtenšteina', 'Lichtenštejnsko', 'li', 2),
(112, 'Люксембург', 'Люксембург', 'Люксэмбург', 'Luxembourg', 'Luxemburgo', 'Luxemburgo', 'Luxemburg', 'Luxembourg', 'Lussemburgo', 'Luxembourg', 'ルクセンブルク', 'Liuksemburgas', 'Luksemburga', 'Lucembursko', 'lu', 2),
(113, 'Маврикий', 'Маврикiй', 'Маўрыцы', 'Mauritius', 'Mauricio', 'Maurícia', 'Mauritius', 'Maurice', 'Mauritius', 'Mauritius', 'モーリシャス', 'Mauricijus', 'Mavrikija', 'Mauricius', 'mu', 2),
(114, 'Мавритания', 'Мавританiя', 'Маўрытанія', 'Mauritania', 'Mauritania', 'Mauritânia', 'Mauretanien', 'Mauritanie', 'Mauritania', 'Mauretania', 'モーリタニア', 'Mauritanija', 'Mavritānija', 'Mauritánie', 'mr', 2),
(115, 'Мадагаскар', 'Мадагаскар', 'Мадагаскар', 'Madagascar', 'Madagascar', 'Madagáscar', 'Madagaskar', 'Madagascar', 'Madagascar', 'Madagaskar', 'マダガスカル', 'Madagaskaras', 'Madagaskāra', 'Madagaskar', 'mg', 2),
(116, 'Макао', 'Макао', 'Макаа', 'Macau', 'Macao', 'Macau', 'Macao', 'Macao', 'Macao', 'Makao', 'マカオ', 'Macao', 'Makao', 'Macao', 'mo', 2),
(117, 'Македония', 'Македонiя', 'Македонія', 'Macedonia', 'Macedonia', 'Macedónia', 'Mazedonien', 'Macédoine', 'Macedonia', 'Macedonia', 'マケドニア', 'Makedonija', 'Makedonija', 'Makedonie', 'mk', 2),
(118, 'Малави', 'Малавi', 'Малаві', 'Malawi', 'Malawi', 'Malawi', 'Malawi', 'Malawi', 'Malawi', 'Malawi', 'マラウィ', 'Malavis<br>', 'Malavi', 'Malawi', 'mw', 2),
(119, 'Малайзия', 'Малайзiя', 'Малайзія', 'Malaysia', 'Malasia', 'Malásia', 'Malaysia', 'Malaisie', 'Malesia', 'Malezja', 'マレーシア', 'Malaizija', 'Malaizija', 'Malajsie', 'my', 2),
(120, 'Мали', 'Малi', 'Малі', 'Mali', 'Mali', 'Mali', 'Mali', 'Mali', 'Mali', 'Mali', 'マリ', 'Malis', 'Mali', 'Mali', 'ml', 2),
(121, 'Мальдивы', 'Мальдiви', 'Мальдывы', 'Maldives', 'Maldivas', 'Maldivas', 'Malediven', 'Maldives', 'Maldive', 'Malediwy', 'モルジブ', 'Maldyvai', 'Maldīvas', 'Maledivy', 'mv', 2),
(122, 'Мальта', 'Мальта', 'Мальта', 'Malta', 'Malta', 'Malta', 'Malta', 'Malte', 'Malta', 'Malta', 'マルタ', 'Malta', 'Malta', 'Malta', 'mt', 2),
(123, 'Марокко', 'Марокко', 'Марока', 'Morocco', 'Marruecos', 'Marrocos', 'Marokko', 'Maroc', 'Marocco', 'Maroko', 'モロッコ', 'Marokas', 'Maroka', 'Maroko', 'ma', 2),
(124, 'Мартиника', 'Мартинiка', 'Мартыніка', 'Martinique', 'Martinica', 'Martinica', 'Martinique', 'Martinique', 'Martinique', 'Martynika', 'マルティニク', 'Martinika', 'Martinika', 'Martinik', 'mq', 2),
(125, 'Маршалловы Острова', 'Маршаловi острови', 'Маршалавыя Выспы', 'Marshall Islands', 'Islas Marshall', 'Ilhas Marshall', 'Marshallinseln', 'Iles Marshall', 'Isole Marshall', 'Wyspy Marshalla', 'マーシャル諸島', 'Maršalų salos', 'Maršalu salas', 'Marhallovy ostrovy', 'mh', 2),
(126, 'Мексика', 'Мексика', 'Мэксыка', 'Mexico', 'México', 'México', 'Mexiko', 'Mexique', 'Messico', 'Meksyk', 'メキシコ', 'Meksika', 'Meksika', 'Mexiko', 'mx', 2),
(127, 'Микронезия, федеративные штаты', 'Мiкронезiя, федеративнi штати', 'Мікранэзія, фэдэратыўныя штаты', 'Micronesia', 'Estados Federados de Micronesia', 'Micronésia', 'Mikronesien', 'Etats fédérés de Micronésie', 'Micronesia', 'Mikronezja', 'ミクロネシア連邦', 'Mikronezijos Federacinės Valstijos', 'Mikronēzija', 'Mikronésie', 'fm', 2),
(128, 'Мозамбик', 'Мозамбiк', 'Мазамбік', 'Mozambique', 'Mozambique', 'Moçambique', 'Mosambik', 'Mozambique', 'Mozambico', 'Mozambik', 'モザンビーク', 'Mozambikas', 'Mozambika', 'Mosambik', 'mz', 2),
(129, 'Монако', 'Монако', 'Манака', 'Monaco', 'Mónaco', 'Mónaco', 'Monaco', 'Monaco', 'Monaco', 'Monako', 'モナコ', 'Monakas', 'Monako', 'Monako', 'mc', 2),
(130, 'Монголия', 'Монголiя', 'Манголія', 'Mongolia', 'Mongolia', 'Mongólia', 'Mongolei', 'Mongolie', 'Mongolia', 'Mongolia', 'モンゴル', 'Mongolija', 'Mongolija', 'Mongolsko', 'mn', 2),
(131, 'Монтсеррат', 'Монтсеррат', 'Мантсэрат', 'Montserrat', 'Montserrat', 'Montserrat', 'Montserrat', 'Montserrat', 'Montserrat', 'Montserrat', 'モントセラト', 'Monseratas', 'Montserrata', 'Montserrat', 'ms', 2),
(132, 'Мьянма', 'М''янма', 'М''янма', 'Myanmar', 'Birmania', 'Mianmar', 'Myanmar', 'Birmanie', 'Myanmar', 'Birma', 'ミャンマー', 'Birma', 'Mjanma', 'Myanmar', 'mm', 2),
(133, 'Намибия', 'Намiбiя', 'Намібія', 'Namibia', 'Namibia', 'Namíbia', 'Namibia', 'Namibie', 'Namibia', 'Namibia', 'ナミビア', 'Namibija', 'Namībija', 'Namibie', 'na', 2),
(134, 'Науру', 'Науру', 'Навуру', 'Nauru', 'Nauru', 'Nauru', 'Nauru', 'Nauru', 'Nauru', 'Nauru', 'ナウル', 'Nauru', 'Nauru', 'Nauru', 'nr', 2),
(135, 'Непал', 'Непал', 'Нэпал', 'Nepal', 'Nepal', 'Nepal', 'Nepal', 'Népal', 'Nepal', 'Nepal', 'ネパール', 'Nepalas', 'Nepāla', 'Nepál', 'np', 2),
(136, 'Нигер', 'Нiгер', 'Нігер', 'Niger', 'Níger', 'Níger', 'Niger', 'Niger', 'Niger', 'Niger', 'ニジェール', 'Nigeris', 'Nigera', 'Niger', 'ne', 2),
(137, 'Нигерия', 'Нiгерiя', 'Нігерыя', 'Nigeria', 'Nigeria', 'Nigéria', 'Nigeria', 'Nigéria', 'Nigeria', 'Nigeria', 'ナイジェリア', 'Nigerija', 'Nigērija', 'Nigérie', 'ng', 2),
(138, 'Кюрасао', 'Кюрасао', 'Кюрасаа', 'Curaçao', 'Antillas Holandesas', 'Curaçao', 'Niederländische Antillen', 'Antilles Néerlandaises', 'Antille Olandesi', 'Curacao', 'キュラソー島', 'Kiurasao ', 'Nīderlandes Antilas', 'Curaçao', 'cw', 2),
(139, 'Нидерланды', 'Нiдерланди', 'Нідэрлянды', 'Netherlands', 'Holanda', 'Países Baixos', 'Niederlande', 'Pays-Bas', 'Olanda', 'Holandia', 'オランダ', 'Nyderlandai', 'Nīderlande', 'Nizozemsko', 'nl', 2),
(140, 'Никарагуа', 'Нiкарагуа', 'Нікарагуа', 'Nicaragua', 'Nicaragua', 'Nicarágua', 'Nicaragua', 'Nicaragua', 'Nicaragua', 'Nikaragua', 'ニカラグア', 'Nikaragva', 'Nikaragva', 'Nikaragua', 'ni', 2),
(141, 'Ниуэ', 'Нiуе', 'Нівуэ', 'Niue', 'Niue', 'Niue', 'Niue', 'Niue', 'Niue', 'Niue', 'ニウエ', 'Niue<br>', 'Niue', 'Niue', 'nu', 2),
(142, 'Новая Зеландия', 'Нова Зеландiя', 'Новая Зэляндыя', 'New Zealand', 'Nueva Zelanda', 'Nova Zelândia', 'Neuseeland', 'Nouvelle Zélande', 'Nuova Zelanda', 'Nowa Zelandia', 'ニュージーランド', 'Naujoji Zelandija', 'Jaunzelande', 'Nový Zéland', 'nz', 2),
(143, 'Новая Каледония', 'Нова Каледонiя', 'Новая Каледонія', 'New Caledonia', 'Nueva Caledonia', 'Nova Caledónia', 'Neukaledonien', 'Nouvelle Calédonie', 'Nuova Caledonia', 'Nowa Kaledonia', 'ニューカレドニア', 'Naujoji Kaledonija', 'Jaunkaledonija', 'Nová Kaledonie', 'nc', 2),
(144, 'Норвегия', 'Норвегiя', 'Нарвэгія', 'Norway', 'Noruega', 'Noruega', 'Norwegen', 'Norvège', 'Norvegia', 'Norwegia', 'ノルウェー', 'Norvegija', 'Norvēģija', 'Norsko', 'no', 2),
(145, 'Объединенные Арабские Эмираты', 'Об''єднанi Арабськi Емiрати', 'Аб''яднаныя Арабскія Эміраты', 'United Arab Emirates', 'Emiratos Árabes Unidos', 'Emirados Árabes Unidos', 'Vereinigte Arabische Emirate', 'Emirats Arabes Unis', 'Emirati Arabi Uniti', 'Zjednoczone Emiraty Arabskie', 'アラブ首長国連邦', 'Jungtiniai Arabų Emyratai', 'Apvienotie Arābu Emirati', 'Spojené arabské emiráty', 'ae', 2),
(146, 'Оман', 'Оман', 'Аман', 'Oman', 'Omán', 'Omã', 'Oman', 'Oman', 'Oman', 'Oman', 'オマーン', 'Omanas', 'Omāna', 'Omán', 'om', 2),
(147, 'Остров Мэн', 'Острiв Мен', 'Выспа Мэн', 'Isle of Man', 'Islas Man', 'Ilha de Man', 'Insel Man', 'Ile de Man', 'Isola di Man', 'Isle of Man', 'マン島', 'Meno sala', 'Mēna', 'Ostrov Man', 'im', 2),
(148, 'Остров Норфолк', 'Острiв Норфолк', 'Выспа Норфалк', 'Norfolk Island', 'Islas Norfolk', 'Ilha Norfolk', 'Norfolkinsel', 'Ile Norfolk', 'Isola di Norfolk', 'Wyspa Norfolk', 'ノーフォーク諸島', 'Norfolko sala', 'Norfolka', 'Ostrov Norfolk', 'nf', 2),
(149, 'Острова Кайман', 'Острови Кайман', 'Выспы Кайман', 'Cayman Islands', 'Islas Caimán', 'Ilhas Caimão', 'Kaimaninseln', 'Iles Caïman', 'Isole Cayman', 'Kajmany', 'ケイマン諸島', 'Kaimanų salos', 'Kaimana salas', 'Kajmanské ostrovy', 'ky', 2),
(150, 'Острова Кука', 'Острови Кука', 'Выспы Кука', 'Cook Islands', 'Islas Cook', 'Ilha Cook', 'Cook-Inseln', 'Iles Cook', 'Isole Cook', 'Wyspy Cooka', 'クック諸島', 'Kuko salos', 'Kūka salas', 'Cookovy ostrovy', 'ck', 2),
(151, 'Острова Теркс и Кайкос', 'Острови Теркс i Кайкос', 'Выспы Тэркс і Кайкос', 'Turks and Caicos Islands', 'Islas Turcas y Caicos', 'Ilhas Turcas e Caicos', 'Turks- und Caicos Inseln', 'Iles Turques et Caïques', 'Isole Turks e Caicos', 'Turks i Caicos', 'タークス・カイコス諸島', 'Terkso ir Kaikoso salos', 'Tērksas un Kaikosas', 'Ostrovy Turks a Caicos', 'tc', 2),
(152, 'Пакистан', 'Пакистан', 'Пакістан', 'Pakistan', 'Pakistán', 'Paquistão', 'Pakistan', 'Pakistan', 'Pakistan', 'Pakistan', 'パキスタン', 'Pakistanas', 'Pakistāna', 'Pákistán', 'pk', 2),
(153, 'Палау', 'Палау', 'Палаў', 'Palau', 'Palaos', 'Palau', 'Palau', 'Palaos', 'Palau', 'Palau', 'パラウ', 'Palau', 'Palava', 'Palau', 'pw', 2),
(154, 'Палестинская автономия', 'Палестинська автономiя', 'Палестынская аўтаномія', 'Palestine', 'Palestina', 'Autoridade Nacional Palestiniana', 'Palestina', 'Palestine', 'ANP', 'Palestyna', 'パレスティナ自治区', 'Palestinos teritorija', 'Palestīnas autonomija', 'Palestina', 'ps', 2),
(155, 'Панама', 'Панама', 'Панама', 'Panama', 'Panamá', 'Panamá', 'Panama', 'Panama', 'Panama', 'Panama', 'パナマ', 'Panama', 'Panama', 'Panama', 'pa', 2),
(156, 'Папуа - Новая Гвинея', 'Папуа - Нова Гвiнея', 'Папуа - Новая Ґвінэя', 'Papua New Guinea', 'Papúa Nueva Guinea', 'Papua-Nova Guiné', 'Papua-Neuguinea', 'Papouasie-Nouvelle Guinée', 'Papua Nuova Guinea', 'Papua Nowa Gwinea', 'パプア・ニューギニア', 'Papua - Naujoji Gvinėja', 'Papua Jaungvineja', 'Papua Nová Guinea', 'pg', 2),
(157, 'Парагвай', 'Парагвай', 'Параґвай', 'Paraguay', 'Paraguay', 'Paraguai', 'Paraguay', 'Paraguay', 'Paraguay', 'Paragwaj', 'パラグアイ', 'Paragvajus', 'Paragvaja', 'Paraguay', 'py', 2),
(158, 'Перу', 'Перу', 'Пэру', 'Peru', 'Perú', 'Peru', 'Peru', 'Pérou', 'Peru', 'Peru', 'ペルー', 'Peru', 'Peru', 'Peru', 'pe', 2),
(159, 'Питкерн', 'Пiткерн', 'Піткэрн', 'Pitcairn Islands', 'Islas Pitcairn', 'Ilhas Pitcairn', 'Pitcairn-Inseln', 'Iles Pitcairn', 'Isole Pitcairn', 'Wyspy Pitcairn', 'ピトケアン諸島', 'Pitkernas', 'Pitkerna', 'Pitcairnovy ostrovy', 'pn', 2),
(160, 'Польша', 'Польща', 'Польшча', 'Poland', 'Polonia', 'Polónia', 'Polen', 'Pologne', 'Polonia', 'Polska', 'ポーランド', 'Lenkija', 'Polija', 'Polsko', 'pl', 2),
(161, 'Португалия', 'Португалiя', 'Партугалія', 'Portugal', 'Portugal', 'Portugal', 'Portugal', 'Portugal', 'Portogallo', 'Portugalia', 'ポルトガル', 'Portugalija', 'Portugāle', 'Portugalsko', 'pt', 2),
(162, 'Пуэрто-Рико', 'Пуерто-Рiко', 'Пуэрта-Рыка', 'Puerto Rico', 'Puerto Rico', 'Porto Rico', 'Puerto Rico', 'Porto Rico', 'Puerto Rico', 'Puerto Rico', 'プエルトリコ', 'Puerto Rikas', 'Puerto Riko', 'Portoriko', 'pr', 2),
(163, 'Реюньон', 'Реюньон', 'Рэюньён', 'Réunion', 'Reunión', 'Réunion', 'Réunion', 'Réunion', 'Réunion', 'Réunion', 'レユニオン', 'Reunionas', 'Reinjona', 'Réunion', 're', 2),
(164, 'Руанда', 'Руанда', 'Руанда', 'Rwanda', 'Ruanda', 'Ruanda', 'Ruanda', 'Rwanda', 'Ruanda', 'Rwanda', 'ルアンダ', 'Ruanda', 'Ruanda', 'Rwanda', 'rw', 2),
(165, 'Румыния', 'Румунiя', 'Румынія', 'Romania', 'Rumanía', 'Roménia', 'Rumänien', 'Roumanie', 'Romania', 'Rumunia', 'ルーマニア', 'Rumunija', 'Rumānija', 'Rumunsko', 'ro', 2),
(166, 'Сальвадор', 'Сальвадор', 'Сальвадор', 'El Salvador', 'El Salvador', 'Salvador', 'El Salvador', 'Salvador', 'El Salvador', 'Salwador', 'サルバドール', 'Salvadoras', 'Salvadora', 'Salvador', 'sv', 2),
(167, 'Самоа', 'Самоа', 'Самоа', 'Samoa', 'Samoa', 'Samoa', 'Samoa', 'Samoa', 'Samoa', 'Samoa', 'サモア', 'Samoa', 'Samoa', 'Samoa', 'ws', 2),
(168, 'Сан-Марино', 'Сан-Марiно', 'Сан-Марына', 'San Marino', 'San Marino', 'San Marino', 'San Marino', 'Saint-Marin', 'San Marino', 'San Marino', 'サンマリノ', 'San Marinas', 'Sanmarino', 'San Marino', 'sm', 2),
(169, 'Сан-Томе и Принсипи', 'Сан-Томе i Прiнсiпi', 'Сан-Тамэ й Прынсыпі', 'São Tomé and Príncipe', 'Santo Tomé y Príncipe', 'São Tomé e Príncipe', 'São Tomé und Príncipe', 'Sao-Tomé et Principe', 'São Tomé e Príncipe', 'Wyspy São Tomé i Książęca', 'サントメ・プリンシペ', 'San Tomė ir Prinsipė', 'San Tome un Prinsipi', 'Svatý Tomáš a Princův ostrov', 'st', 2),
(170, 'Саудовская Аравия', 'Саудiвська Аравiя', 'Саудаўская Арабія', 'Saudi Arabia', 'Arabia Saudí', 'Arábia Saudita', 'Saudi Arabien', 'Arabie Saoudite', 'Arabia Saudita', 'Arabia Saudyjska', 'サウジアラビア', 'Saudo Arabija', 'Sauda Arābija', 'Saúdská Arábie', 'sa', 2),
(171, 'Свазиленд', 'Свазiленд', 'Свазылэнд', 'Swaziland', 'Suazilandia', 'Suazilândia', 'Swasiland', 'Swaziland', 'Swaziland', 'Swaziland', 'スワジランド', 'Svazilendas', 'Svazilenda', 'Svazijsko', 'sz', 2),
(172, 'Святая Елена', 'Святої Єлени', 'Сьвятая Алена', 'Saint Helena', 'Santa Helena', 'Santa Elena', 'St. Helena', 'Sainte Hélène', 'Sant''Elena', 'Wyspa Św. Heleny', 'セントヘレナ', 'ŠV. Elenos sala', 'Svētās Helēnas Sala', 'Svatá Helena', 'sh', 2),
(173, 'Северная Корея', 'Пiвнiчна Корея', 'Паўночная Карэя', 'North Korea', 'Corea del Norte', 'Coreia do Norte', 'Nordkorea', 'Corée du Nord', 'Corea del Nord', 'Korea Północna', '北朝鮮', 'Šiaurės Korėja', 'Ziemeļkoreja', 'Severní Korea', 'kp', 2),
(174, 'Северные Марианские острова', 'Пiвнiчнi Марiанськi острови', 'Паўночныя Марыянскія выспы', 'Northern Mariana Islands', 'Islas Marianas del Norte', 'Ilhas Marianas', 'Nördliche Marianen', 'Iles Mariannes du Nord', 'Isole Northern Mariana', 'Wyspy Północnej Mariany', '北マリアナ諸島', 'Šiaurės Marianų salos', 'Ziemeļu Marianas Salas', 'Mariánské ostrovy', 'mp', 2),
(175, 'Сейшелы', 'Сейшели', 'Сэйшэлы', 'Seychelles', 'Seychelles', 'Seicheles', 'Seychellen', 'Seychelles', 'Seychelles', 'Seszele', 'セイシェル', 'Seišeliai', 'Seišelu salas', 'Seychely', 'sc', 2),
(176, 'Сенегал', 'Сенегал', 'Сэнэгал', 'Senegal', 'Senegal', 'Senegal', 'Senegal', 'Sénégal', 'Senegal', 'Senegal', 'セネガル', 'Senegalas<br>', 'Senegāla', 'Senegal', 'sn', 2),
(177, 'Сент-Винсент', 'Сент-Вiнсент', 'Сэнт-Вінцэнт', 'Saint Vincent and the Grenadines', 'San Vicente', 'São Vicente', 'St. Vincent und die Grenadinen', 'Saint-Vincent', 'Saint Vincent e Grenadines', 'Saint Vincent i Grenadyny', 'セントビンセント', 'Sent Vincentas', 'Sentvinsenta', 'Svatý Vincent a Grenadiny', 'vc', 2),
(178, 'Сент-Китс и Невис', 'Сент-Китс i Невiс', 'Сэнт-Кітз і Нэвіс', 'Saint Kitts and Nevis', 'San Cristóbal y Nieves', 'São Cristóvão e Nevis', 'St. Kitts und Nevis', 'Saint-Christophe et Niévès', 'Saint Kitts e Nevis', 'Saint Kitts i Nevis', 'クリストファー・ネイビス', 'Sent Kitsas ir Nevis', 'Sentkitsa un Nevisa', 'Svatý Kryštof a Nevis', 'kn', 2),
(179, 'Сент-Люсия', 'Сент-Люсiя', 'Сэнт-Люсія', 'Saint Lucia', 'Santa Lucía', 'Santa Lúcia', 'St. Lucia', 'Sainte-Lucie', 'Saint Lucia', 'Santa Lucia', 'セントルシア', 'Sent Liucija', 'Sentlusija', 'Svatá Lucie', 'lc', 2),
(180, 'Сент-Пьер и Микелон', 'Сент-Пьєр i Мiкелон', 'Сэн-П’ер і Мікелён', 'Saint Pierre and Miquelon', 'San Pedro y Miguelón', 'Saint-Pierre e Miquelon', 'Saint-Pierre und Miquelon', 'Saint-Pierre et Miquelon', 'Saint Pierre e Miquelon', 'Saint Pierre i Miquelon', 'サンピエール島・ミクロン島', 'Sen Pjeras ir Mikelonas', 'Senpjēra un Mikelona', 'Saint-Pierre a Miquelon', 'pm', 2),
(181, 'Сербия', 'Сербiя', 'Сэрбія', 'Serbia', 'Serbia', 'Sérvia', 'Serbien', 'Serbie', 'Serbia', 'Serbia', 'セルビア', 'Serbija', 'Serbija', 'Srbsko', 'rs', 2),
(182, 'Сингапур', 'Сiнгапур', 'Сынґапур', 'Singapore', 'Singapur', 'Singapura', 'Singapur', 'Singapour', 'Singapore', 'Singapur', 'シンガポール', 'Singapūras', 'Singapūra', 'Singapur', 'sg', 2),
(183, 'Сирийская Арабская Республика', 'Сiрiйська Арабська Республiка', 'Сырыйская Арабская Рэспубліка', 'Syria', 'Siria', 'República Árabe da Síria', 'Syrien', 'Syrie', 'Siria', 'Syria', 'シリア・アラブ共和国', 'Sirija', 'Sīrija', 'Sýrie', 'sy', 2),
(184, 'Словакия', 'Словаччина', 'Славаччына', 'Slovakia', 'Eslovaquia', 'Eslováquia', 'Slowakei', 'Slovaquie', 'Slovacchia', 'Słowacja', 'スロヴァキア', 'Slovakija', 'Slovākija', 'Slovensko', 'sk', 2),
(185, 'Словения', 'Словенiя', 'Славенія', 'Slovenia', 'Eslovenia', 'Eslovénia', 'Slowenien', 'Slovénie', 'Slovenia', 'Słowenia', 'スロベニア', 'Slovėnija', 'Slovēnija', 'Slovinsko', 'si', 2),
(186, 'Соломоновы Острова', 'Соломоновi Острови', 'Саламонавы выспы', 'Solomon Islands', 'Islas Salomón', 'Ilhas Salomão', 'Salomoninseln', 'Iles Salomon', 'Isole Solomon', 'Wyspy Solomona', 'ソロモン諸島', 'Saliamono salos', 'Zālamanu salas', 'Šalomounovy ostrovy', 'sb', 2),
(187, 'Сомали', 'Сомалi', 'Самалі', 'Somalia', 'Somalia', 'Somália', 'Somalia', 'Somalie', 'Somalia', 'Somalia', 'ソマリア', 'Somalis', 'Somali', 'Somálsko', 'so', 2),
(188, 'Судан', 'Судан', 'Судан', 'Sudan', 'Sudán', 'Sudão', 'Sudan', 'Soudan', 'Sudan', 'Sudan', 'スーダン', 'Sudanas', 'Sudāna', 'Súdán', 'sd', 2),
(189, 'Суринам', 'Сурiнам', 'Сурынам', 'Suriname', 'Surinam', 'Suriname', 'Suriname', 'Surinam', 'Suriname', 'Surinam', 'スリナム', 'Surinamas', 'Surinama', 'Surinam', 'sr', 2),
(190, 'Сьерра-Леоне', 'Сьєрра-Леоне', 'Сьера-Леонэ', 'Sierra Leone', 'Sierra Leona', 'Serra Leoa', 'Sierra Leone', 'Sierra Leone', 'Sierra Leone', 'Sierra Leone', 'シエラレオネ', 'Siera Leonė', 'Sjero-Leone', 'Sierra Leone', 'sl', 2),
(191, 'Таиланд', 'Таїланд', 'Тайлянд', 'Thailand', 'Tailandia', 'Tailândia', 'Thailand', 'Thaïlande', 'Tailandia', 'Tajlandia', 'タイ', 'Tailandas', 'Tailanda', 'Thajsko', 'th', 2),
(192, 'Тайвань', 'Тайвань', 'Тайвань', 'Taiwan', 'Taiwan', 'Taiwan', 'Taiwan', 'Taïwan', 'Taiwan', 'Tajwan', '台湾', 'Taivanas', 'Taivāna', 'Tchaj-wan', 'tw', 2),
(193, 'Танзания', 'Танзанiя', 'Танзанія', 'Tanzania', 'Tanzania', 'Tanzânia', 'Tansania', 'Tanzanie', 'Tanzania', 'Tanzania', 'タンザニア', 'Tanzanija', 'Tanzānija', 'Tanzanie', 'tz', 2),
(194, 'Того', 'Того', 'Тога', 'Togo', 'Togo', 'Togo', 'Togo', 'Togo', 'Togo', 'Togo', 'トーゴ', 'Togas', 'Togo', 'Togo', 'tg', 2),
(195, 'Токелау', 'Токелау', 'Такелаў', 'Tokelau', 'Tokelau', 'Tokelau', 'Tokelau', 'Tokelau', 'Tokelau', 'Tokelau', 'トケラウ', 'Tokelau', 'Tokelava', 'Tokelau', 'tk', 2),
(196, 'Тонга', 'Тонга', 'Тонга', 'Tonga', 'Tonga', 'Tonga', 'Tonga', 'Tonga', 'Tonga', 'Tonga', 'トンガ', 'Tongas', 'Tonga', 'Tonga', 'to', 2),
(197, 'Тринидад и Тобаго', 'Тринiдад i Тобаго', 'Трынідад і Табага', 'Trinidad and Tobago', 'Trinidad y Tobago', 'Trinidad e Tobago', 'Trinidad und Tobago', 'Trinité et Tobago', 'Trinidad e Tobago', 'Trinidad and Tobago', 'トリニダード・トバゴ', 'Trinidadas ir Tobagas', 'Trindada un Tobago', 'Trinidad a Tobago', 'tt', 2),
(198, 'Тувалу', 'Тувалу', 'Тувалу', 'Tuvalu', 'Tuvalu', 'Tuvalu', 'Tuvalu', 'Tuvalu', 'Tuvalu', 'Tuvalu', 'ツバル', 'Tuvalu', 'Tuvalu', 'Tuvalu', 'tv', 2),
(199, 'Тунис', 'Тунiс', 'Туніс', 'Tunisia', 'Túnez', 'Tunísia', 'Tunesien', 'Tunisie', 'Tunisia', 'Tunezja', 'チュニス', 'Tunisas', 'Tunisija', 'Tunisko', 'tn', 2),
(200, 'Турция', 'Туреччина', 'Турэччына', 'Turkey', 'Turquía', 'Turquia', 'Türkei', 'Turquie', 'Turchia', 'Turcja', 'トルコ', 'Turkija', 'Turcija', 'Turecko', 'tr', 2),
(201, 'Уганда', 'Уганда', 'Уганда', 'Uganda', 'Uganda', 'Uganda', 'Uganda', 'Ouganda', 'Uganda', 'Uganda', 'ウガンダ', 'Uganda', 'Uganda', 'Uganda', 'ug', 2),
(202, 'Уоллис и Футуна', 'Уоллiс i Футуна', 'Ўоліс і Футуна', 'Wallis and Futuna', 'Wallis y Futuna', 'Wallis e Futuna', 'Wallis und Futuna', 'Wallis et Futuna', 'Wallis e Futuna', 'Wallis i Futuna', 'ウォリス・フツナ', 'Vallisas ir Futuna', 'Volisa un Futuna', 'Wallis a Futuna', 'wf', 2),
(203, 'Уругвай', 'Уругвай', 'Уруґвай', 'Uruguay', 'Uruguay', 'Uruguai', 'Uruguay', 'Uruguay', 'Uruguay', 'Urugwaj', 'ウルグアイ', 'Urugvajus', 'Urugvaja', 'Uruguay', 'uy', 2),
(204, 'Фарерские острова', 'Фарерськi острови', 'Фарэрскія выспы', 'Faroe Islands', 'Islas Feroe', 'Ilhas Feroe', 'Färöer', 'Iles Féroé', 'Isole Faroe', 'Wyspy Owcze', 'フェロー諸島', 'Farerų salos', 'Fāru salas', 'Faerské ostrovy', 'fo', 2),
(205, 'Фиджи', 'Фiджi', 'Фіджы', 'Fiji', 'Fiyi', 'Fiji', 'Fidschi', 'Fidji', 'Fiji', 'Fidżi', 'フィジー', 'Fidžis', 'Fidži', 'Fidži', 'fj', 2),
(206, 'Филиппины', 'Фiлiппiни', 'Філіпіны', 'Philippines', 'Filipinas', 'Filipinas', 'Philippinen', 'Philippines', 'Filippine', 'Filipiny', 'フィリピン', 'Filipinai', 'Filipīnas', 'Filipíny', 'ph', 2),
(207, 'Финляндия', 'Фiнляндiя', 'Фінляндыя', 'Finland', 'Finlandia', 'Finlândia', 'Finnland', 'Finlande', 'Finlandia', 'Finlandia', 'フィンランド', 'Suomija', 'Somija', 'Finsko', 'fi', 2),
(208, 'Фолклендские острова', 'Фолклендськi острови', 'Фальклэндзкія выспы', 'Falkland Islands', 'Islas Malvinas', 'Ilhas Malvinas', 'Falkland Inseln', 'Iles Malouines', 'Isole Falkland/Malvinas', 'Wyspy Falklandzkie', 'フォークランド諸島', 'Folklendų salos', 'Folklendas salas', 'Falklandské ostrovy', 'fk', 2),
(209, 'Франция', 'Францiя', 'Францыя', 'France', 'Francia', 'França', 'Frankreich', 'France', 'Francia', 'Francja', 'フランス', 'Prancūzija', 'Francija', 'Francie', 'fr', 2),
(210, 'Французская Гвиана', 'Французька Гвiана', 'Француская Гвіяна', 'French Guiana', 'Guayana Francesa', 'Guiana Francesa', 'Französisch-Guayana', 'Guyane française', 'Guiana Francese', 'Gujana Francuska', 'フランス領ガイアナ', 'Prancūzijos Gviana', 'Franču Gviāna', 'Francouzská Guyana', 'gf', 2),
(211, 'Французская Полинезия', 'Французька Полiнезiя', 'Француская Палінэзія', 'French Polynesia', 'Polinesia Francesa', 'Polinésia Francesa', 'Französisch Polynesien', 'Polynésie française', 'Polinesia Francese', 'Polinezja Francuska', 'フランス領ポリネシア', 'Prancūzijos Polinezija', 'Fraņču Polinēzija', 'Francouzská Polynésie', 'pf', 2),
(212, 'Хорватия', 'Хорватiя', 'Харватыя', 'Croatia', 'Croacia', 'Croácia', 'Kroatien', 'Croatie', 'Croazia', 'Chorwacja', 'クロアチア', 'Kroatija', 'Horvātija', 'Chorvatsko', 'hr', 2);
INSERT INTO `country` (`id`, `title_ru`, `title_ua`, `title_be`, `title_en`, `title_es`, `title_pt`, `title_de`, `title_fr`, `title_it`, `title_pl`, `title_ja`, `title_lt`, `title_lv`, `title_cz`, `iso`, `currency_id`) VALUES
(213, 'Центрально-Африканская Республика', 'Центрально-Aфриканська Республiка', 'Цэнтральна-Афрыканская Рэспубліка', 'Central African Republic', 'República Centroafricana', 'República Centro-Africana', 'Zentralafrikanische Republik', 'République centrafricaine', 'Repubblica Centro Africana', 'Republika Środkowo-Afrykańska', '中央アフリカ共和国', 'Centrinės Afrikos Respublika', 'Centrālāfrikas Republika', 'Středoafrická republika', 'cf', 2),
(214, 'Чад', 'Чад', 'Чад', 'Chad', 'Chad', 'Chade', 'Tschad', 'Tchad', 'Chad', 'Czad', 'チャド', 'Čadas', 'Čada', 'Čad', 'td', 2),
(215, 'Чехия', 'Чехiя', 'Чэхія', 'Czech Republic', 'Chequia', 'República Checa', 'Tschechische Republik', 'République tchèque', 'Repubblica Ceca', 'Czechy', 'チェコ', 'Čekija', 'Čehija', 'Česká republika', 'cz', 2),
(216, 'Чили', 'Чилi', 'Чылі', 'Chile', 'Chile', 'Chile', 'Chile', 'Chili', 'Cile', 'Chile', 'チリ', 'Čilė', 'Čīle', 'Chile', 'cl', 2),
(217, 'Швейцария', 'Швейцарiя', 'Швайцарыя', 'Switzerland', 'Suiza', 'Suíça', 'Schweiz', 'Suisse', 'Svizzera', 'Szwajcaria', 'スイス', 'Šveicarija', 'Šveice', 'Švýcarsko', 'ch', 2),
(218, 'Швеция', 'Швецiя', 'Швэцыя', 'Sweden', 'Suecia', 'Suécia', 'Schweden', 'Suède', 'Svezia', 'Szwecja', 'スウェーデン', 'Švedija', 'Zviedrija', 'Švédsko', 'se', 2),
(219, 'Шпицберген и Ян Майен', 'Шпiцберген i Ян Майен', 'Шпіцбэрґен і Ян Маен', 'Svalbard and Jan Mayen', 'Spitsbergen y Jan Mayen', 'Spitsbergen  e Jan Mayen', 'Svalbard und Jan Mayen', 'Spitzberg et Jan Mayen', 'Svalbard e Jan Mayen', 'Svalbard i Jan Mayen', 'スピッツベルゲン島・ヤンマイエン島', 'Svalbardo ir Jan Majen salos', 'Špicbergena', 'Špicberky a Jan Mayen', 'sj', 2),
(220, 'Шри-Ланка', 'Шрi-Ланка', 'Шры-Лянка', 'Sri Lanka', 'Sri-Lanka', 'Sri Lanka', 'Sri Lanka', 'Sri Lanka', 'Sri Lanka', 'Sri Lanka', 'スリランカ', 'Šri Lanka', 'Šrilanka', 'Srí Lanka', 'lk', 2),
(221, 'Эквадор', 'Еквадор', 'Эквадор', 'Ecuador', 'Ecuador', 'Equador', 'Ecuador', 'Equateur', 'Ecuador', 'Ekwador', 'エクアドル', 'Ekvadoras', 'Ekvadora', 'Ekvádor', 'ec', 2),
(222, 'Экваториальная Гвинея', 'Екваторiальна Гвiнея', 'Экватарыяльная Гвінэя', 'Equatorial Guinea', 'Guinea Ecuatorial', 'Guiné Equatorial', 'Äquatorialguinea', 'Guinée équatoriale', 'Guinea Equatoriale', 'Gwinea Równikowa', '赤道ギニア', 'Pusiaujo Gvinėja', 'Ekvotoriāla Gvineja', 'Rovníková Guinea', 'gq', 2),
(223, 'Эритрея', 'Ерiтрея', 'Эрытрэя', 'Eritrea', 'Eritrea', 'Eritreia', 'Eritrea', 'Erythrée', 'Eritrea', 'Erytrea', 'エリトリア', 'Eritrėja', 'Eritreja', 'Eritrea', 'er', 2),
(224, 'Эфиопия', 'Ефiопiя', 'Этыёпія', 'Ethiopia', 'Etiopía', 'Etiópia', 'Äthiopien', 'Ethiopie', 'Etiopia', 'Etiopia', 'エチオピア', 'Etiopija', 'Etiopija', 'Etiopie', 'et', 2),
(226, 'Южная Корея', 'Пiвденна Корея', 'Паўднёвая Карэя', 'South Korea', 'Corea del Sur', 'Coreia do Sul', 'Südkorea', 'Corée du Sud', 'Corea del Sud', 'Korea Południowa', '大韓民国', 'Pietų Korėja', 'Dienvidkoreja', 'Jižní Korea', 'kr', 2),
(227, 'Южно-Африканская Республика', 'Пiвденно-Африканська Республiка', 'Паўднёва-Афрыканская Рэспубліка', 'South Africa', 'República de Sudáfrica', 'República da África do Sul', 'Südafrika', 'Afrique du Sud', 'Sud Africa', 'RPA', '南アフリカ共和国', 'Pietų Afrikos Respublika', 'Dienvidāfrikas Republika', 'Jihoafrická republika', 'za', 2),
(228, 'Ямайка', 'Ямайка', 'Ямайка', 'Jamaica', 'Jamaica', 'Jamaica', 'Jamaika', 'Jamaïque', 'Giamaica', 'Jamajka', 'ジャマイカ', 'Jamaika', 'Jamaika', 'Jamajka', 'jm', 2),
(229, 'Япония', 'Японiя', 'Японія', 'Japan', 'Japón', 'Japão', 'Japan', 'Japon', 'Giappone', 'Japonia', '日本', 'Japonija', 'Japāna', 'Japonsko', 'jp', 2),
(230, 'Черногория', 'Чорногорiя', 'Чарнагорыя', 'Montenegro', 'Montenegro', 'Montenegro', 'Montenegro', 'Monténégro', 'Montenegro', 'Czarnogóra', 'モンテネグロ', 'Juodkalnija', 'Melnkalne', 'Černá Hora', 'me', 2),
(231, 'Джибути', 'Джiбутi', 'Джыбуці', 'Djibouti', 'Yibuti', 'Djibouti', 'Djibouti', 'Djibouti', 'Djibouti', 'Dżibuti', 'ジブチ', 'Džibutis', 'Džibuti', 'Džibutsko', 'dj', 2),
(232, 'Южный Судан', 'Південний Судан', 'Паўднёвы Судан', 'South Sudan', 'Sudán del Sur', 'Sudão do Sul', 'Republik Südsudan', 'République du Soudan du Sud', 'Repubblica del Sudan del Sud', 'Sudan Południowy', '南スーダン', 'Pietų Sudanas ', 'South Sudan', 'Jižní Súdán', 'ss', 2),
(233, 'Ватикан', 'Ватикан', 'Ватыкан', 'Vatican', 'Vaticano', 'Vaticano', 'Vatikan', 'Vatican', 'Vaticano', 'Watykan', 'ヴァチカン', 'Vatikanas', 'Vatican', 'Vatikán', 'va', 2),
(234, 'Синт-Мартен', 'Сінт-Мартен', 'Сінт-Мартэн', 'Sint Maarten', 'Sint Maarten', 'São Martinho (Caraíbas)', 'Sint Maarten', 'Saint-Martin', 'Sint Maarten', 'Saint Martin', 'シント・マールテン', 'Sint Martenas ', 'Sint Maarten', 'Sint Maarten', 'mf', 2),
(235, 'Бонайре, Синт-Эстатиус и Саба', 'Бонайре, Сінт-Естатіус і Саба', 'Банайрэ, Сінт-Эстатыюс і Саба', 'Bonaire, Sint Eustatius and Saba', 'Bonaire, San Eustaquio y Saba', 'Bonaire, Santo Eustáquio e Saba ', 'Bonaire, Sint Eustatius und Saba', 'Bonaire, Saint-Eustache et Saba', 'Bonaire, Sint Eustatius e Saba', 'Bonaire, Sint Eustatius i Saba', 'BES諸島', 'Bonairė, Sint Estatijus ir Saba', 'Bonaire, Sint Eustatius and Saba', 'Karibské Nizozemsko', 'bq', 2);

-- --------------------------------------------------------

--
-- Структура таблицы `currency`
--

CREATE TABLE IF NOT EXISTS `currency` (
  `id` int(11) NOT NULL AUTO_INCREMENT,
  `name` varchar(255) NOT NULL,
  `iso_4217` varchar(10) NOT NULL,
  `sign` varchar(10) NOT NULL,
  `is_default` tinyint(1) NOT NULL,
  `show_after_price` tinyint(1) NOT NULL DEFAULT '0',
  PRIMARY KEY (`id`)
) ENGINE=InnoDB  DEFAULT CHARSET=utf8 AUTO_INCREMENT=3 ;

--
-- Дамп данных таблицы `currency`
--

INSERT INTO `currency` (`id`, `name`, `iso_4217`, `sign`, `is_default`, `show_after_price`) VALUES
(1, 'Гривня', 'UAH', '₴', 1, 1),
(2, 'Евро', 'EUR', '€', 0, 0);

-- --------------------------------------------------------

--
-- Структура таблицы `customer`
--

CREATE TABLE IF NOT EXISTS `customer` (
  `id` int(11) NOT NULL AUTO_INCREMENT,
  `user_id` int(11) DEFAULT NULL,
  `mac_address` varchar(255) NOT NULL,
  `name` varchar(255) NOT NULL,
  `notes` text,
  `date_registrated` date NOT NULL,
  `gender_id` int(11) NOT NULL,
  `age` int(11) NOT NULL,
  `min_beat` int(11) NOT NULL,
  `max_beat` int(11) NOT NULL,
  PRIMARY KEY (`id`),
  KEY `user_id` (`user_id`)
) ENGINE=InnoDB  DEFAULT CHARSET=utf8 AUTO_INCREMENT=34 ;

--
-- Дамп данных таблицы `customer`
--

INSERT INTO `customer` (`id`, `user_id`, `mac_address`, `name`, `notes`, `date_registrated`, `gender_id`, `age`, `min_beat`, `max_beat`) VALUES
(30, 47, '74:69:69:2d:30:31', 'Летенко Гаврило', '', '2016-09-23', 1, 23, 60, 80),
(31, 48, 'dfsdfs', 'Test', '', '2016-10-14', 1, 34, 0, 0),
(32, 49, '34:45:fs:34:45:24:df', 'Junior Buffon', '', '2016-10-19', 1, 26, 0, 0),
(33, 51, '74:69:69:2d:30:32', 'Грищенко Родіон', 'Кінь непослушний', '2017-02-26', 1, 17, 60, 80);

-- --------------------------------------------------------

--
-- Структура таблицы `customer_operator`
--

CREATE TABLE IF NOT EXISTS `customer_operator` (
  `id` int(11) NOT NULL AUTO_INCREMENT,
  `customer_id` int(11) NOT NULL,
  `operator_id` int(11) NOT NULL,
  PRIMARY KEY (`id`),
  KEY `customer_id` (`customer_id`),
  KEY `operator_id` (`operator_id`)
) ENGINE=InnoDB  DEFAULT CHARSET=latin1 AUTO_INCREMENT=6 ;

--
-- Дамп данных таблицы `customer_operator`
--

INSERT INTO `customer_operator` (`id`, `customer_id`, `operator_id`) VALUES
(2, 30, 30),
(3, 31, 31),
(4, 32, 30),
(5, 33, 30);

-- --------------------------------------------------------

--
-- Структура таблицы `exchange_rate`
--

CREATE TABLE IF NOT EXISTS `exchange_rate` (
  `id` int(11) NOT NULL AUTO_INCREMENT,
  `ccy` varchar(10) NOT NULL,
  `base_ccy` varchar(10) NOT NULL,
  `buy` double NOT NULL,
  `sale` double NOT NULL,
  PRIMARY KEY (`id`),
  KEY `ccy` (`ccy`,`base_ccy`)
) ENGINE=InnoDB  DEFAULT CHARSET=utf8 AUTO_INCREMENT=45 ;

--
-- Дамп данных таблицы `exchange_rate`
--

INSERT INTO `exchange_rate` (`id`, `ccy`, `base_ccy`, `buy`, `sale`) VALUES
(1, 'EUR', 'UAH', 27.75487, 27.49367),
(2, 'RUR', 'UAH', 0.38289, 0.38309),
(3, 'USD', 'UAH', 24.81659, 24.81826),
(4, 'BTC', 'USD', 566.225, 625.8276),
(5, 'EUR', 'UAH', 27.71566, 27.75487),
(6, 'RUR', 'UAH', 0.38261, 0.38289),
(7, 'USD', 'UAH', 24.85041, 24.81659),
(8, 'BTC', 'USD', 559.6154, 618.5222),
(9, 'EUR', 'UAH', 28.49599, 28.28997),
(10, 'RUR', 'UAH', 0.39609, 0.39205),
(11, 'USD', 'UAH', 25.17091, 25.08866),
(12, 'BTC', 'USD', 544.9141, 602.2735),
(13, 'EUR', 'UAH', 28.49599, 28.28997),
(14, 'RUR', 'UAH', 0.39609, 0.39205),
(15, 'USD', 'UAH', 25.17091, 25.08866),
(16, 'BTC', 'USD', 545.021, 602.3916),
(17, 'EUR', 'UAH', 28.49599, 28.28997),
(18, 'RUR', 'UAH', 0.39609, 0.39205),
(19, 'USD', 'UAH', 25.17091, 25.08866),
(20, 'BTC', 'USD', 545.021, 602.3916),
(21, 'EUR', 'UAH', 28.49599, 28.28997),
(22, 'RUR', 'UAH', 0.39609, 0.39205),
(23, 'USD', 'UAH', 25.17091, 25.08866),
(24, 'BTC', 'USD', 545.002, 602.3706),
(25, 'EUR', 'UAH', 28.49599, 28.28997),
(26, 'RUR', 'UAH', 0.39609, 0.39205),
(27, 'USD', 'UAH', 25.17091, 25.08866),
(28, 'BTC', 'USD', 545.002, 602.3706),
(29, 'EUR', 'UAH', 28.49599, 28.28997),
(30, 'RUR', 'UAH', 0.39609, 0.39205),
(31, 'USD', 'UAH', 25.17091, 25.08866),
(32, 'BTC', 'USD', 545.002, 602.3706),
(33, 'EUR', 'UAH', 28.49599, 28.28997),
(34, 'RUR', 'UAH', 0.39609, 0.39205),
(35, 'USD', 'UAH', 25.17091, 25.08866),
(36, 'BTC', 'USD', 544.9461, 602.3089),
(37, 'EUR', 'UAH', 28.49599, 28.28997),
(38, 'RUR', 'UAH', 0.39609, 0.39205),
(39, 'USD', 'UAH', 25.17091, 25.08866),
(40, 'BTC', 'USD', 544.8215, 602.1711),
(41, 'EUR', 'UAH', 28.43976, 28.43976),
(42, 'RUR', 'UAH', 0.41233, 0.41233),
(43, 'USD', 'UAH', 25.8074, 25.8074),
(44, 'BTC', 'USD', 608.3551, 672.3925);

-- --------------------------------------------------------

--
-- Структура таблицы `gender`
--

CREATE TABLE IF NOT EXISTS `gender` (
  `id` int(11) NOT NULL AUTO_INCREMENT,
  `alias` varchar(255) NOT NULL,
  PRIMARY KEY (`id`)
) ENGINE=InnoDB  DEFAULT CHARSET=latin1 AUTO_INCREMENT=3 ;

--
-- Дамп данных таблицы `gender`
--

INSERT INTO `gender` (`id`, `alias`) VALUES
(1, 'male'),
(2, 'female');

-- --------------------------------------------------------

--
-- Структура таблицы `genderlang`
--

CREATE TABLE IF NOT EXISTS `genderlang` (
  `id` int(11) NOT NULL AUTO_INCREMENT,
  `gender_id` int(11) NOT NULL,
  `language` varchar(10) NOT NULL,
  `title` varchar(255) CHARACTER SET utf8 NOT NULL,
  PRIMARY KEY (`id`),
  KEY `gender_id` (`gender_id`)
) ENGINE=InnoDB  DEFAULT CHARSET=latin1 AUTO_INCREMENT=11 ;

--
-- Дамп данных таблицы `genderlang`
--

INSERT INTO `genderlang` (`id`, `gender_id`, `language`, `title`) VALUES
(5, 1, 'en', 'Male'),
(6, 1, 'ru', 'Мужской'),
(7, 1, 'ua', 'Чоловіча'),
(8, 2, 'en', 'Woman'),
(9, 2, 'ru', 'Женский'),
(10, 2, 'ua', 'Жіноча');

-- --------------------------------------------------------

--
-- Структура таблицы `heart_beat`
--

CREATE TABLE IF NOT EXISTS `heart_beat` (
  `id` int(11) NOT NULL AUTO_INCREMENT,
  `user_id` int(11) NOT NULL,
  `ibi` timestamp(6) NOT NULL DEFAULT CURRENT_TIMESTAMP(6),
  PRIMARY KEY (`id`),
  KEY `user_id` (`user_id`)
) ENGINE=InnoDB  DEFAULT CHARSET=utf8 AUTO_INCREMENT=3428 ;

--
-- Дамп данных таблицы `heart_beat`
--

INSERT INTO `heart_beat` (`id`, `user_id`, `ibi`) VALUES
(1, 47, '2016-10-16 12:51:41.900400'),
(2, 47, '2016-10-16 12:51:42.542811'),
(3, 47, '2016-10-16 12:51:43.149452'),
(4, 47, '2016-10-16 12:51:43.864582'),
(5, 47, '2016-10-16 12:51:44.445636'),
(6, 47, '2016-10-16 12:51:45.029856'),
(7, 47, '2016-10-16 12:51:45.591571'),
(8, 47, '2016-10-16 12:51:46.178122'),
(9, 47, '2016-10-16 12:51:46.709750'),
(10, 47, '2016-10-16 12:51:47.273249'),
(11, 47, '2016-10-16 12:51:47.966591'),
(12, 47, '2016-10-16 12:51:48.516288'),
(13, 47, '2016-10-16 12:51:49.116690'),
(14, 47, '2016-10-16 12:51:49.660201'),
(15, 47, '2016-10-16 12:51:50.243913'),
(16, 47, '2016-10-16 12:51:50.788284'),
(17, 47, '2016-10-16 12:51:51.350941'),
(18, 47, '2016-10-16 12:51:51.946408'),
(19, 47, '2016-10-16 12:51:52.500853'),
(20, 47, '2016-10-16 12:51:53.090477'),
(21, 47, '2016-10-16 12:51:53.628881'),
(22, 47, '2016-10-16 12:51:54.221131'),
(23, 47, '2016-10-16 12:51:54.762715'),
(24, 47, '2016-10-16 12:51:55.401719'),
(25, 47, '2016-10-16 12:51:56.008967'),
(26, 47, '2016-10-16 12:51:56.539642'),
(27, 47, '2016-10-16 12:51:57.133309'),
(28, 47, '2016-10-16 12:51:57.761946'),
(29, 47, '2016-10-16 12:51:58.409539'),
(30, 47, '2016-10-16 12:51:59.146396'),
(31, 47, '2016-10-16 12:51:59.758652'),
(32, 47, '2016-10-16 12:52:00.512211'),
(33, 47, '2016-10-16 12:52:01.097694'),
(34, 47, '2016-10-16 12:52:01.642693'),
(35, 47, '2016-10-16 12:52:02.238561'),
(36, 47, '2016-10-16 12:52:02.814412'),
(37, 47, '2016-10-16 12:52:03.392568'),
(38, 47, '2016-10-16 12:52:03.971677'),
(39, 47, '2016-10-16 12:52:04.556817'),
(40, 47, '2016-10-16 12:52:05.149121'),
(41, 47, '2016-10-16 12:52:05.696247'),
(42, 47, '2016-10-16 12:52:06.314040'),
(43, 47, '2016-10-16 12:52:06.941581'),
(44, 47, '2016-10-16 12:52:07.508118'),
(45, 47, '2016-10-16 12:52:08.091052'),
(46, 47, '2016-10-16 12:52:08.631846'),
(47, 47, '2016-10-16 12:52:09.219756'),
(48, 47, '2016-10-16 12:52:09.779482'),
(49, 47, '2016-10-16 12:52:10.413749'),
(50, 47, '2016-10-16 12:52:11.078670'),
(51, 47, '2016-10-16 12:52:11.627992'),
(52, 47, '2016-10-16 12:52:12.228854'),
(53, 47, '2016-10-16 12:52:12.824950'),
(54, 47, '2016-10-16 12:52:13.412230'),
(55, 47, '2016-10-16 12:52:13.966994'),
(56, 47, '2016-10-16 12:52:14.542640'),
(57, 47, '2016-10-16 12:52:15.162777'),
(58, 47, '2016-10-16 12:52:15.759975'),
(59, 47, '2016-10-16 12:52:16.359713'),
(60, 47, '2016-10-16 12:52:16.910438'),
(61, 47, '2016-10-16 12:52:17.458706'),
(62, 47, '2016-10-16 12:52:18.007633'),
(63, 47, '2016-10-16 12:52:18.565056'),
(64, 47, '2016-10-16 12:52:19.106697'),
(65, 47, '2016-10-16 12:52:19.667941'),
(66, 47, '2016-10-16 12:52:20.256645'),
(67, 47, '2016-10-16 12:52:20.864672'),
(68, 47, '2016-10-16 12:52:21.405640'),
(69, 47, '2016-10-16 12:52:21.951760'),
(70, 47, '2016-10-16 12:52:22.516277'),
(71, 47, '2016-10-16 12:52:23.113716'),
(72, 47, '2016-10-16 12:52:23.664562'),
(73, 47, '2016-10-16 12:52:24.264897'),
(74, 47, '2016-10-16 12:52:24.817333'),
(75, 47, '2016-10-16 12:52:25.434427'),
(76, 47, '2016-10-16 12:52:26.005341'),
(77, 47, '2016-10-16 12:52:26.570451'),
(78, 47, '2016-10-16 12:52:27.168259'),
(79, 47, '2016-10-16 12:52:27.713010'),
(80, 47, '2016-10-16 12:52:28.262109'),
(81, 47, '2016-10-16 12:52:28.820189'),
(82, 47, '2016-10-16 12:52:29.457918'),
(83, 47, '2016-10-16 12:52:30.067130'),
(84, 47, '2016-10-16 12:52:30.620645'),
(85, 47, '2016-10-16 12:52:31.212306'),
(86, 47, '2016-10-16 12:52:31.762236'),
(87, 47, '2016-10-16 12:52:32.346890'),
(88, 47, '2016-10-16 12:52:32.933975'),
(89, 47, '2016-10-16 12:52:33.486793'),
(90, 47, '2016-10-16 12:52:34.040277'),
(91, 47, '2016-10-16 12:52:34.582898'),
(92, 47, '2016-10-16 12:52:35.122216'),
(93, 47, '2016-10-16 12:52:35.759290'),
(94, 47, '2016-10-16 12:52:36.346160'),
(95, 47, '2016-10-16 12:52:36.930920'),
(96, 47, '2016-10-16 12:52:37.480069'),
(97, 47, '2016-10-16 12:52:38.027177'),
(98, 47, '2016-10-16 12:52:38.571292'),
(99, 47, '2016-10-16 12:52:39.159938'),
(100, 47, '2016-10-16 12:52:39.728929'),
(101, 47, '2016-10-16 12:52:40.317735'),
(102, 47, '2016-10-16 12:52:40.902346'),
(103, 47, '2016-10-16 12:52:41.442493'),
(104, 47, '2016-10-16 12:52:42.045618'),
(105, 47, '2016-10-16 12:52:42.604023'),
(106, 47, '2016-10-16 12:52:43.215642'),
(107, 47, '2016-10-16 12:52:43.766427'),
(108, 47, '2016-10-16 12:52:44.391566'),
(109, 47, '2016-10-16 12:52:44.959630'),
(110, 47, '2016-10-16 12:52:45.527964'),
(111, 47, '2016-10-16 12:52:46.124145'),
(112, 47, '2016-10-16 12:52:46.682182'),
(113, 47, '2016-10-16 12:52:47.271061'),
(114, 47, '2016-10-16 12:52:47.897340'),
(115, 47, '2016-10-16 12:52:48.454520'),
(116, 47, '2016-10-16 12:52:49.045632'),
(117, 47, '2016-10-16 12:52:49.597584'),
(118, 47, '2016-10-16 12:52:50.207580'),
(119, 47, '2016-10-16 12:52:50.754931'),
(120, 47, '2016-10-16 12:52:51.345738'),
(121, 47, '2016-10-16 12:52:51.942101'),
(122, 47, '2016-10-16 12:52:52.509201'),
(123, 47, '2016-10-16 12:52:53.096581'),
(124, 47, '2016-10-16 12:52:53.669944'),
(125, 47, '2016-10-16 12:52:54.246001'),
(126, 47, '2016-10-16 12:52:54.813315'),
(127, 47, '2016-10-16 12:52:55.403737'),
(128, 47, '2016-10-16 12:52:56.039502'),
(129, 47, '2016-10-16 12:52:56.603424'),
(130, 47, '2016-10-16 12:52:57.191651'),
(131, 47, '2016-10-16 12:52:57.787869'),
(132, 47, '2016-10-16 12:52:58.389661'),
(133, 47, '2016-10-16 12:52:59.028257'),
(134, 47, '2016-10-16 12:52:59.593292'),
(135, 47, '2016-10-16 12:53:00.144940'),
(136, 47, '2016-10-16 12:53:00.700747'),
(137, 47, '2016-10-16 12:53:01.255535'),
(138, 47, '2016-10-16 12:53:01.859154'),
(139, 47, '2016-10-16 12:53:02.438748'),
(140, 47, '2016-10-16 12:53:02.988138'),
(141, 47, '2016-10-16 12:53:03.543079'),
(142, 47, '2016-10-16 12:53:04.200485'),
(143, 47, '2016-10-16 12:53:04.808654'),
(144, 47, '2016-10-16 12:53:05.407762'),
(145, 47, '2016-10-16 12:53:05.975573'),
(146, 47, '2016-10-16 12:53:06.534537'),
(147, 47, '2016-10-16 12:53:07.097754'),
(148, 47, '2016-10-16 12:53:07.665291'),
(149, 47, '2016-10-16 12:53:08.307014'),
(150, 47, '2016-10-16 12:53:08.916344'),
(151, 47, '2016-10-17 08:23:13.050094'),
(152, 47, '2016-10-17 08:23:44.671905'),
(153, 47, '2016-10-17 08:23:45.322664'),
(154, 47, '2016-10-17 08:23:45.907529'),
(155, 47, '2016-10-17 08:23:46.453433'),
(156, 47, '2016-10-17 08:23:46.994312'),
(157, 47, '2016-10-17 08:23:47.582586'),
(158, 47, '2016-10-17 08:23:48.122306'),
(159, 47, '2016-10-17 08:23:48.654133'),
(160, 47, '2016-10-17 08:23:49.197125'),
(161, 47, '2016-10-17 08:23:49.782764'),
(162, 47, '2016-10-17 08:23:50.325757'),
(163, 47, '2016-10-17 08:23:50.912759'),
(164, 47, '2016-10-17 08:23:51.468501'),
(165, 47, '2016-10-17 08:23:52.057407'),
(166, 47, '2016-10-17 08:23:52.639427'),
(167, 47, '2016-10-17 08:23:53.281442'),
(168, 47, '2016-10-17 08:23:53.823596'),
(169, 47, '2016-10-17 08:23:54.379328'),
(170, 47, '2016-10-17 08:23:54.966196'),
(171, 47, '2016-10-17 08:23:55.518153'),
(172, 47, '2016-10-17 08:23:56.103297'),
(173, 47, '2016-10-17 08:23:56.692981'),
(174, 47, '2016-10-17 08:23:57.271907'),
(175, 47, '2016-10-17 08:23:57.887229'),
(176, 47, '2016-10-17 08:23:58.431460'),
(177, 47, '2016-10-17 08:23:59.016562'),
(178, 47, '2016-10-17 08:23:59.563363'),
(179, 47, '2016-10-17 08:24:00.151989'),
(180, 47, '2016-10-17 08:24:00.732884'),
(181, 47, '2016-10-17 08:24:01.295828'),
(182, 47, '2016-10-17 08:24:01.886720'),
(183, 47, '2016-10-17 08:24:02.469679'),
(184, 47, '2016-10-17 08:24:03.060605'),
(185, 47, '2016-10-17 08:24:03.610712'),
(186, 47, '2016-10-17 08:24:04.159697'),
(187, 47, '2016-10-17 08:24:04.740591'),
(188, 47, '2016-10-17 08:24:05.283603'),
(189, 47, '2016-10-17 08:24:05.873498'),
(190, 47, '2016-10-17 08:24:06.423327'),
(191, 47, '2016-10-17 08:24:07.009261'),
(192, 47, '2016-10-17 08:24:07.557710'),
(193, 47, '2016-10-17 08:24:08.188802'),
(194, 47, '2016-10-17 08:24:08.727833'),
(195, 47, '2016-10-17 08:24:09.351215'),
(196, 47, '2016-10-17 08:24:09.934069'),
(197, 47, '2016-10-17 08:24:10.489665'),
(198, 47, '2016-10-17 08:24:11.073722'),
(199, 47, '2016-10-17 08:24:11.686302'),
(200, 47, '2016-10-17 08:24:12.318733'),
(201, 47, '2016-10-17 08:24:12.913174'),
(202, 47, '2016-10-17 08:24:13.603062'),
(203, 47, '2016-10-17 08:24:14.271531'),
(204, 47, '2016-10-17 08:24:14.816158'),
(205, 47, '2016-10-17 08:24:15.366547'),
(206, 47, '2016-10-17 08:24:15.979417'),
(207, 47, '2016-10-17 08:24:16.521801'),
(208, 47, '2016-10-17 08:24:17.085224'),
(209, 47, '2016-10-17 08:24:17.641637'),
(210, 47, '2016-10-17 08:24:18.227317'),
(211, 47, '2016-10-17 08:24:18.801761'),
(212, 47, '2016-10-17 08:24:19.377241'),
(213, 47, '2016-10-17 08:24:19.945865'),
(214, 47, '2016-10-17 08:24:20.493441'),
(215, 47, '2016-10-17 08:24:21.082026'),
(216, 47, '2016-10-17 08:24:21.627934'),
(217, 47, '2016-10-17 08:24:22.213343'),
(218, 47, '2016-10-17 08:24:22.807900'),
(219, 47, '2016-10-17 08:24:23.482530'),
(220, 47, '2016-10-17 08:24:24.027300'),
(221, 47, '2016-10-17 08:24:24.580154'),
(222, 47, '2016-10-17 08:24:25.132927'),
(223, 47, '2016-10-17 08:24:25.677661'),
(224, 47, '2016-10-17 08:24:26.262913'),
(225, 47, '2016-10-17 08:24:26.804468'),
(226, 47, '2016-10-17 08:24:27.357175'),
(227, 47, '2016-10-17 08:24:27.949065'),
(228, 47, '2016-10-17 08:24:28.499832'),
(229, 47, '2016-10-17 08:24:29.097283'),
(230, 47, '2016-10-17 08:24:29.638922'),
(231, 47, '2016-10-17 08:24:30.271605'),
(232, 47, '2016-10-17 08:24:30.881097'),
(233, 47, '2016-10-17 08:24:31.433673'),
(234, 47, '2016-10-17 08:24:32.019124'),
(235, 47, '2016-10-17 08:24:32.729115'),
(236, 47, '2016-10-17 08:24:33.328508'),
(237, 47, '2016-10-17 08:24:33.950085'),
(238, 47, '2016-10-17 08:24:34.498256'),
(239, 47, '2016-10-17 08:24:35.100276'),
(240, 47, '2016-10-17 08:24:35.702138'),
(241, 47, '2016-10-17 08:24:36.283531'),
(242, 47, '2016-10-17 08:24:36.827917'),
(243, 47, '2016-10-17 08:24:37.371303'),
(244, 47, '2016-10-17 08:24:37.948733'),
(245, 47, '2016-10-17 08:24:38.484097'),
(246, 47, '2016-10-17 08:24:39.071723'),
(247, 47, '2016-10-17 08:24:39.636275'),
(248, 47, '2016-10-17 08:24:40.184667'),
(249, 47, '2016-10-17 08:24:40.816670'),
(250, 47, '2016-10-17 08:24:41.371430'),
(251, 47, '2016-10-17 08:24:42.099351'),
(252, 47, '2016-10-17 08:24:42.646476'),
(253, 47, '2016-10-17 08:24:43.234483'),
(254, 47, '2016-10-17 08:24:43.776237'),
(255, 47, '2016-10-17 08:24:44.347110'),
(256, 47, '2016-10-17 08:24:44.899679'),
(257, 47, '2016-10-17 08:24:45.449534'),
(258, 47, '2016-10-17 08:24:46.080294'),
(259, 47, '2016-10-17 08:24:46.622748'),
(260, 47, '2016-10-17 08:24:47.211320'),
(261, 47, '2016-10-17 08:24:47.795964'),
(262, 47, '2016-10-17 08:24:48.404663'),
(263, 47, '2016-10-17 08:24:48.948378'),
(264, 47, '2016-10-17 08:24:49.488919'),
(265, 47, '2016-10-17 08:24:50.058803'),
(266, 47, '2016-10-17 08:24:50.691640'),
(267, 47, '2016-10-17 08:24:51.300526'),
(268, 47, '2016-10-17 08:24:51.919420'),
(269, 47, '2016-10-17 08:24:52.477209'),
(270, 47, '2016-10-17 08:24:53.020846'),
(271, 47, '2016-10-17 08:24:53.573401'),
(272, 47, '2016-10-17 08:24:54.120012'),
(273, 47, '2016-10-17 08:24:54.682612'),
(274, 47, '2016-10-17 08:24:55.364491'),
(275, 47, '2016-10-17 08:24:55.914898'),
(276, 47, '2016-10-17 08:24:56.466555'),
(277, 47, '2016-10-17 08:24:57.199393'),
(278, 47, '2016-10-17 08:24:57.746092'),
(279, 47, '2016-10-17 08:24:58.309756'),
(280, 47, '2016-10-17 08:24:58.909538'),
(281, 47, '2016-10-17 08:24:59.467297'),
(282, 47, '2016-10-17 08:25:00.004877'),
(283, 47, '2016-10-17 08:25:00.548878'),
(284, 47, '2016-10-17 08:25:01.101551'),
(285, 47, '2016-10-17 08:25:01.642323'),
(286, 47, '2016-10-17 08:25:02.230488'),
(287, 47, '2016-10-17 08:25:02.817370'),
(288, 47, '2016-10-17 08:25:03.382258'),
(289, 47, '2016-10-17 08:25:03.972896'),
(290, 47, '2016-10-17 08:25:04.511549'),
(291, 47, '2016-10-17 08:25:05.088646'),
(292, 47, '2016-10-17 08:25:05.696419'),
(293, 47, '2016-10-17 08:25:06.282329'),
(294, 47, '2016-10-17 08:25:06.891197'),
(295, 47, '2016-10-17 08:25:07.433851'),
(296, 47, '2016-10-17 08:25:08.001674'),
(297, 47, '2016-10-17 08:25:08.552525'),
(298, 47, '2016-10-17 08:25:09.150638'),
(299, 47, '2016-10-17 08:25:09.715487'),
(300, 47, '2016-10-17 08:25:10.272303'),
(301, 47, '2016-10-17 08:25:10.825809'),
(302, 47, '2016-10-17 08:25:11.385480'),
(303, 47, '2016-10-17 08:25:12.023989'),
(304, 47, '2016-10-17 08:25:12.573468'),
(305, 47, '2016-10-17 08:25:13.167494'),
(306, 47, '2016-10-17 08:25:13.710815'),
(307, 47, '2016-10-17 08:25:14.315196'),
(308, 47, '2016-10-17 08:25:14.891653'),
(309, 47, '2016-10-17 08:25:15.454368'),
(310, 47, '2016-10-17 08:25:16.002474'),
(311, 47, '2016-10-17 08:25:16.564689'),
(312, 47, '2016-10-17 08:25:17.153843'),
(313, 47, '2016-10-17 08:25:17.715427'),
(314, 47, '2016-10-17 08:25:18.320846'),
(315, 47, '2016-10-17 08:25:18.886230'),
(316, 47, '2016-10-17 08:25:19.450942'),
(317, 47, '2016-10-17 08:25:20.048964'),
(318, 47, '2016-10-17 08:25:20.616246'),
(319, 47, '2016-10-17 08:25:21.224501'),
(320, 47, '2016-10-17 08:25:21.788537'),
(321, 47, '2016-10-17 08:25:22.417746'),
(322, 47, '2016-10-17 08:25:22.992212'),
(323, 47, '2016-10-17 08:25:23.538955'),
(324, 47, '2016-10-17 08:25:24.128042'),
(325, 47, '2016-10-17 08:25:24.730716'),
(326, 47, '2016-10-17 08:25:25.330125'),
(327, 47, '2016-10-17 08:25:25.921917'),
(328, 47, '2016-10-17 08:25:26.501840'),
(329, 47, '2016-10-17 08:25:27.049501'),
(330, 47, '2016-10-17 08:25:27.590959'),
(331, 47, '2016-10-17 08:25:28.201026'),
(332, 47, '2016-10-17 08:25:28.760172'),
(333, 47, '2016-10-17 08:25:29.419889'),
(334, 47, '2016-10-17 08:25:29.977845'),
(335, 47, '2016-10-17 08:25:30.542889'),
(336, 47, '2016-10-17 08:25:31.099939'),
(337, 47, '2016-10-17 08:25:31.642869'),
(338, 47, '2016-10-17 08:25:32.250636'),
(339, 47, '2016-10-17 08:25:32.859939'),
(340, 47, '2016-10-17 08:25:33.420907'),
(341, 47, '2016-10-17 08:25:33.972437'),
(342, 47, '2016-10-17 08:25:34.521500'),
(343, 47, '2016-10-17 08:25:35.169833'),
(344, 47, '2016-10-17 08:25:35.724774'),
(345, 47, '2016-10-17 08:25:36.331987'),
(346, 47, '2016-10-17 08:25:36.926063'),
(347, 47, '2016-10-17 08:25:37.495410'),
(348, 47, '2016-10-17 08:25:38.040994'),
(349, 47, '2016-10-17 08:25:38.584187'),
(350, 47, '2016-10-17 08:25:39.170344'),
(351, 47, '2016-10-17 08:25:39.715716'),
(352, 47, '2016-10-17 08:25:40.254413'),
(353, 47, '2016-10-17 08:25:40.798816'),
(354, 47, '2016-10-17 08:25:41.415403'),
(355, 47, '2016-10-17 08:25:42.076783'),
(356, 47, '2016-10-17 08:25:42.640141'),
(357, 47, '2016-10-17 08:25:43.247314'),
(358, 47, '2016-10-17 08:25:43.796496'),
(359, 47, '2016-10-17 08:25:44.393992'),
(360, 47, '2016-10-17 08:25:44.983862'),
(361, 47, '2016-10-17 08:25:45.542010'),
(362, 47, '2016-10-17 08:25:46.103492'),
(363, 47, '2016-10-17 08:25:46.644564'),
(364, 47, '2016-10-17 08:25:47.259296'),
(365, 47, '2016-10-17 08:25:47.893394'),
(366, 47, '2016-10-17 08:25:48.451999'),
(367, 47, '2016-10-17 08:25:49.089505'),
(368, 47, '2016-10-17 08:25:49.641720'),
(369, 47, '2016-10-17 08:25:50.187281'),
(370, 47, '2016-10-17 08:25:50.746812'),
(371, 47, '2016-10-17 08:25:51.360791'),
(372, 47, '2016-10-17 08:25:51.930897'),
(373, 47, '2016-10-17 08:25:52.508080'),
(374, 47, '2016-10-17 08:25:53.068211'),
(375, 47, '2016-10-17 08:25:53.617303'),
(376, 47, '2016-10-17 08:25:54.279615'),
(377, 47, '2016-10-17 08:25:54.887964'),
(378, 47, '2016-10-17 08:25:55.463681'),
(379, 47, '2016-10-17 08:25:56.083228'),
(380, 47, '2016-10-17 08:25:56.645920'),
(381, 47, '2016-10-17 08:25:57.201314'),
(382, 47, '2016-10-17 08:25:57.750704'),
(383, 47, '2016-10-17 08:25:58.301095'),
(384, 47, '2016-10-17 08:25:58.897538'),
(385, 47, '2016-10-17 08:25:59.450912'),
(386, 47, '2016-10-17 08:26:00.039330'),
(387, 47, '2016-10-17 08:26:00.580714'),
(388, 47, '2016-10-17 08:26:01.122099'),
(389, 47, '2016-10-17 08:26:01.664484'),
(390, 47, '2016-10-17 08:26:02.252902'),
(391, 47, '2016-10-17 08:26:02.838319'),
(392, 47, '2016-10-17 08:26:03.418730'),
(393, 47, '2016-10-17 08:26:03.981130'),
(394, 47, '2016-10-17 08:26:04.534523'),
(395, 47, '2016-10-17 08:26:05.233039'),
(396, 47, '2016-10-17 08:26:05.783410'),
(397, 47, '2016-10-17 08:26:06.370828'),
(398, 47, '2016-10-17 08:26:06.958264'),
(399, 47, '2016-10-17 08:26:07.522646'),
(400, 47, '2016-10-17 08:26:08.064030'),
(401, 47, '2016-10-17 08:26:08.627430'),
(402, 47, '2016-10-17 08:26:09.169816'),
(403, 47, '2016-10-17 08:26:09.756233'),
(404, 47, '2016-10-17 08:26:10.346744'),
(405, 47, '2016-10-17 08:26:10.901045'),
(406, 47, '2016-10-17 08:26:11.459442'),
(407, 47, '2016-10-17 08:26:12.007163'),
(408, 47, '2016-10-17 08:26:12.558022'),
(409, 47, '2016-10-17 08:26:13.141647'),
(410, 47, '2016-10-17 08:26:13.717735'),
(411, 47, '2016-10-17 08:26:14.304832'),
(412, 47, '2016-10-17 08:26:14.875425'),
(413, 47, '2016-10-17 08:26:15.447633'),
(414, 47, '2016-10-17 08:26:16.033833'),
(415, 47, '2016-10-17 08:26:16.587718'),
(416, 47, '2016-10-17 08:26:17.128680'),
(417, 47, '2016-10-17 08:26:17.708503'),
(418, 47, '2016-10-17 08:26:18.260860'),
(419, 47, '2016-10-17 08:26:18.827863'),
(420, 47, '2016-10-17 08:26:19.442133'),
(421, 47, '2016-10-17 08:26:20.054884'),
(422, 47, '2016-10-17 08:26:20.606985'),
(423, 47, '2016-10-17 08:26:21.219123'),
(424, 47, '2016-10-17 08:26:21.771293'),
(425, 47, '2016-10-17 08:26:22.384156'),
(426, 47, '2016-10-17 08:26:22.946188'),
(427, 47, '2016-10-17 08:26:23.504501'),
(428, 47, '2016-10-17 08:26:24.091623'),
(429, 47, '2016-10-17 08:26:24.633517'),
(430, 47, '2016-10-17 08:26:25.239324'),
(431, 47, '2016-10-17 08:26:25.785317'),
(432, 47, '2016-10-17 08:26:26.375716'),
(433, 47, '2016-10-17 08:26:26.992076'),
(434, 47, '2016-10-17 08:26:27.547861'),
(435, 47, '2016-10-17 08:26:28.131857'),
(436, 47, '2016-10-17 08:26:28.676968'),
(437, 47, '2016-10-17 08:26:29.234788'),
(438, 47, '2016-10-17 08:26:29.781647'),
(439, 47, '2016-10-17 08:26:30.371689'),
(440, 47, '2016-10-17 08:26:30.948829'),
(441, 47, '2016-10-17 08:26:31.510726'),
(442, 47, '2016-10-17 08:26:32.050565'),
(443, 47, '2016-10-17 08:26:32.597378'),
(444, 47, '2016-10-17 08:26:33.199516'),
(445, 47, '2016-10-17 08:26:33.744369'),
(446, 47, '2016-10-17 08:26:34.335581'),
(447, 47, '2016-10-17 08:26:34.927783'),
(448, 47, '2016-10-17 08:26:35.475725'),
(449, 47, '2016-10-17 08:26:36.035428'),
(450, 47, '2016-10-17 08:26:36.577181'),
(451, 47, '2016-10-17 08:26:37.168240'),
(452, 47, '2016-10-17 08:26:37.706474'),
(453, 47, '2016-10-17 08:26:38.297894'),
(454, 47, '2016-10-17 08:26:38.874305'),
(455, 47, '2016-10-17 08:26:39.445711'),
(456, 47, '2016-10-17 08:26:40.091168'),
(457, 47, '2016-10-17 08:26:40.644561'),
(458, 47, '2016-10-17 08:26:41.239843'),
(459, 47, '2016-10-17 08:26:41.825705'),
(460, 47, '2016-10-17 08:26:42.414553'),
(461, 47, '2016-10-17 08:26:42.998577'),
(462, 47, '2016-10-17 08:26:43.545494'),
(463, 47, '2016-10-17 08:26:44.161156'),
(464, 47, '2016-10-17 08:28:34.662301'),
(465, 47, '2016-10-17 08:28:35.216048'),
(466, 47, '2016-10-17 08:28:35.750590'),
(467, 47, '2016-10-17 08:28:36.301178'),
(468, 47, '2016-10-17 08:28:36.889594'),
(469, 47, '2016-10-17 08:28:37.475198'),
(470, 47, '2016-10-17 08:28:38.017607'),
(471, 47, '2016-10-17 08:28:38.605259'),
(472, 47, '2016-10-17 08:28:39.215035'),
(473, 47, '2016-10-17 08:28:39.757537'),
(474, 47, '2016-10-17 08:28:40.345108'),
(475, 47, '2016-10-17 08:28:40.917773'),
(476, 47, '2016-10-17 08:28:41.516374'),
(477, 47, '2016-10-17 08:28:42.066013'),
(478, 47, '2016-10-17 08:28:42.612671'),
(479, 47, '2016-10-17 08:28:43.201469'),
(480, 47, '2016-10-17 08:28:43.743045'),
(481, 47, '2016-10-17 08:28:44.328538'),
(482, 47, '2016-10-17 08:33:10.358328'),
(483, 47, '2016-10-17 08:33:10.956754'),
(484, 47, '2016-10-17 08:33:11.507146'),
(485, 47, '2016-10-17 08:33:12.059538'),
(486, 47, '2016-10-17 08:33:12.651957'),
(487, 47, '2016-10-17 08:33:13.253385'),
(488, 47, '2016-10-17 08:33:13.832797'),
(489, 47, '2016-10-17 08:33:14.388191'),
(490, 47, '2016-10-17 08:33:14.971606'),
(491, 47, '2016-10-17 08:33:15.518995'),
(492, 47, '2016-10-17 08:33:16.139435'),
(493, 47, '2016-10-17 08:33:17.054084'),
(494, 47, '2016-10-17 08:33:17.625491'),
(495, 47, '2016-10-17 08:33:18.165875'),
(496, 47, '2016-10-17 08:33:18.936422'),
(497, 47, '2016-10-17 08:33:19.485815'),
(498, 47, '2016-10-17 08:33:20.135273'),
(499, 47, '2016-10-17 08:33:30.640991'),
(500, 47, '2016-10-17 08:33:31.192384'),
(501, 47, '2016-10-17 08:33:31.756784'),
(502, 47, '2016-10-17 08:33:32.439268'),
(503, 47, '2016-10-17 08:33:33.022682'),
(504, 47, '2016-10-17 08:33:33.612102'),
(505, 47, '2016-10-17 08:33:34.150498'),
(506, 47, '2016-10-17 08:33:34.737901'),
(507, 47, '2016-10-17 08:33:35.305304'),
(508, 47, '2016-10-17 08:33:35.888721'),
(509, 47, '2016-10-17 08:33:36.490146'),
(510, 47, '2016-10-17 08:33:37.104583'),
(511, 47, '2016-10-17 08:33:37.697005'),
(512, 47, '2016-10-17 08:33:38.237408'),
(513, 47, '2016-10-17 08:33:38.850823'),
(514, 47, '2016-10-17 08:33:39.408240'),
(515, 47, '2016-10-17 08:33:40.015650'),
(516, 47, '2016-10-17 08:33:40.573051'),
(517, 47, '2016-10-17 08:34:01.087620'),
(518, 47, '2016-10-17 08:34:01.731076'),
(519, 47, '2016-10-17 08:34:02.374534'),
(520, 47, '2016-10-17 08:34:02.987970'),
(521, 47, '2016-10-17 08:34:03.583392'),
(522, 47, '2016-10-17 08:34:04.225849'),
(523, 47, '2016-10-17 08:34:04.828278'),
(524, 47, '2016-10-17 08:34:05.419697'),
(525, 47, '2016-10-17 08:34:06.026127'),
(526, 47, '2016-10-17 08:34:06.618548'),
(527, 47, '2016-10-17 08:34:07.261005'),
(528, 47, '2016-10-17 08:34:07.818422'),
(529, 47, '2016-10-17 08:34:08.388806'),
(530, 47, '2016-10-17 08:34:08.984230'),
(531, 47, '2016-10-17 08:34:09.589659'),
(532, 47, '2016-10-17 08:34:10.144073'),
(533, 47, '2016-10-17 08:34:10.725466'),
(534, 47, '2016-10-17 08:41:50.361232'),
(535, 47, '2016-10-17 08:42:30.467163'),
(536, 47, '2016-10-17 08:44:03.256076'),
(537, 47, '2016-10-17 08:44:11.206726'),
(538, 47, '2016-10-17 08:45:32.479029'),
(539, 47, '2016-10-17 08:47:35.615500'),
(540, 47, '2016-10-17 08:47:37.779037'),
(541, 47, '2016-10-17 08:47:39.813503'),
(542, 47, '2016-10-17 08:47:41.796893'),
(543, 47, '2016-10-17 08:47:43.913397'),
(544, 47, '2016-10-17 08:47:45.890800'),
(545, 47, '2016-10-17 08:47:47.760127'),
(546, 47, '2016-10-17 08:47:54.770107'),
(547, 47, '2016-10-17 08:47:57.012701'),
(548, 47, '2016-10-17 08:47:59.343356'),
(549, 47, '2016-10-17 08:48:01.163648'),
(550, 47, '2016-10-17 08:48:03.600380'),
(551, 47, '2016-10-17 08:48:26.568825'),
(552, 47, '2016-10-17 08:48:28.786401'),
(553, 47, '2016-10-17 08:48:30.896900'),
(554, 47, '2016-10-17 08:48:33.057436'),
(555, 47, '2016-10-17 08:48:35.072867'),
(556, 47, '2016-10-17 08:48:37.086297'),
(557, 47, '2016-10-17 08:48:39.483000'),
(558, 47, '2016-10-17 08:48:41.495429'),
(559, 47, '2016-10-17 08:48:43.670980'),
(560, 47, '2016-10-17 08:48:45.717429'),
(561, 47, '2016-10-17 08:48:47.965025'),
(562, 47, '2016-10-17 08:48:50.100544'),
(563, 47, '2016-10-17 08:49:13.317034'),
(564, 47, '2016-10-17 08:49:13.954487'),
(565, 47, '2016-10-17 08:49:14.557919'),
(566, 47, '2016-10-17 08:49:15.177357'),
(567, 47, '2016-10-17 08:49:15.744759'),
(568, 47, '2016-10-17 08:49:16.289145'),
(569, 47, '2016-10-17 08:49:16.838536'),
(570, 47, '2016-10-17 08:49:17.385925'),
(571, 47, '2016-10-17 08:49:17.937316'),
(572, 47, '2016-10-17 08:49:18.524734'),
(573, 47, '2016-10-17 08:49:19.067119'),
(574, 47, '2016-10-17 08:49:19.615511'),
(575, 47, '2016-10-17 08:49:20.151889'),
(576, 47, '2016-10-17 08:49:20.726301'),
(577, 47, '2016-10-17 08:49:21.300706'),
(578, 47, '2016-10-17 08:49:21.846093'),
(579, 47, '2016-10-17 08:49:22.390480'),
(580, 47, '2016-10-17 08:49:22.941883'),
(581, 47, '2016-10-17 08:49:33.115098'),
(582, 47, '2016-10-17 08:49:35.099508'),
(583, 47, '2016-10-17 08:49:37.230021'),
(584, 47, '2016-10-17 08:49:39.237448'),
(585, 47, '2016-10-17 08:49:48.752206'),
(586, 47, '2016-10-17 08:49:51.248980'),
(587, 47, '2016-10-17 08:49:53.558621'),
(588, 47, '2016-10-17 08:50:03.900968'),
(589, 47, '2016-10-17 08:50:06.171581'),
(590, 47, '2016-10-17 08:50:08.178006'),
(591, 47, '2016-10-17 08:50:10.279498'),
(592, 47, '2016-10-17 08:50:12.254902'),
(593, 47, '2016-10-17 08:50:14.224306'),
(594, 47, '2016-10-17 08:50:16.368827'),
(595, 47, '2016-10-17 08:50:18.410275'),
(596, 47, '2016-10-17 08:50:20.450725'),
(597, 47, '2016-10-17 08:50:22.400113'),
(598, 47, '2016-10-17 08:50:24.466577'),
(599, 47, '2016-10-17 08:52:31.451337'),
(600, 47, '2016-10-17 08:52:34.429925'),
(601, 47, '2016-10-17 08:52:36.659508'),
(602, 47, '2016-10-17 08:52:38.779014'),
(603, 47, '2016-10-17 08:52:40.712391'),
(604, 47, '2016-10-17 08:52:42.754838'),
(605, 47, '2016-10-17 08:52:44.725238'),
(606, 47, '2016-10-18 10:02:52.795694'),
(607, 47, '2016-10-18 10:02:53.373981'),
(608, 47, '2016-10-18 10:02:54.013906'),
(609, 47, '2016-10-18 10:02:54.556677'),
(610, 47, '2016-10-18 10:02:55.102488'),
(611, 47, '2016-10-18 10:02:55.638052'),
(612, 47, '2016-10-18 10:02:56.237959'),
(613, 47, '2016-10-18 10:02:56.802496'),
(614, 47, '2016-10-18 10:02:57.362495'),
(615, 47, '2016-10-18 10:02:57.943723'),
(616, 47, '2016-10-18 10:02:58.530941'),
(617, 47, '2016-10-18 10:02:59.107750'),
(618, 47, '2016-10-18 10:02:59.706516'),
(619, 47, '2016-10-18 10:03:00.376178'),
(620, 47, '2016-10-18 10:03:00.964961'),
(621, 47, '2016-10-18 10:03:01.552362'),
(622, 47, '2016-10-18 10:03:02.110245'),
(623, 47, '2016-10-19 10:08:47.326144'),
(624, 47, '2016-10-19 10:08:47.930584'),
(625, 47, '2016-10-19 10:08:48.546220'),
(626, 47, '2016-10-19 10:08:49.148267'),
(627, 47, '2016-10-19 10:08:49.695686'),
(628, 47, '2016-10-19 10:08:50.296365'),
(629, 47, '2016-10-19 10:08:50.906672'),
(630, 47, '2016-10-19 10:08:51.506947'),
(631, 47, '2016-10-19 10:08:52.110613'),
(632, 47, '2016-10-19 10:08:52.668127'),
(633, 47, '2016-10-19 10:08:53.264660'),
(634, 47, '2016-10-19 10:08:53.819887'),
(635, 47, '2016-10-19 10:08:54.419787'),
(636, 47, '2016-10-19 10:08:55.032880'),
(637, 47, '2016-10-19 10:08:55.629110'),
(638, 47, '2016-10-19 10:08:56.244108'),
(639, 47, '2016-10-19 10:08:56.853086'),
(640, 47, '2016-10-19 10:09:07.128593'),
(641, 47, '2016-10-19 10:09:07.762043'),
(642, 47, '2016-10-19 10:09:08.316436'),
(643, 47, '2016-10-19 10:09:08.861822'),
(644, 47, '2016-10-19 10:09:09.448238'),
(645, 47, '2016-10-19 10:09:09.995626'),
(646, 47, '2016-10-19 10:09:10.583045'),
(647, 47, '2016-10-19 10:09:11.193477'),
(648, 47, '2016-10-19 10:09:11.789922'),
(649, 47, '2016-10-19 10:09:12.374315'),
(650, 47, '2016-10-19 10:09:12.912699'),
(651, 47, '2016-10-19 10:09:13.502136'),
(652, 47, '2016-10-19 10:09:14.118564'),
(653, 47, '2016-10-19 10:09:14.709991'),
(654, 47, '2016-10-19 10:09:15.297410'),
(655, 47, '2016-10-19 10:09:15.886008'),
(656, 47, '2016-10-19 10:09:16.484432'),
(657, 47, '2016-10-19 10:09:17.035823'),
(658, 47, '2016-10-19 10:20:01.649675'),
(659, 47, '2016-10-19 10:20:02.237089'),
(660, 47, '2016-10-19 10:20:02.828508'),
(661, 47, '2016-10-19 10:20:03.371893'),
(662, 47, '2016-10-19 10:20:03.963315'),
(663, 47, '2016-10-19 10:20:04.518709'),
(664, 47, '2016-10-19 10:20:05.106126'),
(665, 47, '2016-10-19 10:20:05.696542'),
(666, 47, '2016-10-19 10:20:06.282959'),
(667, 47, '2016-10-19 10:20:06.870376'),
(668, 47, '2016-10-19 10:20:07.412761'),
(669, 47, '2016-10-19 10:20:08.022195'),
(670, 47, '2016-10-19 10:20:08.630625'),
(671, 47, '2016-10-19 10:20:09.206037'),
(672, 47, '2016-10-19 10:20:09.769435'),
(673, 47, '2016-10-19 10:20:10.322845'),
(674, 47, '2016-10-19 10:20:10.879233'),
(675, 47, '2016-10-19 10:20:11.420604'),
(676, 47, '2016-10-19 10:20:15.420442'),
(677, 47, '2016-10-19 10:20:16.008859'),
(678, 47, '2016-10-19 10:20:16.591274'),
(679, 47, '2016-10-19 10:20:17.181208'),
(680, 47, '2016-10-19 10:20:17.766623'),
(681, 47, '2016-10-19 10:20:18.308020'),
(682, 47, '2016-10-19 10:20:18.891421'),
(683, 47, '2016-10-19 10:20:19.569905'),
(684, 47, '2016-10-19 10:20:20.158323'),
(685, 47, '2016-10-19 10:20:20.743737'),
(686, 47, '2016-10-19 10:20:21.284129'),
(687, 47, '2016-10-19 10:20:22.060669'),
(688, 47, '2016-10-19 10:20:22.970315'),
(689, 47, '2016-10-19 10:20:23.744866'),
(690, 47, '2016-10-19 10:20:24.559442'),
(691, 47, '2016-10-19 10:20:26.847068'),
(692, 47, '2016-10-19 10:20:27.424475'),
(693, 47, '2016-10-19 10:20:28.061927'),
(694, 47, '2016-10-19 10:20:28.650347'),
(695, 47, '2016-10-19 10:20:29.200737'),
(696, 47, '2016-10-19 10:20:29.790156'),
(697, 47, '2016-10-19 10:20:30.618743'),
(698, 47, '2016-10-19 10:20:31.206158'),
(699, 47, '2016-10-19 10:20:31.765556'),
(700, 47, '2016-10-19 10:20:32.358981'),
(701, 47, '2016-10-19 10:20:32.911368'),
(702, 47, '2016-10-19 10:20:33.476771'),
(703, 47, '2016-10-19 10:20:34.084202'),
(704, 47, '2016-10-19 10:20:34.635594'),
(705, 47, '2016-10-19 10:20:35.248026'),
(706, 47, '2016-10-19 10:20:35.867466'),
(707, 47, '2016-10-19 10:20:36.430885'),
(708, 47, '2016-11-17 15:43:32.678365'),
(709, 47, '2016-11-17 15:43:33.208756'),
(710, 47, '2016-11-17 15:43:38.884777'),
(711, 47, '2016-11-17 15:43:39.748785'),
(712, 47, '2016-11-17 15:43:40.665271'),
(713, 47, '2016-11-17 15:43:41.498864'),
(714, 47, '2016-11-17 15:43:42.337458'),
(715, 47, '2016-11-17 15:43:43.159197'),
(716, 47, '2016-11-17 15:43:44.050030'),
(717, 47, '2016-11-17 15:43:44.913228'),
(718, 47, '2016-11-17 15:43:45.818552'),
(719, 47, '2016-11-17 15:43:46.686523'),
(720, 47, '2016-11-17 15:43:47.646205'),
(721, 47, '2016-11-17 15:43:48.452363'),
(722, 47, '2016-11-17 15:43:49.380537'),
(723, 47, '2016-11-17 15:43:50.274012'),
(724, 47, '2016-11-17 15:43:51.111610'),
(725, 47, '2016-11-17 15:43:51.906929'),
(726, 47, '2016-11-17 15:43:52.755579'),
(727, 47, '2016-11-17 15:43:53.521119'),
(728, 47, '2016-11-17 15:43:54.367758'),
(729, 47, '2016-11-17 15:43:55.220193'),
(730, 47, '2016-11-17 15:43:56.166438'),
(731, 47, '2016-11-17 15:43:57.037058'),
(732, 47, '2016-11-17 15:43:57.918704'),
(733, 47, '2016-11-17 15:43:58.838879'),
(734, 47, '2016-11-17 15:43:59.693484'),
(735, 47, '2016-11-17 15:44:00.548776'),
(736, 47, '2016-11-17 15:44:01.371334'),
(737, 47, '2016-11-17 15:44:02.264141'),
(738, 47, '2016-11-17 15:44:02.984653'),
(739, 47, '2016-11-17 15:44:03.784978'),
(740, 47, '2016-11-17 15:44:04.660785'),
(741, 47, '2016-11-17 15:44:05.526397'),
(742, 47, '2016-11-17 15:44:06.376071'),
(743, 47, '2016-11-17 15:44:07.229739'),
(744, 47, '2016-11-17 15:44:08.118025'),
(745, 47, '2016-11-17 15:44:08.983640'),
(746, 47, '2016-11-17 15:44:09.796011'),
(747, 47, '2016-11-17 15:44:10.681408'),
(748, 47, '2016-11-17 15:44:11.550024'),
(749, 47, '2016-11-17 15:44:12.327578'),
(750, 47, '2016-11-17 15:44:13.188647'),
(751, 47, '2016-11-17 15:44:14.069161'),
(752, 47, '2016-11-17 15:44:14.911759'),
(753, 47, '2016-11-17 15:44:15.809646'),
(754, 47, '2016-11-17 15:44:16.658267'),
(755, 47, '2016-11-17 15:44:17.511872'),
(756, 47, '2016-11-17 15:44:18.363477'),
(757, 47, '2016-11-17 15:44:19.285282'),
(758, 47, '2016-11-17 15:44:20.156868'),
(759, 47, '2016-11-17 15:44:21.027486'),
(760, 47, '2016-11-17 15:44:21.980434'),
(761, 47, '2016-11-17 15:44:22.793018'),
(762, 47, '2016-11-17 15:44:23.678649'),
(763, 47, '2016-11-17 15:44:24.576247'),
(764, 47, '2016-11-17 15:44:25.413066'),
(765, 47, '2016-11-17 15:44:26.320825'),
(766, 47, '2016-11-17 15:44:27.096376'),
(767, 47, '2016-11-17 15:44:27.945900'),
(768, 47, '2016-11-17 15:44:28.885387'),
(769, 47, '2016-11-17 15:44:29.705970'),
(770, 47, '2016-11-17 15:44:30.677659'),
(771, 47, '2016-11-17 15:44:31.436526'),
(772, 47, '2016-11-17 15:44:32.387253'),
(773, 47, '2016-11-17 15:44:33.179816'),
(774, 47, '2016-11-17 15:44:33.993146'),
(775, 47, '2016-11-17 15:44:34.872998'),
(776, 47, '2016-11-17 15:44:35.770636'),
(777, 47, '2016-11-17 15:44:36.540361'),
(778, 47, '2016-11-17 15:44:37.451142'),
(779, 47, '2016-11-17 15:44:38.461508'),
(780, 47, '2016-11-17 15:44:39.397172'),
(781, 47, '2016-11-17 15:44:40.260926'),
(782, 47, '2016-11-17 15:44:41.240725'),
(783, 47, '2016-11-17 15:44:42.041293'),
(784, 47, '2016-11-17 15:44:42.808838'),
(785, 47, '2016-11-17 15:44:43.589392'),
(786, 47, '2016-11-17 15:44:44.425987'),
(787, 47, '2016-11-17 15:44:45.228558'),
(788, 47, '2016-11-17 15:44:46.055682'),
(789, 47, '2016-11-17 15:44:46.906286'),
(790, 47, '2016-11-17 15:44:47.814934'),
(791, 47, '2016-11-17 15:44:48.654527'),
(792, 47, '2016-11-17 15:44:49.478111'),
(793, 47, '2016-11-17 15:44:50.464811'),
(794, 47, '2016-11-17 15:44:51.210341'),
(795, 47, '2016-11-17 15:44:52.073957'),
(796, 47, '2016-11-17 15:44:52.974594'),
(797, 47, '2016-11-17 15:44:53.858221'),
(798, 47, '2016-11-17 15:44:54.715829'),
(799, 47, '2016-11-17 15:44:55.541418'),
(800, 47, '2016-11-17 15:44:56.444057'),
(801, 47, '2016-11-17 15:44:57.290658'),
(802, 47, '2016-11-17 15:44:58.156274'),
(803, 47, '2016-11-17 15:44:59.017884'),
(804, 47, '2016-11-17 15:44:59.885500'),
(805, 47, '2016-11-17 15:45:00.700079'),
(806, 47, '2016-11-17 15:45:01.487637'),
(807, 47, '2016-11-17 15:45:02.417297'),
(808, 47, '2016-11-17 15:45:03.152820'),
(809, 47, '2016-11-17 15:45:03.938378'),
(810, 47, '2016-11-17 15:45:04.795987'),
(811, 47, '2016-11-17 15:45:05.654596'),
(812, 47, '2016-11-17 15:45:06.524652'),
(813, 47, '2016-11-17 15:45:07.342232'),
(814, 47, '2016-11-17 15:45:08.309920'),
(815, 47, '2016-11-17 15:45:09.160523'),
(816, 47, '2016-11-17 15:45:10.031141'),
(817, 47, '2016-11-17 15:45:10.964804'),
(818, 47, '2016-11-17 15:45:11.881455'),
(819, 47, '2016-11-17 15:45:12.683024'),
(820, 47, '2016-11-17 15:45:13.455575'),
(821, 47, '2016-11-17 15:45:14.388234'),
(822, 47, '2016-11-17 15:45:15.218829'),
(823, 47, '2016-11-17 15:45:16.019404'),
(824, 47, '2016-11-17 15:45:16.914031'),
(825, 47, '2016-11-17 15:45:17.869706'),
(826, 47, '2016-11-17 15:45:18.715307'),
(827, 47, '2016-11-17 15:45:19.582922'),
(828, 47, '2016-11-17 15:45:20.516586'),
(829, 47, '2016-11-17 15:45:21.330164'),
(830, 47, '2016-11-17 15:45:21.827515'),
(831, 47, '2016-11-17 15:45:27.507579'),
(832, 47, '2016-11-17 15:45:28.368210'),
(833, 47, '2016-11-17 15:49:36.005904'),
(834, 47, '2016-11-17 15:49:39.484932'),
(835, 47, '2016-11-17 15:49:41.566102'),
(836, 47, '2016-11-17 15:49:58.730413'),
(837, 47, '2016-11-17 15:49:59.784530'),
(838, 47, '2016-11-17 15:50:00.521244'),
(839, 47, '2016-11-17 15:50:01.444903'),
(840, 47, '2016-11-17 15:50:02.404271'),
(841, 47, '2016-11-17 15:50:03.256504'),
(842, 47, '2016-11-17 15:50:04.114094'),
(843, 47, '2016-11-17 15:50:04.971520'),
(844, 47, '2016-11-17 15:50:05.777092'),
(845, 47, '2016-11-17 15:50:06.585360'),
(846, 47, '2016-11-17 15:50:07.411050'),
(847, 47, '2016-11-17 15:50:08.354715'),
(848, 47, '2016-11-17 15:50:09.198923'),
(849, 47, '2016-11-17 15:50:10.111633'),
(850, 47, '2016-11-17 15:50:10.981187'),
(851, 47, '2016-11-17 15:50:11.849804'),
(852, 47, '2016-11-17 15:50:12.729098'),
(853, 47, '2016-11-17 15:50:13.535987'),
(854, 47, '2016-11-17 15:50:14.361886'),
(855, 47, '2016-11-17 15:50:15.158942'),
(856, 47, '2016-11-17 15:50:15.720611'),
(857, 47, '2016-11-17 15:50:16.301023'),
(858, 47, '2016-11-17 15:50:16.751340'),
(859, 47, '2016-11-17 15:50:17.566225'),
(860, 47, '2016-11-17 15:50:18.461962'),
(861, 47, '2016-11-17 15:50:19.412845'),
(862, 47, '2016-11-17 15:50:20.305530'),
(863, 47, '2016-11-17 15:50:22.866331'),
(864, 47, '2016-11-17 15:50:23.548816'),
(865, 47, '2016-11-17 15:50:24.060821'),
(866, 47, '2016-11-17 15:50:25.300134'),
(867, 47, '2016-11-17 15:50:25.881463'),
(868, 47, '2016-11-17 15:50:26.604975'),
(869, 47, '2016-11-17 15:50:27.327012'),
(870, 47, '2016-11-17 15:50:28.066538'),
(871, 47, '2016-11-17 15:50:28.805006'),
(872, 47, '2016-11-17 15:50:29.623710'),
(873, 47, '2016-11-17 15:50:30.439382'),
(874, 47, '2016-11-17 15:50:31.239953'),
(875, 47, '2016-11-17 15:50:32.004951'),
(876, 47, '2016-11-17 15:50:32.796512'),
(877, 47, '2016-11-17 15:50:33.551201'),
(878, 47, '2016-11-17 15:50:34.339742'),
(879, 47, '2016-11-17 15:50:35.088577'),
(880, 47, '2016-11-17 15:50:37.417520'),
(881, 47, '2016-11-17 15:53:30.739958'),
(882, 47, '2016-11-17 15:53:35.857216'),
(883, 47, '2016-11-17 15:53:37.867431'),
(884, 47, '2016-11-28 09:27:16.842836'),
(885, 47, '2016-11-28 09:27:17.604778'),
(886, 47, '2016-11-28 09:27:18.767605'),
(887, 47, '2016-11-28 09:27:19.443088'),
(888, 47, '2016-11-28 09:27:19.971463'),
(889, 47, '2016-11-28 09:27:21.931948'),
(890, 47, '2016-11-28 09:27:23.221864'),
(891, 47, '2016-11-28 09:27:23.988409'),
(892, 47, '2016-11-28 09:27:27.025570'),
(893, 47, '2016-11-28 09:27:28.796831'),
(894, 47, '2016-11-28 09:27:29.902615'),
(895, 47, '2016-11-28 09:27:30.800254'),
(896, 47, '2016-11-28 09:27:31.569801'),
(897, 47, '2016-11-28 09:27:32.370373'),
(898, 47, '2016-11-28 09:27:33.191959'),
(899, 47, '2016-11-28 09:27:34.060575'),
(900, 47, '2016-11-28 09:27:35.097313'),
(901, 47, '2016-11-28 09:27:40.944469'),
(902, 47, '2016-11-28 09:27:41.523882'),
(903, 47, '2016-11-28 09:27:42.060263'),
(904, 47, '2016-11-28 09:27:42.595643'),
(905, 47, '2016-11-28 09:27:44.075699'),
(906, 47, '2016-11-28 09:27:44.941312'),
(907, 47, '2016-11-28 09:27:45.587772'),
(908, 47, '2016-11-28 09:27:46.278266'),
(909, 47, '2016-11-28 09:27:47.177909'),
(910, 47, '2016-11-28 09:27:47.782335'),
(911, 47, '2016-11-28 09:27:48.551899'),
(912, 47, '2016-11-28 09:27:50.359166'),
(913, 47, '2016-11-28 09:27:51.742150'),
(914, 47, '2016-11-28 09:27:53.284246'),
(915, 47, '2016-11-28 09:27:54.392037'),
(916, 47, '2016-11-28 09:27:55.132560'),
(917, 47, '2016-11-28 09:27:55.631915'),
(918, 47, '2016-11-28 09:27:56.390455'),
(919, 47, '2016-11-28 09:27:56.973870'),
(920, 47, '2016-11-28 09:27:58.096669'),
(921, 47, '2016-11-28 09:27:58.855208'),
(922, 47, '2016-11-28 09:27:59.651776'),
(923, 47, '2016-11-28 09:28:00.406311'),
(924, 47, '2016-11-28 09:28:01.200879'),
(925, 47, '2016-11-28 09:28:01.983433'),
(926, 47, '2016-11-28 09:28:02.681930'),
(927, 47, '2016-11-28 09:28:03.571566'),
(928, 47, '2016-11-28 09:28:04.358122'),
(929, 47, '2016-11-28 09:28:05.984279'),
(930, 47, '2016-11-28 09:28:06.817872'),
(931, 47, '2016-11-28 09:28:07.669478'),
(932, 47, '2016-11-28 09:28:08.278914'),
(933, 47, '2016-11-28 09:28:08.799283'),
(934, 47, '2016-11-28 09:28:09.320652'),
(935, 47, '2016-11-28 09:28:10.008141'),
(936, 47, '2016-11-28 09:28:10.822720'),
(937, 47, '2016-11-28 09:28:11.597291'),
(938, 47, '2016-11-28 09:28:12.447896'),
(939, 47, '2016-11-28 09:28:13.221429'),
(940, 47, '2016-11-28 09:28:13.995977'),
(941, 47, '2016-11-28 09:28:14.830571'),
(942, 47, '2016-11-28 09:28:15.579104'),
(943, 47, '2016-11-28 09:28:16.363664'),
(944, 47, '2016-11-28 09:28:17.159227'),
(945, 47, '2016-11-28 09:28:17.938781'),
(946, 47, '2016-11-28 09:28:18.719338'),
(947, 47, '2016-11-28 09:28:19.458866'),
(948, 47, '2016-11-28 09:28:20.199409'),
(949, 47, '2016-11-28 09:28:20.969938'),
(950, 47, '2016-11-28 09:28:21.712467'),
(951, 47, '2016-11-28 09:28:22.518038'),
(952, 47, '2016-11-28 09:28:23.264573'),
(953, 47, '2016-11-28 09:28:24.087155'),
(954, 47, '2016-11-28 09:28:24.895733'),
(955, 47, '2016-11-28 09:28:26.498870'),
(956, 47, '2016-11-28 09:28:27.276423'),
(957, 47, '2016-11-28 09:28:28.021956'),
(958, 47, '2016-11-28 09:28:28.777493'),
(959, 47, '2016-11-28 09:28:29.522020'),
(960, 47, '2016-11-28 09:28:30.254541'),
(961, 47, '2016-11-28 09:28:30.998073'),
(962, 47, '2016-11-28 09:28:31.797639'),
(963, 47, '2016-11-28 09:28:32.615222'),
(964, 47, '2016-11-28 09:28:33.420795'),
(965, 47, '2016-11-28 09:28:34.269397'),
(966, 47, '2016-11-28 09:28:35.102990'),
(967, 47, '2016-11-28 09:28:35.908566'),
(968, 47, '2016-11-28 09:28:36.683116'),
(969, 47, '2016-11-28 09:28:37.453662'),
(970, 47, '2016-11-28 09:28:38.193191'),
(971, 47, '2016-11-28 09:28:38.927710'),
(972, 47, '2016-11-28 09:28:39.678247'),
(973, 47, '2016-11-28 09:28:40.477812'),
(974, 47, '2016-11-28 09:28:42.191034'),
(975, 47, '2016-11-28 09:28:43.919266'),
(976, 47, '2016-11-28 09:28:46.368022'),
(977, 47, '2016-11-28 09:28:47.133549'),
(978, 47, '2016-11-28 09:28:47.839049'),
(979, 47, '2016-11-28 09:28:48.621608'),
(980, 47, '2016-11-28 09:28:49.421177'),
(981, 47, '2016-11-28 09:28:55.088205'),
(982, 47, '2016-11-28 09:28:55.607574'),
(983, 47, '2016-11-28 09:28:56.161968'),
(984, 47, '2016-11-28 09:28:56.938520'),
(985, 47, '2016-11-28 09:28:59.842589'),
(986, 47, '2016-11-28 09:29:01.569814'),
(987, 47, '2016-11-28 09:29:02.627571'),
(988, 47, '2016-11-28 09:29:08.388664'),
(989, 47, '2016-11-28 09:29:08.912039'),
(990, 47, '2016-11-28 09:29:13.205091'),
(991, 47, '2016-11-28 09:29:15.739895'),
(992, 47, '2016-11-28 09:29:22.417643'),
(993, 47, '2016-11-28 09:29:24.476110'),
(994, 47, '2016-11-28 09:32:52.623480'),
(995, 47, '2016-11-28 09:32:53.364175'),
(996, 47, '2016-11-28 09:32:55.684826'),
(997, 47, '2016-11-28 09:32:57.154871'),
(998, 47, '2016-11-28 09:32:57.856371'),
(999, 47, '2016-11-28 09:32:58.685962'),
(1000, 47, '2016-11-28 09:32:59.418481'),
(1001, 47, '2016-11-28 09:33:00.149003'),
(1002, 47, '2016-11-28 09:33:01.014623'),
(1003, 47, '2016-11-28 09:33:01.721119'),
(1004, 47, '2016-11-28 09:33:02.520688'),
(1005, 47, '2016-11-28 09:33:03.347278'),
(1006, 47, '2016-11-28 09:33:04.156852'),
(1007, 47, '2016-11-28 09:33:04.864357'),
(1008, 47, '2016-11-28 09:33:05.965138'),
(1009, 47, '2016-11-28 09:33:06.398446'),
(1010, 47, '2016-11-28 09:33:07.221031'),
(1011, 47, '2016-11-28 09:33:08.310807'),
(1012, 47, '2016-11-28 09:33:08.869204'),
(1013, 47, '2016-11-28 09:33:09.976994'),
(1014, 47, '2016-11-28 09:33:10.252187'),
(1015, 47, '2016-11-28 09:33:11.227883'),
(1016, 47, '2016-11-28 09:33:11.863333'),
(1017, 47, '2016-11-28 09:33:12.558830'),
(1018, 47, '2016-11-28 09:33:13.574550'),
(1019, 47, '2016-11-28 09:33:14.356109'),
(1020, 47, '2016-11-28 09:33:15.188698'),
(1021, 47, '2016-11-28 09:33:16.091343'),
(1022, 47, '2016-11-28 09:33:16.620716'),
(1023, 47, '2016-11-28 09:33:17.224148'),
(1024, 47, '2016-11-28 09:33:18.311920'),
(1025, 47, '2016-11-28 09:33:19.855017'),
(1026, 47, '2016-11-28 09:33:20.368382'),
(1027, 47, '2016-11-28 09:33:21.585354'),
(1028, 47, '2016-11-28 09:33:22.339889'),
(1029, 47, '2016-11-28 09:33:23.996068'),
(1030, 47, '2016-11-28 09:33:25.298994'),
(1031, 47, '2016-11-28 09:33:25.819364'),
(1032, 47, '2016-11-28 09:33:26.343739'),
(1033, 47, '2016-11-28 09:33:27.010222'),
(1034, 47, '2016-11-28 09:33:27.631654'),
(1035, 47, '2016-11-28 09:33:30.594761'),
(1036, 47, '2016-11-28 09:33:30.651805'),
(1037, 47, '2016-11-28 09:33:31.176176'),
(1038, 47, '2016-11-28 09:33:31.843649'),
(1039, 47, '2016-11-28 09:33:32.379030'),
(1040, 47, '2016-11-28 09:33:33.449791'),
(1041, 47, '2016-11-28 09:33:34.313406'),
(1042, 47, '2016-11-28 09:33:35.331133'),
(1043, 47, '2016-11-28 09:33:36.655075'),
(1044, 47, '2016-11-28 09:33:38.168147'),
(1045, 47, '2016-11-28 09:33:39.635193'),
(1046, 47, '2016-11-28 09:33:40.046484'),
(1047, 47, '2016-11-28 09:33:41.321410'),
(1048, 47, '2016-11-28 09:33:42.159986'),
(1049, 47, '2016-11-28 09:33:43.017616'),
(1050, 47, '2016-11-28 09:33:44.611731'),
(1051, 47, '2016-11-28 09:33:46.191856'),
(1052, 47, '2016-11-28 09:33:46.971408'),
(1053, 47, '2016-11-28 09:33:47.701928'),
(1054, 47, '2016-11-28 09:33:48.508503'),
(1055, 47, '2016-11-28 09:33:49.348100'),
(1056, 47, '2016-11-28 09:33:50.977260'),
(1057, 47, '2016-11-28 09:33:51.722788'),
(1058, 47, '2016-11-28 09:33:52.529365'),
(1059, 47, '2016-11-28 09:33:53.313920'),
(1060, 47, '2016-11-28 09:33:54.155518'),
(1061, 47, '2016-11-28 09:33:54.933071'),
(1062, 47, '2016-11-28 09:33:55.757658'),
(1063, 47, '2016-11-28 09:33:57.697038'),
(1064, 47, '2016-11-28 09:33:58.236421'),
(1065, 47, '2016-11-28 09:33:58.763796'),
(1066, 47, '2016-11-28 09:33:59.430271'),
(1067, 47, '2016-11-28 09:33:59.882595'),
(1068, 47, '2016-11-28 09:34:00.419979'),
(1069, 47, '2016-11-28 09:34:02.247276'),
(1070, 47, '2016-11-28 09:34:02.846702'),
(1071, 47, '2016-11-28 09:34:03.869427'),
(1072, 47, '2016-11-28 09:34:04.542908'),
(1073, 47, '2016-11-28 09:34:05.457578'),
(1074, 47, '2016-11-28 09:34:06.258147'),
(1075, 47, '2016-11-28 09:34:07.534035'),
(1076, 47, '2016-11-28 09:34:08.326598'),
(1077, 47, '2016-11-28 09:34:13.683408'),
(1078, 47, '2016-11-28 09:34:14.199775'),
(1079, 47, '2016-11-28 09:34:21.355867'),
(1080, 47, '2016-11-28 09:34:26.512533'),
(1081, 47, '2016-11-28 09:34:34.249038'),
(1082, 47, '2016-11-28 09:34:35.203736'),
(1083, 47, '2016-11-28 09:34:36.617744'),
(1084, 47, '2016-11-28 09:34:38.358980'),
(1085, 47, '2016-11-28 09:34:38.897363'),
(1086, 47, '2016-11-28 09:34:39.947110'),
(1087, 47, '2016-11-28 09:34:40.617597'),
(1088, 47, '2016-11-28 09:34:43.592703'),
(1089, 47, '2016-11-28 09:34:45.197845'),
(1090, 47, '2016-11-28 09:34:46.275613'),
(1091, 47, '2016-11-28 09:34:47.638580'),
(1092, 47, '2016-11-28 09:34:48.459164'),
(1093, 47, '2016-11-28 09:34:54.119190'),
(1094, 47, '2016-11-28 09:34:54.651568'),
(1095, 47, '2016-11-28 09:34:55.191953'),
(1096, 47, '2016-11-28 09:34:55.683323'),
(1097, 47, '2016-11-28 09:34:56.225688'),
(1098, 47, '2016-11-28 09:34:56.792092'),
(1099, 47, '2016-11-28 09:34:59.433971'),
(1100, 47, '2016-11-28 09:35:00.650838'),
(1101, 47, '2016-11-28 09:35:01.361344'),
(1102, 47, '2016-11-28 09:35:03.818091'),
(1103, 47, '2016-11-28 09:35:09.498928'),
(1104, 47, '2016-11-28 09:35:11.413292'),
(1105, 47, '2016-11-28 10:02:48.002417'),
(1106, 47, '2016-11-28 10:02:48.363755'),
(1107, 47, '2016-11-28 10:02:48.875650'),
(1108, 47, '2016-11-28 10:02:51.994900'),
(1109, 47, '2016-11-28 10:02:55.071671'),
(1110, 47, '2016-11-28 10:02:56.952429'),
(1111, 47, '2016-11-28 10:02:58.139824'),
(1112, 47, '2016-11-28 10:02:59.321236'),
(1113, 47, '2016-11-28 10:03:00.164040'),
(1114, 47, '2016-11-28 10:03:00.974025'),
(1115, 47, '2016-11-28 10:03:01.773595'),
(1116, 47, '2016-11-28 10:03:02.545977'),
(1117, 47, '2016-11-28 10:03:03.376830'),
(1118, 47, '2016-11-28 10:03:04.238613'),
(1119, 47, '2016-11-28 10:03:05.109525'),
(1120, 47, '2016-11-28 10:03:06.036349'),
(1121, 47, '2016-11-28 10:03:06.893348'),
(1122, 47, '2016-11-28 10:03:07.716931'),
(1123, 47, '2016-11-28 10:03:08.471249'),
(1124, 47, '2016-11-28 10:03:09.242428'),
(1125, 47, '2016-11-28 10:03:10.085316'),
(1126, 47, '2016-11-28 10:03:10.914992'),
(1127, 47, '2016-11-28 10:03:11.396629'),
(1128, 47, '2016-11-28 10:03:12.017847'),
(1129, 47, '2016-11-28 10:03:12.538019'),
(1130, 47, '2016-11-28 10:03:13.196614'),
(1131, 47, '2016-11-28 10:03:14.102820'),
(1132, 47, '2016-11-28 10:03:14.866096'),
(1133, 47, '2016-11-28 10:03:15.681298'),
(1134, 47, '2016-11-28 10:03:16.450828'),
(1135, 47, '2016-11-28 10:03:17.136663'),
(1136, 47, '2016-11-28 10:03:17.865042'),
(1137, 47, '2016-11-28 10:03:18.616010'),
(1138, 47, '2016-11-28 10:03:19.315508'),
(1139, 47, '2016-11-28 10:03:20.074048'),
(1140, 47, '2016-11-28 10:03:20.811491'),
(1141, 47, '2016-11-28 10:03:21.587533'),
(1142, 47, '2016-11-28 10:03:22.111908'),
(1143, 47, '2016-11-28 10:03:23.157051'),
(1144, 47, '2016-11-28 10:03:23.937472'),
(1145, 47, '2016-11-28 10:03:24.720205'),
(1146, 47, '2016-11-28 10:03:25.254584'),
(1147, 47, '2016-11-28 10:03:26.186335'),
(1148, 47, '2016-11-28 10:03:26.965173'),
(1149, 47, '2016-11-28 10:03:27.480781'),
(1150, 47, '2016-11-28 10:03:29.479024'),
(1151, 47, '2016-11-28 10:03:30.722014'),
(1152, 47, '2016-11-28 10:03:31.417509'),
(1153, 47, '2016-11-28 10:03:32.075619'),
(1154, 47, '2016-11-28 10:03:32.592269'),
(1155, 47, '2016-11-28 10:03:33.225209'),
(1156, 47, '2016-11-28 10:03:33.740136'),
(1157, 47, '2016-11-28 10:03:35.427628'),
(1158, 47, '2016-11-28 10:03:35.943991'),
(1159, 47, '2016-11-28 10:03:36.445003'),
(1160, 47, '2016-11-28 10:03:40.528597'),
(1161, 47, '2016-11-28 10:03:41.079393'),
(1162, 47, '2016-11-28 10:03:41.597139'),
(1163, 47, '2016-11-28 10:03:42.084824'),
(1164, 47, '2016-11-28 10:03:44.964236'),
(1165, 47, '2016-11-28 10:03:45.581116'),
(1166, 47, '2016-11-28 10:03:46.770045'),
(1167, 47, '2016-11-28 10:04:00.791189'),
(1168, 47, '2016-11-28 10:04:01.742866'),
(1169, 47, '2016-11-28 10:04:02.502923'),
(1170, 47, '2016-11-28 10:04:03.276881'),
(1171, 47, '2016-11-28 10:04:04.126950'),
(1172, 47, '2016-11-28 10:04:04.710363'),
(1173, 47, '2016-11-28 10:04:05.920645'),
(1174, 47, '2016-11-28 10:04:06.766152'),
(1175, 47, '2016-11-28 10:04:07.604750'),
(1176, 47, '2016-11-28 10:04:08.149606'),
(1177, 47, '2016-11-28 10:04:09.217031'),
(1178, 47, '2016-11-28 10:04:09.947862'),
(1179, 47, '2016-11-28 10:04:10.739427'),
(1180, 47, '2016-11-28 10:04:11.525576'),
(1181, 47, '2016-11-28 10:04:12.345367'),
(1182, 47, '2016-11-28 10:04:13.200153'),
(1183, 47, '2016-11-28 10:04:13.857733'),
(1184, 47, '2016-11-28 10:04:14.880025'),
(1185, 47, '2016-11-28 10:04:15.722914'),
(1186, 47, '2016-11-28 10:04:16.557509'),
(1187, 47, '2016-11-28 10:04:17.313696'),
(1188, 47, '2016-11-28 10:04:18.123063'),
(1189, 47, '2016-11-28 10:04:18.930321'),
(1190, 47, '2016-11-28 10:04:19.652856'),
(1191, 47, '2016-11-28 10:04:20.508827'),
(1192, 47, '2016-11-28 10:04:21.274576'),
(1193, 47, '2016-11-28 10:04:22.129179'),
(1194, 47, '2016-11-28 10:04:23.006772'),
(1195, 47, '2016-11-28 10:04:23.877657'),
(1196, 47, '2016-11-28 10:04:24.672915'),
(1197, 47, '2016-11-28 10:04:25.522521'),
(1198, 47, '2016-11-28 10:04:26.326576'),
(1199, 47, '2016-11-28 10:04:27.113939'),
(1200, 47, '2016-11-28 10:04:27.890247'),
(1201, 47, '2016-11-28 10:04:28.647782'),
(1202, 47, '2016-11-28 10:04:29.431879'),
(1203, 47, '2016-11-28 10:04:30.276071'),
(1204, 47, '2016-11-28 10:04:31.032305'),
(1205, 47, '2016-11-28 10:04:31.918152'),
(1206, 47, '2016-11-28 10:04:32.756678'),
(1207, 47, '2016-11-28 10:04:33.349599'),
(1208, 47, '2016-11-28 10:04:34.675031'),
(1209, 47, '2016-11-28 10:04:35.431939'),
(1210, 47, '2016-11-28 10:04:35.966679'),
(1211, 47, '2016-11-28 10:04:36.623317'),
(1212, 47, '2016-11-28 10:04:37.143684'),
(1213, 47, '2016-11-28 10:04:37.790148'),
(1214, 47, '2016-11-28 10:04:38.305625'),
(1215, 47, '2016-11-28 10:04:38.856343'),
(1216, 47, '2016-11-28 10:04:39.430371'),
(1217, 47, '2016-11-28 10:04:39.912864'),
(1218, 47, '2016-11-28 10:04:40.429231'),
(1219, 47, '2016-11-28 10:04:40.939773'),
(1220, 47, '2016-11-28 10:05:02.399617'),
(1221, 47, '2016-11-28 10:05:02.899322'),
(1222, 47, '2016-11-28 10:05:03.430215'),
(1223, 47, '2016-11-28 10:05:03.981739'),
(1224, 47, '2016-11-28 10:05:07.439465'),
(1225, 47, '2016-11-28 10:05:09.526766'),
(1226, 47, '2016-11-28 10:05:11.470565'),
(1227, 47, '2016-11-28 10:05:22.275104'),
(1228, 47, '2016-11-28 10:05:23.926318'),
(1229, 47, '2016-11-28 10:05:24.436157'),
(1230, 47, '2016-11-28 10:05:24.969198'),
(1231, 47, '2016-11-28 10:05:25.486565'),
(1232, 47, '2016-11-28 10:05:30.273011'),
(1233, 47, '2016-11-28 10:05:30.783539'),
(1234, 47, '2016-11-28 10:05:31.894311'),
(1235, 47, '2016-11-28 10:05:32.395886'),
(1236, 47, '2016-11-28 10:05:32.890104'),
(1237, 47, '2016-11-28 10:05:33.513023'),
(1238, 47, '2016-11-28 10:05:33.933318'),
(1239, 47, '2016-11-28 10:05:34.464697'),
(1240, 47, '2016-11-28 10:05:34.994074'),
(1241, 47, '2016-11-28 10:05:35.521989'),
(1242, 47, '2016-11-28 10:05:35.995626'),
(1243, 47, '2016-11-28 10:05:36.521267'),
(1244, 47, '2016-11-28 10:05:37.053741'),
(1245, 47, '2016-11-28 10:05:37.574130'),
(1246, 47, '2016-11-28 10:05:38.111712'),
(1247, 47, '2016-11-28 10:05:38.629310'),
(1248, 47, '2016-11-28 10:05:39.117908'),
(1249, 47, '2016-11-28 10:05:39.694518'),
(1250, 47, '2016-11-28 10:05:40.167855'),
(1251, 47, '2016-11-28 10:05:40.699233'),
(1252, 47, '2016-11-28 10:05:41.197824'),
(1253, 47, '2016-11-28 10:05:41.754320'),
(1254, 47, '2016-11-28 10:05:42.233571'),
(1255, 47, '2016-11-28 10:05:42.780978'),
(1256, 47, '2016-11-28 10:05:43.289339'),
(1257, 47, '2016-11-28 10:05:44.330310'),
(1258, 47, '2016-11-28 10:05:44.842298'),
(1259, 47, '2016-11-28 10:05:45.372697'),
(1260, 47, '2016-11-28 10:05:45.987665'),
(1261, 47, '2016-11-28 10:05:46.510033'),
(1262, 47, '2016-11-28 10:05:47.079815'),
(1263, 47, '2016-11-28 10:05:47.584155'),
(1264, 47, '2016-11-28 10:05:48.094760'),
(1265, 47, '2016-11-28 10:05:48.653195'),
(1266, 47, '2016-11-28 10:05:49.178568'),
(1267, 47, '2016-11-28 10:05:49.878166'),
(1268, 47, '2016-11-28 10:05:50.435828'),
(1269, 47, '2016-11-28 10:05:50.993921'),
(1270, 47, '2016-11-28 10:05:52.554696'),
(1271, 47, '2016-11-28 10:05:53.081453'),
(1272, 47, '2016-11-28 10:05:54.096068'),
(1273, 47, '2016-11-28 10:05:54.661396'),
(1274, 47, '2016-11-28 10:05:55.152746'),
(1275, 47, '2016-11-28 10:05:55.684128'),
(1276, 47, '2016-11-28 10:05:57.247045');
INSERT INTO `heart_beat` (`id`, `user_id`, `ibi`) VALUES
(1277, 47, '2016-11-28 10:05:57.786012'),
(1278, 47, '2016-11-28 10:05:58.320392'),
(1279, 47, '2016-11-28 10:05:58.848766'),
(1280, 47, '2016-11-28 10:05:59.341267'),
(1281, 47, '2016-11-28 10:06:00.925990'),
(1282, 47, '2016-11-28 10:06:01.462372'),
(1283, 47, '2016-11-28 10:06:01.958725'),
(1284, 47, '2016-11-28 10:06:15.162491'),
(1285, 47, '2016-11-28 10:06:15.689854'),
(1286, 47, '2016-11-28 10:06:16.719585'),
(1287, 47, '2016-11-28 10:06:17.233203'),
(1288, 47, '2016-11-28 10:06:17.738877'),
(1289, 47, '2016-11-28 10:06:18.256730'),
(1290, 47, '2016-11-28 10:06:18.794502'),
(1291, 47, '2016-11-28 10:06:19.316874'),
(1292, 47, '2016-11-28 10:06:24.949204'),
(1293, 47, '2016-11-28 10:07:04.524628'),
(1294, 47, '2016-11-28 10:07:06.759727'),
(1295, 47, '2016-11-28 10:07:08.196008'),
(1296, 47, '2016-11-28 10:07:09.105593'),
(1297, 47, '2016-11-28 10:07:09.612944'),
(1298, 47, '2016-11-28 10:07:10.141322'),
(1299, 47, '2016-11-28 10:07:10.748751'),
(1300, 47, '2016-11-28 10:07:11.259223'),
(1301, 47, '2016-11-28 10:07:11.945892'),
(1302, 47, '2016-11-28 10:07:12.543117'),
(1303, 47, '2016-11-28 10:07:13.057561'),
(1304, 47, '2016-11-28 10:07:13.756077'),
(1305, 47, '2016-11-28 10:07:14.241402'),
(1306, 47, '2016-11-28 10:07:14.764344'),
(1307, 47, '2016-11-28 10:07:15.940798'),
(1308, 47, '2016-11-28 10:07:16.660309'),
(1309, 47, '2016-11-28 10:07:18.416712'),
(1310, 47, '2016-11-28 10:07:19.458932'),
(1311, 47, '2016-11-28 10:07:20.691432'),
(1312, 47, '2016-11-28 10:07:21.410079'),
(1313, 47, '2016-11-28 10:07:22.150606'),
(1314, 47, '2016-11-28 10:07:22.863112'),
(1315, 47, '2016-11-28 10:07:23.619290'),
(1316, 47, '2016-11-28 10:07:24.444160'),
(1317, 47, '2016-11-28 10:07:25.219920'),
(1318, 47, '2016-11-28 10:07:25.851512'),
(1319, 47, '2016-11-28 10:07:26.395515'),
(1320, 47, '2016-11-28 10:07:27.563601'),
(1321, 47, '2016-11-28 10:07:28.336249'),
(1322, 47, '2016-11-28 10:07:29.179220'),
(1323, 47, '2016-11-28 10:07:29.934966'),
(1324, 47, '2016-11-28 10:07:30.749848'),
(1325, 47, '2016-11-28 10:07:31.518377'),
(1326, 47, '2016-11-28 10:07:32.264421'),
(1327, 47, '2016-11-28 10:07:33.060905'),
(1328, 47, '2016-11-28 10:07:33.815450'),
(1329, 47, '2016-11-28 10:07:34.519949'),
(1330, 47, '2016-11-28 10:07:35.905901'),
(1331, 47, '2016-11-28 10:07:36.628841'),
(1332, 47, '2016-11-28 10:07:37.394366'),
(1333, 47, '2016-11-28 10:07:37.879883'),
(1334, 47, '2016-11-28 10:07:38.909432'),
(1335, 47, '2016-11-28 10:07:39.650553'),
(1336, 47, '2016-11-28 10:07:40.421103'),
(1337, 47, '2016-11-28 10:07:40.970507'),
(1338, 47, '2016-11-28 10:07:41.518263'),
(1339, 47, '2016-11-28 10:07:42.590394'),
(1340, 47, '2016-11-28 10:07:43.283016'),
(1341, 47, '2016-11-28 10:07:43.866571'),
(1342, 47, '2016-11-28 10:07:44.503721'),
(1343, 47, '2016-11-28 10:07:45.424198'),
(1344, 47, '2016-11-28 10:07:46.662368'),
(1345, 47, '2016-11-28 10:07:47.484967'),
(1346, 47, '2016-11-28 10:07:48.148091'),
(1347, 47, '2016-11-28 10:07:48.744600'),
(1348, 47, '2016-11-28 10:07:49.600208'),
(1349, 47, '2016-11-28 10:07:50.330988'),
(1350, 47, '2016-11-28 10:07:51.170547'),
(1351, 47, '2016-11-28 10:07:51.904462'),
(1352, 47, '2016-11-28 10:07:52.662987'),
(1353, 47, '2016-11-28 10:07:53.405725'),
(1354, 47, '2016-11-28 10:07:54.159452'),
(1355, 47, '2016-11-28 10:07:54.897583'),
(1356, 47, '2016-11-28 10:07:55.633106'),
(1357, 47, '2016-11-28 10:07:56.343106'),
(1358, 47, '2016-11-28 10:07:57.093096'),
(1359, 47, '2016-11-28 10:07:57.874747'),
(1360, 47, '2016-11-28 10:07:58.642310'),
(1361, 47, '2016-11-28 10:07:59.310912'),
(1362, 47, '2016-11-28 10:08:00.081181'),
(1363, 47, '2016-11-28 10:08:00.638940'),
(1364, 47, '2016-11-28 10:08:01.143301'),
(1365, 47, '2016-11-28 10:08:06.759441'),
(1366, 47, '2016-11-28 10:08:46.274204'),
(1367, 47, '2016-11-28 10:08:49.810242'),
(1368, 47, '2016-11-28 10:08:50.879816'),
(1369, 47, '2016-11-28 10:08:51.788822'),
(1370, 47, '2016-11-28 10:08:52.676453'),
(1371, 47, '2016-11-28 10:08:53.468664'),
(1372, 47, '2016-11-28 10:08:54.259010'),
(1373, 47, '2016-11-28 10:08:55.049307'),
(1374, 47, '2016-11-28 10:08:55.813851'),
(1375, 47, '2016-11-28 10:08:56.516048'),
(1376, 47, '2016-11-28 10:08:57.285631'),
(1377, 47, '2016-11-28 10:08:58.769788'),
(1378, 47, '2016-11-28 10:08:59.576659'),
(1379, 47, '2016-11-28 10:09:00.381224'),
(1380, 47, '2016-11-28 10:09:01.173922'),
(1381, 47, '2016-11-28 10:09:01.694292'),
(1382, 47, '2016-11-28 10:09:02.742991'),
(1383, 47, '2016-11-28 10:09:03.527518'),
(1384, 47, '2016-11-28 10:09:04.269330'),
(1385, 47, '2016-11-28 10:09:05.024047'),
(1386, 47, '2016-11-28 10:09:05.724053'),
(1387, 47, '2016-11-28 10:09:06.394308'),
(1388, 47, '2016-11-28 10:09:07.114069'),
(1389, 47, '2016-11-28 10:09:07.849612'),
(1390, 47, '2016-11-28 10:09:08.403166'),
(1391, 47, '2016-11-28 10:09:08.970559'),
(1392, 47, '2016-11-28 10:09:14.584825'),
(1393, 47, '2016-11-28 10:09:20.208950'),
(1394, 47, '2016-11-28 10:09:21.288880'),
(1395, 47, '2016-11-28 10:09:21.798924'),
(1396, 47, '2016-11-28 10:09:22.336306'),
(1397, 47, '2016-11-28 10:09:22.840665'),
(1398, 47, '2016-11-28 10:09:23.341076'),
(1399, 47, '2016-11-28 10:09:23.901153'),
(1400, 47, '2016-11-28 10:09:24.432066'),
(1401, 47, '2016-11-28 10:09:24.921592'),
(1402, 47, '2016-11-28 10:09:25.468980'),
(1403, 47, '2016-11-28 10:09:25.955325'),
(1404, 47, '2016-11-28 10:09:26.494445'),
(1405, 47, '2016-11-28 10:09:26.993045'),
(1406, 47, '2016-11-28 10:09:27.563809'),
(1407, 47, '2016-11-28 10:09:28.597646'),
(1408, 47, '2016-11-28 10:09:29.603265'),
(1409, 47, '2016-11-28 10:09:30.165429'),
(1410, 47, '2016-11-28 10:09:31.738302'),
(1411, 47, '2016-11-28 10:09:32.269275'),
(1412, 47, '2016-11-28 10:09:32.797050'),
(1413, 47, '2016-11-28 10:09:33.358730'),
(1414, 47, '2016-11-28 10:09:33.858706'),
(1415, 47, '2016-11-28 10:09:34.398070'),
(1416, 47, '2016-11-28 10:09:35.051129'),
(1417, 47, '2016-11-28 10:09:35.532972'),
(1418, 47, '2016-11-28 10:09:35.995431'),
(1419, 47, '2016-11-28 10:09:36.519802'),
(1420, 47, '2016-11-28 10:09:37.021178'),
(1421, 47, '2016-11-28 10:09:37.604573'),
(1422, 47, '2016-11-28 10:09:38.098925'),
(1423, 47, '2016-11-28 10:09:39.057607'),
(1424, 47, '2016-11-28 10:09:39.593988'),
(1425, 47, '2016-11-28 10:09:40.728795'),
(1426, 47, '2016-11-28 10:09:42.815279'),
(1427, 47, '2016-11-28 10:09:43.867030'),
(1428, 47, '2016-11-28 10:09:44.370385'),
(1429, 47, '2016-11-28 10:09:44.871744'),
(1430, 47, '2016-11-28 10:09:45.399119'),
(1431, 47, '2016-11-28 10:09:45.945506'),
(1432, 47, '2016-11-28 10:09:46.963232'),
(1433, 47, '2016-11-28 10:09:48.030998'),
(1434, 47, '2016-11-28 10:09:48.540079'),
(1435, 47, '2016-11-28 10:09:49.049488'),
(1436, 47, '2016-11-28 10:09:49.587870'),
(1437, 47, '2016-11-28 10:09:50.162279'),
(1438, 47, '2016-11-28 10:09:50.583581'),
(1439, 47, '2016-11-28 10:09:51.137867'),
(1440, 47, '2016-11-28 10:09:51.652843'),
(1441, 47, '2016-11-28 10:09:52.709595'),
(1442, 47, '2016-11-28 10:09:53.318559'),
(1443, 47, '2016-11-28 10:09:53.770536'),
(1444, 47, '2016-11-28 10:09:54.233974'),
(1445, 47, '2016-11-28 10:09:54.777559'),
(1446, 47, '2016-11-28 10:09:55.293924'),
(1447, 47, '2016-11-28 10:09:55.832306'),
(1448, 47, '2016-11-28 10:09:56.340693'),
(1449, 47, '2016-11-28 10:09:56.855197'),
(1450, 47, '2016-11-28 10:09:57.512666'),
(1451, 47, '2016-11-28 10:09:58.386286'),
(1452, 47, '2016-11-28 10:09:58.672490'),
(1453, 47, '2016-11-28 10:09:59.580136'),
(1454, 47, '2016-11-28 10:10:00.106511'),
(1455, 47, '2016-11-28 10:10:00.814013'),
(1456, 47, '2016-11-28 10:10:01.199287'),
(1457, 47, '2016-11-28 10:10:01.842745'),
(1458, 47, '2016-11-28 10:10:04.147960'),
(1459, 47, '2016-11-28 10:10:05.541955'),
(1460, 47, '2016-11-28 10:10:16.660861'),
(1461, 47, '2016-11-28 10:10:17.834696'),
(1462, 47, '2016-11-28 10:10:18.616252'),
(1463, 47, '2016-11-28 10:10:19.445842'),
(1464, 47, '2016-11-28 10:10:20.210385'),
(1465, 47, '2016-11-28 10:10:20.959499'),
(1466, 47, '2016-11-28 10:10:21.625973'),
(1467, 47, '2016-11-28 10:10:22.370502'),
(1468, 47, '2016-11-28 10:10:23.048985'),
(1469, 47, '2016-11-28 10:10:23.777073'),
(1470, 47, '2016-11-28 10:10:24.478573'),
(1471, 47, '2016-11-28 10:10:25.264130'),
(1472, 47, '2016-11-28 10:10:25.986644'),
(1473, 47, '2016-11-28 10:10:26.776770'),
(1474, 47, '2016-11-28 10:10:27.446244'),
(1475, 47, '2016-11-28 10:10:28.257820'),
(1476, 47, '2016-11-28 10:10:28.990340'),
(1477, 47, '2016-11-28 10:10:29.689923'),
(1478, 47, '2016-11-28 10:10:30.452012'),
(1479, 47, '2016-11-28 10:10:31.140503'),
(1480, 47, '2016-11-28 10:10:31.844004'),
(1481, 47, '2016-11-28 10:10:32.547506'),
(1482, 47, '2016-11-28 10:10:33.248001'),
(1483, 47, '2016-11-28 10:10:34.000537'),
(1484, 47, '2016-11-28 10:10:34.758076'),
(1485, 47, '2016-11-28 10:10:35.479589'),
(1486, 47, '2016-11-28 10:10:36.229142'),
(1487, 47, '2016-11-28 10:10:37.037698'),
(1488, 47, '2016-11-28 10:10:37.805243'),
(1489, 47, '2016-11-28 10:10:38.514340'),
(1490, 47, '2016-11-28 10:10:39.228849'),
(1491, 47, '2016-11-28 10:10:39.965374'),
(1492, 47, '2016-11-28 10:10:40.690893'),
(1493, 47, '2016-11-28 10:10:41.360899'),
(1494, 47, '2016-11-28 10:10:42.008892'),
(1495, 47, '2016-11-28 10:10:43.476938'),
(1496, 47, '2016-11-28 10:10:44.248486'),
(1497, 47, '2016-11-28 10:10:44.956078'),
(1498, 47, '2016-11-28 10:10:45.729628'),
(1499, 47, '2016-11-28 10:10:46.534201'),
(1500, 47, '2016-11-28 10:10:47.284318'),
(1501, 47, '2016-11-28 10:10:47.964835'),
(1502, 47, '2016-11-28 10:10:48.670339'),
(1503, 47, '2016-11-28 10:10:49.389849'),
(1504, 47, '2016-11-28 10:10:50.063328'),
(1505, 47, '2016-11-28 10:10:50.752387'),
(1506, 47, '2016-11-28 10:10:51.434876'),
(1507, 47, '2016-11-28 10:10:52.203419'),
(1508, 47, '2016-11-28 10:10:52.986977'),
(1509, 47, '2016-11-28 10:10:53.749518'),
(1510, 47, '2016-11-28 10:10:54.500055'),
(1511, 47, '2016-11-28 10:10:55.245583'),
(1512, 47, '2016-11-28 10:10:55.848011'),
(1513, 47, '2016-11-28 10:10:56.718688'),
(1514, 47, '2016-11-28 10:10:57.413185'),
(1515, 47, '2016-11-28 10:10:58.161715'),
(1516, 47, '2016-11-28 10:10:58.930262'),
(1517, 47, '2016-11-28 10:10:59.633762'),
(1518, 47, '2016-11-28 10:11:00.367285'),
(1519, 47, '2016-11-28 10:11:01.139833'),
(1520, 47, '2016-11-28 10:11:01.906379'),
(1521, 47, '2016-11-28 10:11:02.577424'),
(1522, 47, '2016-11-28 10:11:03.304947'),
(1523, 47, '2016-11-28 10:11:04.107498'),
(1524, 47, '2016-11-28 10:11:04.801564'),
(1525, 47, '2016-11-28 10:11:05.576115'),
(1526, 47, '2016-11-28 10:11:06.351668'),
(1527, 47, '2016-11-28 10:11:07.107204'),
(1528, 47, '2016-11-28 10:11:07.893764'),
(1529, 47, '2016-11-28 10:11:08.583026'),
(1530, 47, '2016-11-28 10:11:09.313529'),
(1531, 47, '2016-11-28 10:11:10.032037'),
(1532, 47, '2016-11-28 10:11:10.738540'),
(1533, 47, '2016-11-28 10:11:11.455049'),
(1534, 47, '2016-11-28 10:11:12.135534'),
(1535, 47, '2016-11-28 10:11:12.864051'),
(1536, 47, '2016-11-28 10:11:13.552541'),
(1537, 47, '2016-11-28 10:11:14.074913'),
(1538, 47, '2016-11-28 10:11:18.482048'),
(1539, 47, '2016-11-28 10:11:21.263026'),
(1540, 47, '2016-11-28 10:11:22.952226'),
(1541, 47, '2016-11-28 10:11:30.865945'),
(1542, 47, '2016-11-28 10:11:32.522125'),
(1543, 47, '2016-11-28 10:11:34.126264'),
(1544, 47, '2016-11-28 10:11:35.683373'),
(1545, 47, '2016-11-28 10:11:37.361565'),
(1546, 47, '2016-11-28 10:11:39.053824'),
(1547, 47, '2016-11-28 10:11:42.687980'),
(1548, 47, '2016-11-28 10:11:43.650663'),
(1549, 47, '2016-11-28 10:11:43.993907'),
(1550, 47, '2016-11-28 10:11:44.838116'),
(1551, 47, '2016-11-28 10:11:45.573639'),
(1552, 47, '2016-11-28 10:11:46.402226'),
(1553, 47, '2016-11-28 10:11:47.067699'),
(1554, 47, '2016-11-28 10:11:47.991934'),
(1555, 47, '2016-11-28 10:11:48.806514'),
(1556, 47, '2016-11-28 10:11:49.597077'),
(1557, 47, '2016-11-28 10:11:50.307581'),
(1558, 47, '2016-11-28 10:11:51.091140'),
(1559, 47, '2016-11-28 10:11:51.895711'),
(1560, 47, '2016-11-28 10:11:52.462115'),
(1561, 47, '2016-11-28 10:11:53.476837'),
(1562, 47, '2016-11-28 10:11:54.243381'),
(1563, 47, '2016-11-28 10:11:55.068969'),
(1564, 47, '2016-11-28 10:11:55.853527'),
(1565, 47, '2016-11-28 10:11:56.659100'),
(1566, 47, '2016-11-28 10:11:57.403629'),
(1567, 47, '2016-11-28 10:11:58.213204'),
(1568, 47, '2016-11-28 10:11:59.043796'),
(1569, 47, '2016-11-28 10:11:59.754303'),
(1570, 47, '2016-11-28 10:12:00.500832'),
(1571, 47, '2016-11-28 10:12:01.329421'),
(1572, 47, '2016-11-28 10:12:02.143000'),
(1573, 47, '2016-11-28 10:12:02.906109'),
(1574, 47, '2016-11-28 10:12:03.454496'),
(1575, 47, '2016-11-28 10:12:05.017608'),
(1576, 47, '2016-11-28 10:12:05.915350'),
(1577, 47, '2016-11-28 10:12:06.490760'),
(1578, 47, '2016-11-28 10:12:07.563522'),
(1579, 47, '2016-11-28 10:12:08.229041'),
(1580, 47, '2016-11-28 10:12:08.645839'),
(1581, 47, '2016-11-28 10:12:10.232505'),
(1582, 47, '2016-11-28 10:12:10.742868'),
(1583, 47, '2016-11-28 10:12:11.289257'),
(1584, 47, '2016-11-28 10:12:12.357656'),
(1585, 47, '2016-11-28 10:12:12.993109'),
(1586, 47, '2016-11-28 10:12:13.442427'),
(1587, 47, '2016-11-28 10:12:14.012834'),
(1588, 47, '2016-11-28 10:12:14.533762'),
(1589, 47, '2016-11-28 10:12:15.011147'),
(1590, 47, '2016-11-28 10:12:15.507500'),
(1591, 47, '2016-11-28 10:12:16.045884'),
(1592, 47, '2016-11-28 10:12:16.590270'),
(1593, 47, '2016-11-28 10:12:17.590075'),
(1594, 47, '2016-11-28 10:12:18.177479'),
(1595, 47, '2016-11-28 10:12:18.702847'),
(1596, 47, '2016-11-28 10:12:19.242231'),
(1597, 47, '2016-11-28 10:12:19.795624'),
(1598, 47, '2016-11-28 10:12:20.377076'),
(1599, 47, '2016-11-28 10:12:20.841449'),
(1600, 47, '2016-11-28 10:12:26.536520'),
(1601, 47, '2016-11-28 10:12:27.110027'),
(1602, 47, '2016-11-28 10:12:27.625394'),
(1603, 47, '2016-11-28 10:12:28.181789'),
(1604, 47, '2016-11-28 10:12:28.694153'),
(1605, 47, '2016-11-28 10:12:29.300119'),
(1606, 47, '2016-11-28 10:12:29.795972'),
(1607, 47, '2016-11-28 10:12:30.247335'),
(1608, 47, '2016-11-28 10:12:30.761698'),
(1609, 47, '2016-11-28 10:12:31.292076'),
(1610, 47, '2016-11-28 10:12:31.811445'),
(1611, 47, '2016-11-28 10:12:32.374899'),
(1612, 47, '2016-11-28 10:12:32.862279'),
(1613, 47, '2016-11-28 10:12:33.356634'),
(1614, 47, '2016-11-28 10:12:33.904020'),
(1615, 47, '2016-11-28 10:12:34.438400'),
(1616, 47, '2016-11-28 10:12:34.960772'),
(1617, 47, '2016-11-28 10:12:35.928546'),
(1618, 47, '2016-11-28 10:12:36.526971'),
(1619, 47, '2016-11-28 10:12:37.078366'),
(1620, 47, '2016-11-28 10:12:42.705366'),
(1621, 47, '2016-11-28 10:12:43.236744'),
(1622, 47, '2016-11-28 10:12:44.333053'),
(1623, 47, '2016-11-28 10:12:46.221436'),
(1624, 47, '2016-11-28 10:12:47.423901'),
(1625, 47, '2016-11-28 10:12:48.290094'),
(1626, 47, '2016-11-28 10:12:49.605027'),
(1627, 47, '2016-11-28 10:12:50.165426'),
(1628, 47, '2016-11-28 10:12:50.928540'),
(1629, 47, '2016-11-28 10:12:51.796157'),
(1630, 47, '2016-11-28 10:12:52.331538'),
(1631, 47, '2016-11-28 10:12:54.726241'),
(1632, 47, '2016-11-28 10:12:56.185279'),
(1633, 47, '2016-11-28 10:13:02.140874'),
(1634, 47, '2016-11-28 10:13:02.666590'),
(1635, 47, '2016-11-29 11:09:41.429180'),
(1636, 47, '2016-11-29 11:09:42.102988'),
(1637, 47, '2016-11-29 11:09:46.884605'),
(1638, 47, '2016-11-29 11:09:49.771758'),
(1639, 47, '2016-11-29 11:09:53.105137'),
(1640, 47, '2016-11-29 11:09:55.135574'),
(1641, 47, '2016-11-29 11:09:57.396185'),
(1642, 47, '2016-11-29 11:09:59.150433'),
(1643, 47, '2016-11-29 11:10:00.949735'),
(1644, 47, '2016-11-29 11:10:02.708967'),
(1645, 47, '2016-11-29 11:10:04.517255'),
(1646, 47, '2016-11-29 11:10:05.845200'),
(1647, 47, '2016-11-29 11:10:07.160139'),
(1648, 47, '2016-11-29 11:10:08.017748'),
(1649, 47, '2016-11-29 11:10:08.924394'),
(1650, 47, '2016-11-29 11:10:09.782005'),
(1651, 47, '2016-11-29 11:10:10.690652'),
(1652, 47, '2016-11-29 11:10:11.574281'),
(1653, 47, '2016-11-29 11:10:12.435896'),
(1654, 47, '2016-11-29 11:10:13.303514'),
(1655, 47, '2016-11-29 11:10:15.028741'),
(1656, 47, '2016-11-29 11:10:16.770982'),
(1657, 47, '2016-11-29 11:10:17.829738'),
(1658, 47, '2016-11-29 11:10:18.572265'),
(1659, 47, '2016-11-29 11:10:19.461898'),
(1660, 47, '2016-11-29 11:10:20.313504'),
(1661, 47, '2016-11-29 11:10:21.199155'),
(1662, 47, '2016-11-29 11:10:22.069775'),
(1663, 47, '2016-11-29 11:10:22.907354'),
(1664, 47, '2016-11-29 11:10:23.788980'),
(1665, 47, '2016-11-29 11:10:24.667605'),
(1666, 47, '2016-11-29 11:10:25.537244'),
(1667, 47, '2016-11-29 11:10:26.418853'),
(1668, 47, '2016-11-29 11:10:27.271460'),
(1669, 47, '2016-11-29 11:10:28.121067'),
(1670, 47, '2016-11-29 11:10:28.992694'),
(1671, 47, '2016-11-29 11:10:29.865309'),
(1672, 47, '2016-11-29 11:10:30.701922'),
(1673, 47, '2016-11-29 11:10:31.587534'),
(1674, 47, '2016-11-29 11:10:32.497181'),
(1675, 47, '2016-11-29 11:10:33.364799'),
(1676, 47, '2016-11-29 11:10:34.270456'),
(1677, 47, '2016-11-29 11:10:35.162079'),
(1678, 47, '2016-11-29 11:10:36.029697'),
(1679, 47, '2016-11-29 11:10:36.900318'),
(1680, 47, '2016-11-29 11:10:37.755926'),
(1681, 47, '2016-11-29 11:10:38.660570'),
(1682, 47, '2016-11-29 11:10:39.551205'),
(1683, 47, '2016-11-29 11:10:40.436835'),
(1684, 47, '2016-11-29 11:10:41.350489'),
(1685, 47, '2016-11-29 11:10:42.228111'),
(1686, 47, '2016-11-29 11:10:43.103734'),
(1687, 47, '2016-11-29 11:10:43.973354'),
(1688, 47, '2016-11-29 11:10:44.869994'),
(1689, 47, '2016-11-29 11:10:45.740612'),
(1690, 47, '2016-11-29 11:10:46.680284'),
(1691, 47, '2016-11-29 11:10:47.616949'),
(1692, 47, '2016-11-29 11:10:48.421521'),
(1693, 47, '2016-11-29 11:10:49.282134'),
(1694, 47, '2016-11-29 11:10:50.102719'),
(1695, 47, '2016-11-29 11:10:50.915298'),
(1696, 47, '2016-11-29 11:10:51.738904'),
(1697, 47, '2016-11-29 11:10:52.563475'),
(1698, 47, '2016-11-29 11:10:53.439098'),
(1699, 47, '2016-11-29 11:10:54.340737'),
(1700, 47, '2016-11-29 11:10:55.204354'),
(1701, 47, '2016-11-29 11:10:56.041948'),
(1702, 47, '2016-11-29 11:10:56.878544'),
(1703, 47, '2016-11-29 11:10:57.700131'),
(1704, 47, '2016-11-29 11:10:58.522716'),
(1705, 47, '2016-11-29 11:10:59.391334'),
(1706, 47, '2016-11-29 11:11:00.224928'),
(1707, 47, '2016-11-29 11:11:01.079536'),
(1708, 47, '2016-11-29 11:11:01.923137'),
(1709, 47, '2016-11-29 11:11:02.678677'),
(1710, 47, '2016-11-29 11:11:03.478244'),
(1711, 47, '2016-11-29 11:11:04.280815'),
(1712, 47, '2016-11-29 11:11:05.087392'),
(1713, 47, '2016-11-29 11:11:05.903974'),
(1714, 47, '2016-11-29 11:11:06.748575'),
(1715, 47, '2016-11-29 11:11:07.573161'),
(1716, 47, '2016-11-29 11:11:08.426769'),
(1717, 47, '2016-11-29 11:11:09.494532'),
(1718, 47, '2016-11-29 11:11:10.083948'),
(1719, 47, '2016-11-29 11:11:10.913540'),
(1720, 47, '2016-11-29 11:11:11.757140'),
(1721, 47, '2016-11-29 11:11:12.615751'),
(1722, 47, '2016-11-29 11:11:13.406314'),
(1723, 47, '2016-11-29 11:11:14.267929'),
(1724, 47, '2016-11-29 11:11:15.145553'),
(1725, 47, '2016-11-29 11:11:15.979147'),
(1726, 47, '2016-11-29 11:11:16.829755'),
(1727, 47, '2016-11-29 11:11:17.679358'),
(1728, 47, '2016-11-29 11:11:18.519956'),
(1729, 47, '2016-11-29 11:11:19.370561'),
(1730, 47, '2016-11-29 11:11:20.126100'),
(1731, 47, '2016-11-29 11:11:20.894654'),
(1732, 47, '2016-11-29 11:11:21.690215'),
(1733, 47, '2016-11-29 11:11:22.497793'),
(1734, 47, '2016-11-29 11:11:23.117232'),
(1735, 47, '2016-11-29 11:11:24.250037'),
(1736, 47, '2016-11-29 11:11:25.154681'),
(1737, 47, '2016-11-29 11:11:25.986274'),
(1738, 47, '2016-11-29 11:11:26.593709'),
(1739, 47, '2016-11-29 11:11:27.120081'),
(1740, 47, '2016-11-29 11:11:28.933374'),
(1741, 47, '2016-11-29 11:11:42.252965'),
(1742, 47, '2016-11-29 11:11:42.746316'),
(1743, 47, '2016-11-29 11:11:48.372322'),
(1744, 47, '2016-11-29 11:11:48.873679'),
(1745, 47, '2016-11-29 11:11:49.399052'),
(1746, 47, '2016-11-29 11:11:50.189617'),
(1747, 47, '2016-11-29 11:11:50.983181'),
(1748, 47, '2016-11-29 11:11:51.821798'),
(1749, 47, '2016-11-29 11:11:52.652369'),
(1750, 47, '2016-11-29 11:11:53.501977'),
(1751, 47, '2016-11-29 11:11:54.337572'),
(1752, 47, '2016-11-29 11:11:55.172164'),
(1753, 47, '2016-11-29 11:11:55.952720'),
(1754, 47, '2016-11-29 11:11:56.764298'),
(1755, 47, '2016-11-29 11:11:57.610905'),
(1756, 47, '2016-11-29 11:11:58.435488'),
(1757, 47, '2016-11-29 11:11:59.313113'),
(1758, 47, '2016-11-29 11:12:00.176729'),
(1759, 47, '2016-11-29 11:12:00.983303'),
(1760, 47, '2016-11-29 11:12:01.827906'),
(1761, 47, '2016-11-29 11:12:02.660497'),
(1762, 47, '2016-11-29 11:12:03.452081'),
(1763, 47, '2016-11-29 11:12:04.247630'),
(1764, 47, '2016-11-29 11:12:05.049198'),
(1765, 47, '2016-11-29 11:12:05.838761'),
(1766, 47, '2016-11-29 11:12:06.634328'),
(1767, 47, '2016-11-29 11:12:07.437902'),
(1768, 47, '2016-11-29 11:12:08.247475'),
(1769, 47, '2016-11-29 11:12:09.062058'),
(1770, 47, '2016-11-29 11:12:09.912664'),
(1771, 47, '2016-11-29 11:12:10.779279'),
(1772, 47, '2016-11-29 11:12:11.615876'),
(1773, 47, '2016-11-29 11:12:12.523522'),
(1774, 47, '2016-11-29 11:12:13.349111'),
(1775, 47, '2016-11-29 11:12:14.115655'),
(1776, 47, '2016-11-29 11:12:14.941263'),
(1777, 47, '2016-11-29 11:12:15.768832'),
(1778, 47, '2016-11-29 11:12:16.619438'),
(1779, 47, '2016-11-29 11:12:17.452052'),
(1780, 47, '2016-11-29 11:12:18.312644'),
(1781, 47, '2016-11-29 11:12:19.163249'),
(1782, 47, '2016-11-29 11:12:20.069895'),
(1783, 47, '2016-11-29 11:12:21.012566'),
(1784, 47, '2016-11-29 11:12:21.565960'),
(1785, 47, '2016-11-29 11:12:23.644441'),
(1786, 47, '2016-11-29 11:12:41.748591'),
(1787, 47, '2016-11-29 11:12:43.113564'),
(1788, 47, '2016-11-29 11:12:43.779038'),
(1789, 47, '2016-11-29 11:12:44.852805'),
(1790, 47, '2016-11-29 11:12:45.528283'),
(1791, 47, '2016-11-29 11:12:46.036647'),
(1792, 47, '2016-11-29 11:12:46.557016'),
(1793, 47, '2016-11-29 11:12:47.071385'),
(1794, 47, '2016-11-29 11:12:47.618772'),
(1795, 47, '2016-11-29 11:12:48.114127'),
(1796, 47, '2016-11-29 11:12:48.630494'),
(1797, 47, '2016-11-29 11:12:49.137856'),
(1798, 47, '2016-11-29 11:12:49.660227'),
(1799, 47, '2016-11-29 11:12:50.194607'),
(1800, 47, '2016-11-29 11:12:50.725985'),
(1801, 47, '2016-11-29 11:12:51.223342'),
(1802, 47, '2016-11-29 11:12:51.758721'),
(1803, 47, '2016-11-29 11:12:52.252093'),
(1804, 47, '2016-11-29 11:12:52.791456'),
(1805, 47, '2016-11-29 11:12:53.304824'),
(1806, 47, '2016-11-29 11:12:53.808180'),
(1807, 47, '2016-11-29 11:12:54.322546'),
(1808, 47, '2016-11-29 11:12:54.840937'),
(1809, 47, '2016-11-29 11:12:55.369291'),
(1810, 47, '2016-11-29 11:12:55.890664'),
(1811, 47, '2016-11-29 11:12:56.393021'),
(1812, 47, '2016-11-29 11:12:56.924401'),
(1813, 47, '2016-11-29 11:12:57.480796'),
(1814, 47, '2016-11-29 11:12:57.963140'),
(1815, 47, '2016-11-29 11:12:58.480508'),
(1816, 47, '2016-11-29 11:12:58.995876'),
(1817, 47, '2016-11-29 11:12:59.509244'),
(1818, 47, '2016-11-29 11:13:00.016604'),
(1819, 47, '2016-11-29 11:13:00.555989'),
(1820, 47, '2016-11-29 11:13:01.551694'),
(1821, 47, '2016-11-29 11:13:02.154125'),
(1822, 47, '2016-11-29 11:13:02.675495'),
(1823, 47, '2016-11-29 11:13:05.211300'),
(1824, 47, '2016-11-29 11:13:08.294501'),
(1825, 47, '2016-11-29 11:13:10.463041'),
(1826, 47, '2016-11-29 11:13:12.102208'),
(1827, 47, '2016-11-29 11:13:13.566252'),
(1828, 47, '2016-11-29 11:13:14.966247'),
(1829, 47, '2016-11-29 11:13:15.829862'),
(1830, 47, '2016-11-29 11:13:16.655450'),
(1831, 47, '2016-11-29 11:13:17.446017'),
(1832, 47, '2016-11-29 11:13:18.313633'),
(1833, 47, '2016-11-29 11:13:19.167259'),
(1834, 47, '2016-11-29 11:13:19.995831'),
(1835, 47, '2016-11-29 11:13:20.744362'),
(1836, 47, '2016-11-29 11:13:21.490894'),
(1837, 47, '2016-11-29 11:13:22.255439'),
(1838, 47, '2016-11-29 11:13:23.011977'),
(1839, 47, '2016-11-29 11:13:23.711475'),
(1840, 47, '2016-11-29 11:13:24.410976'),
(1841, 47, '2016-11-29 11:13:25.127486'),
(1842, 47, '2016-11-29 11:13:25.872014'),
(1843, 47, '2016-11-29 11:13:26.598536'),
(1844, 47, '2016-11-29 11:13:27.368082'),
(1845, 47, '2016-11-29 11:13:28.140629'),
(1846, 47, '2016-11-29 11:13:28.927190'),
(1847, 47, '2016-11-29 11:13:29.690735'),
(1848, 47, '2016-11-29 11:13:30.411248'),
(1849, 47, '2016-11-29 11:13:31.195806'),
(1850, 47, '2016-11-29 11:13:31.945339'),
(1851, 47, '2016-11-29 11:13:32.701878'),
(1852, 47, '2016-11-29 11:13:33.411382'),
(1853, 47, '2016-11-29 11:13:34.170924'),
(1854, 47, '2016-11-29 11:13:34.933470'),
(1855, 47, '2016-11-29 11:13:35.699013'),
(1856, 47, '2016-11-29 11:13:36.436557'),
(1857, 47, '2016-11-29 11:13:37.163054'),
(1858, 47, '2016-11-29 11:13:37.911608'),
(1859, 47, '2016-11-29 11:13:38.672130'),
(1860, 47, '2016-11-29 11:13:39.417662'),
(1861, 47, '2016-11-29 11:13:40.099166'),
(1862, 47, '2016-11-29 11:13:40.805670'),
(1863, 47, '2016-11-29 11:13:41.480130'),
(1864, 47, '2016-11-29 11:13:42.120586'),
(1865, 47, '2016-11-29 11:13:42.757039'),
(1866, 47, '2016-11-29 11:13:43.265401'),
(1867, 47, '2016-11-29 11:13:44.068975'),
(1868, 47, '2016-11-29 11:13:44.783484'),
(1869, 47, '2016-11-29 11:13:45.548026'),
(1870, 47, '2016-11-29 11:13:46.312571'),
(1871, 47, '2016-11-29 11:13:47.009067'),
(1872, 47, '2016-11-29 11:13:47.724576'),
(1873, 47, '2016-11-29 11:13:48.412066'),
(1874, 47, '2016-11-29 11:13:49.057526'),
(1875, 47, '2016-11-29 11:13:49.734007'),
(1876, 47, '2016-11-29 11:13:50.448516'),
(1877, 47, '2016-11-29 11:13:51.090974'),
(1878, 47, '2016-11-29 11:13:51.750443'),
(1879, 47, '2016-11-29 11:13:52.507986'),
(1880, 47, '2016-11-29 11:13:53.213488'),
(1881, 47, '2016-11-29 11:13:53.896973'),
(1882, 47, '2016-11-29 11:13:54.616487'),
(1883, 47, '2016-11-29 11:13:55.336998'),
(1884, 47, '2016-11-29 11:13:56.054510'),
(1885, 47, '2016-11-29 11:13:56.751004'),
(1886, 47, '2016-11-29 11:13:57.502539'),
(1887, 47, '2016-11-29 11:13:58.229057'),
(1888, 47, '2016-11-29 11:13:58.967583'),
(1889, 47, '2016-11-29 11:13:59.685094'),
(1890, 47, '2016-11-29 11:14:00.419617'),
(1891, 47, '2016-11-29 11:14:01.152139'),
(1892, 47, '2016-11-29 11:14:01.816613'),
(1893, 47, '2016-11-29 11:14:02.517114'),
(1894, 47, '2016-11-29 11:14:03.222613'),
(1895, 47, '2016-11-29 11:14:03.979153'),
(1896, 47, '2016-11-29 11:14:04.702668'),
(1897, 47, '2016-11-29 11:14:05.429185'),
(1898, 47, '2016-11-29 11:14:06.105667'),
(1899, 47, '2016-11-29 11:14:06.871214'),
(1900, 47, '2016-11-29 11:14:07.493656'),
(1901, 47, '2016-11-29 11:14:08.147123'),
(1902, 47, '2016-11-29 11:14:08.740543'),
(1903, 47, '2016-11-29 11:14:09.372818'),
(1904, 47, '2016-11-29 11:14:10.640395'),
(1905, 47, '2016-11-29 11:14:11.278294'),
(1906, 47, '2016-11-29 11:14:11.893651'),
(1907, 47, '2016-11-29 11:14:12.565910'),
(1908, 47, '2016-11-29 11:14:13.316996'),
(1909, 47, '2016-11-29 11:14:14.176616'),
(1910, 47, '2016-11-29 11:14:14.982187'),
(1911, 47, '2016-11-29 11:14:15.676682'),
(1912, 47, '2016-11-29 11:14:16.309132'),
(1913, 47, '2016-11-29 11:14:16.939582'),
(1914, 47, '2016-11-29 11:14:17.615061'),
(1915, 47, '2016-11-29 11:14:18.251515'),
(1916, 47, '2016-11-29 11:14:18.906982'),
(1917, 47, '2016-11-29 11:14:19.501408'),
(1918, 47, '2016-11-29 11:14:20.150870'),
(1919, 47, '2016-11-29 11:14:20.762305'),
(1920, 47, '2016-11-29 11:14:21.429781'),
(1921, 47, '2016-11-29 11:14:22.114266'),
(1922, 47, '2016-11-29 11:14:22.881813'),
(1923, 47, '2016-11-29 11:14:23.573305'),
(1924, 47, '2016-11-29 11:14:24.259794'),
(1925, 47, '2016-11-29 11:14:24.816190'),
(1926, 47, '2016-11-29 11:14:25.620762'),
(1927, 47, '2016-11-29 11:14:31.187728'),
(1928, 47, '2016-11-29 11:14:31.703095'),
(1929, 47, '2016-11-29 11:14:37.349116'),
(1930, 47, '2016-11-29 11:14:37.857478'),
(1931, 47, '2016-11-29 11:14:43.509502'),
(1932, 47, '2016-11-29 11:14:44.016875'),
(1933, 47, '2016-11-29 11:14:49.658882'),
(1934, 47, '2016-11-29 11:14:50.177251'),
(1935, 47, '2016-11-29 11:14:52.599977'),
(1936, 47, '2016-12-25 07:31:33.401479'),
(1937, 47, '2016-12-25 07:31:33.808819'),
(1938, 47, '2016-12-25 07:31:39.482391'),
(1939, 47, '2016-12-25 07:31:39.968277'),
(1940, 47, '2016-12-25 07:31:45.587104'),
(1941, 47, '2016-12-25 07:31:46.144164'),
(1942, 47, '2016-12-25 07:31:51.784973'),
(1943, 47, '2016-12-25 07:31:52.244897'),
(1944, 47, '2016-12-25 07:31:57.885541'),
(1945, 47, '2016-12-25 07:31:58.419388'),
(1946, 47, '2016-12-25 07:32:04.043483'),
(1947, 47, '2016-12-25 07:32:04.578861'),
(1948, 47, '2016-12-25 07:32:07.990214'),
(1949, 47, '2016-12-25 07:32:11.225594'),
(1950, 47, '2016-12-25 07:32:14.808139'),
(1951, 47, '2016-12-25 07:32:15.774826'),
(1952, 47, '2016-12-25 07:32:21.468870'),
(1953, 47, '2016-12-25 07:32:22.394527'),
(1954, 47, '2016-12-25 07:32:23.587375'),
(1955, 47, '2016-12-25 07:32:24.364928'),
(1956, 47, '2016-12-25 07:32:24.892302'),
(1957, 47, '2016-12-25 07:32:25.476717'),
(1958, 47, '2016-12-25 07:32:27.204945'),
(1959, 47, '2016-12-25 07:32:28.949187'),
(1960, 47, '2016-12-25 07:32:30.005935'),
(1961, 47, '2016-12-25 07:32:34.659240'),
(1962, 47, '2016-12-25 07:32:38.323845'),
(1963, 47, '2016-12-25 07:32:41.216901'),
(1964, 47, '2016-12-25 07:32:43.116248'),
(1965, 47, '2016-12-25 07:32:44.973567'),
(1966, 47, '2016-12-25 07:32:46.926957'),
(1967, 47, '2016-12-25 07:32:48.861331'),
(1968, 47, '2016-12-25 07:32:50.811714'),
(1969, 47, '2016-12-25 07:32:52.660027'),
(1970, 47, '2016-12-25 07:32:54.493332'),
(1971, 47, '2016-12-25 07:32:55.597116'),
(1972, 47, '2016-12-25 07:32:56.636853'),
(1973, 47, '2016-12-25 07:32:57.669586'),
(1974, 47, '2016-12-25 07:32:58.611257'),
(1975, 47, '2016-12-25 07:32:59.557927'),
(1976, 47, '2016-12-25 07:33:00.471578'),
(1977, 47, '2016-12-25 07:33:01.389231'),
(1978, 47, '2016-12-25 07:33:02.317994'),
(1979, 47, '2016-12-25 07:33:03.299691'),
(1980, 47, '2016-12-25 07:33:04.248367'),
(1981, 47, '2016-12-25 07:33:05.271090'),
(1982, 47, '2016-12-25 07:33:06.334852'),
(1983, 47, '2016-12-25 07:33:07.261505'),
(1984, 47, '2016-12-25 07:33:08.165149'),
(1985, 47, '2016-12-25 07:33:09.080798'),
(1986, 47, '2016-12-25 07:33:09.969428'),
(1987, 47, '2016-12-25 07:33:10.838066'),
(1988, 47, '2016-12-25 07:33:11.733683'),
(1989, 47, '2016-12-25 07:33:12.596297'),
(1990, 47, '2016-12-25 07:33:13.499936'),
(1991, 47, '2016-12-25 07:33:14.452613'),
(1992, 47, '2016-12-25 07:33:15.383293'),
(1993, 47, '2016-12-25 07:33:16.367977'),
(1994, 47, '2016-12-25 07:33:17.350692'),
(1995, 47, '2016-12-25 07:33:18.296343'),
(1996, 47, '2016-12-25 07:33:19.245021'),
(1997, 47, '2016-12-25 07:33:20.141655'),
(1998, 47, '2016-12-25 07:33:21.063311'),
(1999, 47, '2016-12-25 07:33:22.016989'),
(2000, 47, '2016-12-25 07:33:22.968662'),
(2001, 47, '2016-12-25 07:33:24.011403'),
(2002, 47, '2016-12-25 07:33:25.061149'),
(2003, 47, '2016-12-25 07:33:26.060859'),
(2004, 47, '2016-12-25 07:33:27.035554'),
(2005, 47, '2016-12-25 07:33:28.000237'),
(2006, 47, '2016-12-25 07:33:28.948931'),
(2007, 47, '2016-12-25 07:33:29.927606'),
(2008, 47, '2016-12-25 07:33:30.928320'),
(2009, 47, '2016-12-25 07:33:32.015091'),
(2010, 47, '2016-12-25 07:33:33.077844'),
(2011, 47, '2016-12-25 07:33:34.057540'),
(2012, 47, '2016-12-25 07:33:35.063257'),
(2013, 47, '2016-12-25 07:33:36.070972'),
(2014, 47, '2016-12-25 07:33:37.037659'),
(2015, 47, '2016-12-25 07:33:37.969321'),
(2016, 47, '2016-12-25 07:33:38.914993'),
(2017, 47, '2016-12-25 07:33:39.890683'),
(2018, 47, '2016-12-25 07:33:40.907406'),
(2019, 47, '2016-12-25 07:33:41.932134'),
(2020, 47, '2016-12-25 07:33:42.940850'),
(2021, 47, '2016-12-25 07:33:43.941562'),
(2022, 47, '2016-12-25 07:33:44.938273'),
(2023, 47, '2016-12-25 07:33:45.893948'),
(2024, 47, '2016-12-25 07:33:46.831615'),
(2025, 47, '2016-12-25 07:33:47.784291'),
(2026, 47, '2016-12-25 07:33:48.771012'),
(2027, 47, '2016-12-25 07:33:49.758693'),
(2028, 47, '2016-12-25 07:33:50.712371'),
(2029, 47, '2016-12-25 07:33:51.702073'),
(2030, 47, '2016-12-25 07:33:52.700783'),
(2031, 47, '2016-12-25 07:33:53.683481'),
(2032, 47, '2016-12-25 07:33:54.659177'),
(2033, 47, '2016-12-25 07:33:55.575826'),
(2034, 47, '2016-12-25 07:33:56.541512'),
(2035, 47, '2016-12-25 07:33:57.467170'),
(2036, 47, '2016-12-25 07:33:58.421848'),
(2037, 47, '2016-12-25 07:33:59.362516'),
(2038, 47, '2016-12-25 07:34:00.351218'),
(2039, 47, '2016-12-25 07:34:01.255861'),
(2040, 47, '2016-12-25 07:34:02.192529'),
(2041, 47, '2016-12-25 07:34:03.167219'),
(2042, 47, '2016-12-25 07:34:04.144913'),
(2043, 47, '2016-12-25 07:34:05.140621'),
(2044, 47, '2016-12-25 07:34:06.156342'),
(2045, 47, '2016-12-25 07:34:07.107017'),
(2046, 47, '2016-12-25 07:34:08.148760'),
(2047, 47, '2016-12-25 07:34:09.178492'),
(2048, 47, '2016-12-25 07:34:10.213223'),
(2049, 47, '2016-12-25 07:34:11.229948'),
(2050, 47, '2016-12-25 07:34:12.209645'),
(2051, 47, '2016-12-25 07:34:13.164323'),
(2052, 47, '2016-12-25 07:34:14.110992'),
(2053, 47, '2016-12-25 07:34:15.128716'),
(2054, 47, '2016-12-25 07:34:16.009343'),
(2055, 47, '2016-12-25 07:34:17.009071'),
(2056, 47, '2016-12-25 07:34:17.994755'),
(2057, 47, '2016-12-25 07:34:19.050504'),
(2058, 47, '2016-12-25 07:34:20.074229'),
(2059, 47, '2016-12-25 07:34:21.082945'),
(2060, 47, '2016-12-25 07:34:22.065644'),
(2061, 47, '2016-12-25 07:34:22.952273'),
(2062, 47, '2016-12-25 07:34:23.853934'),
(2063, 47, '2016-12-25 07:34:24.782574'),
(2064, 47, '2016-12-25 07:34:25.694220'),
(2065, 47, '2016-12-25 07:34:26.671915'),
(2066, 47, '2016-12-25 07:34:27.571557'),
(2067, 47, '2016-12-25 07:34:28.452200'),
(2068, 47, '2016-12-25 07:34:29.390847'),
(2069, 47, '2016-12-25 07:34:30.288487'),
(2070, 47, '2016-12-25 07:34:31.168112'),
(2071, 47, '2016-12-25 07:34:32.041730'),
(2072, 47, '2016-12-25 07:34:32.881326'),
(2073, 47, '2016-12-25 07:34:33.705915'),
(2074, 47, '2016-12-25 07:34:34.549532'),
(2075, 47, '2016-12-25 07:34:35.414125'),
(2076, 47, '2016-12-25 07:34:36.272735'),
(2077, 47, '2016-12-25 07:34:37.155364'),
(2078, 47, '2016-12-25 07:34:37.964938'),
(2079, 47, '2016-12-25 07:34:38.827551'),
(2080, 47, '2016-12-25 07:34:39.611110'),
(2081, 47, '2016-12-25 07:34:40.463715'),
(2082, 47, '2016-12-25 07:34:41.250274'),
(2083, 47, '2016-12-25 07:34:42.086865'),
(2084, 47, '2016-12-25 07:34:42.940473'),
(2085, 47, '2016-12-25 07:34:43.855122'),
(2086, 47, '2016-12-25 07:34:44.700723'),
(2087, 47, '2016-12-25 07:34:45.525311'),
(2088, 47, '2016-12-25 07:34:46.434957'),
(2089, 47, '2016-12-25 07:34:47.304572'),
(2090, 47, '2016-12-25 07:34:48.082145'),
(2091, 47, '2016-12-25 07:34:48.962750'),
(2092, 47, '2016-12-25 07:34:49.775328'),
(2093, 47, '2016-12-25 07:34:50.597913'),
(2094, 47, '2016-12-25 07:34:51.443513'),
(2095, 47, '2016-12-25 07:34:52.348155'),
(2096, 47, '2016-12-25 07:34:53.231784'),
(2097, 47, '2016-12-25 07:34:54.204477'),
(2098, 47, '2016-12-25 07:34:55.132140'),
(2099, 47, '2016-12-25 07:34:56.017762'),
(2100, 47, '2016-12-25 07:34:56.916401'),
(2101, 47, '2016-12-25 07:34:57.797025'),
(2102, 47, '2016-12-25 07:34:58.651635'),
(2103, 47, '2016-12-25 07:34:59.478222'),
(2104, 47, '2016-12-25 07:35:00.310811'),
(2105, 47, '2016-12-25 07:35:01.139401'),
(2106, 47, '2016-12-25 07:35:02.050049'),
(2107, 47, '2016-12-25 07:35:03.017736'),
(2108, 47, '2016-12-25 07:35:03.562121'),
(2109, 47, '2016-12-25 07:35:04.774997'),
(2110, 47, '2016-12-25 07:35:10.629142'),
(2111, 47, '2016-12-25 07:35:11.159520'),
(2112, 47, '2016-12-25 07:35:16.791519'),
(2113, 47, '2016-12-25 07:35:17.326900'),
(2114, 47, '2016-12-25 07:35:21.067558'),
(2115, 47, '2017-02-26 14:46:38.905669'),
(2116, 47, '2017-02-26 14:46:39.863349'),
(2117, 47, '2017-02-26 14:46:40.835040'),
(2118, 47, '2017-02-26 14:46:41.841754'),
(2119, 47, '2017-02-26 14:46:42.876489'),
(2120, 47, '2017-02-26 14:46:43.828165'),
(2121, 47, '2017-02-26 14:46:44.821420'),
(2122, 47, '2017-02-26 14:46:45.873701'),
(2123, 47, '2017-02-26 14:46:46.867442'),
(2124, 47, '2017-02-26 14:46:47.846205'),
(2125, 47, '2017-02-26 14:46:48.894028'),
(2126, 47, '2017-02-26 14:46:49.873256'),
(2127, 47, '2017-02-26 14:46:50.813962'),
(2128, 47, '2017-02-26 14:46:51.852433'),
(2129, 47, '2017-02-26 14:46:52.843135'),
(2130, 47, '2017-02-26 14:46:53.893942'),
(2131, 47, '2017-02-26 14:46:54.837613'),
(2132, 47, '2017-02-26 14:46:55.842327'),
(2133, 47, '2017-02-26 14:46:56.807801'),
(2134, 47, '2017-02-26 14:46:57.847756'),
(2135, 47, '2017-02-26 14:46:58.838460'),
(2136, 47, '2017-02-26 14:46:59.858160'),
(2137, 47, '2017-02-26 14:47:00.834020'),
(2138, 47, '2017-02-26 14:47:01.846737'),
(2139, 47, '2017-02-26 14:47:02.858294'),
(2140, 47, '2017-02-26 14:47:03.841993'),
(2141, 47, '2017-02-26 14:47:04.836697'),
(2142, 47, '2017-02-26 14:47:05.836369'),
(2143, 47, '2017-02-26 14:47:06.825334'),
(2144, 47, '2017-02-26 14:47:07.840055'),
(2145, 47, '2017-02-26 14:47:08.847664'),
(2146, 47, '2017-02-26 14:47:09.858738'),
(2147, 47, '2017-02-26 14:47:10.825424'),
(2148, 47, '2017-02-26 14:48:07.389967'),
(2149, 47, '2017-02-26 14:48:08.347667'),
(2150, 47, '2017-02-26 14:48:09.379080'),
(2151, 47, '2017-02-26 14:48:10.403808'),
(2152, 47, '2017-02-26 14:48:11.339492'),
(2153, 47, '2017-02-26 14:48:12.374378'),
(2154, 47, '2017-02-26 14:48:13.400104'),
(2155, 47, '2017-02-26 14:48:14.385808'),
(2156, 47, '2017-02-26 14:48:15.392552'),
(2157, 47, '2017-02-26 14:48:16.394764'),
(2158, 47, '2017-02-26 14:48:17.384969'),
(2159, 47, '2017-02-26 14:48:18.426832'),
(2160, 47, '2017-02-26 14:48:19.412065'),
(2161, 47, '2017-02-26 14:48:20.485861'),
(2162, 47, '2017-02-26 14:49:18.549107'),
(2163, 47, '2017-02-26 14:49:19.072010'),
(2164, 47, '2017-02-26 14:49:19.539881'),
(2165, 47, '2017-02-26 14:49:20.371507'),
(2166, 47, '2017-02-26 14:49:20.844152'),
(2167, 47, '2017-02-26 14:49:21.418986'),
(2168, 47, '2017-02-26 14:49:22.044986'),
(2169, 47, '2017-02-26 14:49:22.466832'),
(2170, 47, '2017-02-26 14:49:22.999208'),
(2171, 47, '2017-02-26 14:49:23.467544'),
(2172, 47, '2017-02-26 14:49:24.099490'),
(2173, 47, '2017-02-26 14:49:24.556814'),
(2174, 47, '2017-02-26 14:49:25.045737'),
(2175, 47, '2017-02-26 14:49:25.695852'),
(2176, 47, '2017-02-26 14:49:26.098638'),
(2177, 47, '2017-02-26 14:49:26.569024'),
(2178, 47, '2017-02-26 14:49:27.339786'),
(2179, 47, '2017-02-26 14:49:27.726561'),
(2180, 47, '2017-02-26 14:49:28.224449'),
(2181, 47, '2017-02-26 14:49:28.854931'),
(2182, 47, '2017-02-26 14:50:11.024128'),
(2183, 47, '2017-02-26 14:50:11.763185'),
(2184, 47, '2017-02-26 14:50:12.265079'),
(2185, 47, '2017-02-26 14:50:13.116213'),
(2186, 47, '2017-02-26 14:50:13.615067'),
(2187, 47, '2017-02-26 14:50:14.124429'),
(2188, 47, '2017-02-26 14:50:14.803412'),
(2189, 47, '2017-02-26 14:50:15.735073'),
(2190, 47, '2017-02-26 14:50:16.274456'),
(2191, 47, '2017-02-26 14:50:16.927420'),
(2192, 47, '2017-02-26 14:50:17.547360'),
(2193, 47, '2017-02-26 14:50:18.135778'),
(2194, 47, '2017-02-26 14:50:18.602110'),
(2195, 47, '2017-02-26 14:50:19.125483'),
(2196, 47, '2017-02-26 14:50:20.127193'),
(2197, 47, '2017-02-26 14:50:20.697098'),
(2198, 47, '2017-02-26 14:50:22.070574'),
(2199, 47, '2017-02-26 14:50:22.893159'),
(2200, 47, '2017-02-26 14:50:23.536615'),
(2201, 47, '2017-02-26 14:50:24.118029'),
(2202, 47, '2017-02-26 14:50:24.905087'),
(2203, 47, '2017-02-26 14:50:25.402441'),
(2204, 47, '2017-02-26 14:50:26.226027'),
(2205, 47, '2017-02-26 14:50:26.805438'),
(2206, 47, '2017-02-26 14:50:27.317801'),
(2207, 47, '2017-02-26 14:50:28.114868'),
(2208, 47, '2017-02-26 14:50:28.849389'),
(2209, 47, '2017-02-26 14:50:29.550387'),
(2210, 47, '2017-02-26 14:50:30.260892'),
(2211, 47, '2017-02-26 14:50:30.872327'),
(2212, 47, '2017-02-26 14:50:31.664389'),
(2213, 47, '2017-02-26 14:50:32.198769'),
(2214, 47, '2017-02-26 14:50:32.714135'),
(2215, 47, '2017-02-26 14:50:33.609271'),
(2216, 47, '2017-02-26 14:50:34.144151'),
(2217, 47, '2017-02-26 14:50:34.700546'),
(2218, 47, '2017-02-26 14:50:35.336998'),
(2219, 47, '2017-02-26 14:50:35.996466'),
(2220, 47, '2017-02-26 14:50:36.510832'),
(2221, 47, '2017-02-26 14:50:37.154289'),
(2222, 47, '2017-02-26 14:50:37.695674'),
(2223, 47, '2017-02-26 14:50:38.262577'),
(2224, 47, '2017-02-26 14:50:38.742917'),
(2225, 47, '2017-02-26 14:50:39.306818'),
(2226, 47, '2017-02-26 14:50:39.850704'),
(2227, 47, '2017-02-26 14:50:40.303526'),
(2228, 47, '2017-02-26 14:50:40.887441'),
(2229, 47, '2017-02-26 14:50:41.499876'),
(2230, 47, '2017-02-26 14:50:42.367494'),
(2231, 47, '2017-02-26 14:50:43.117525'),
(2232, 47, '2017-02-26 14:50:43.643899'),
(2233, 47, '2017-02-26 14:50:44.153761'),
(2234, 47, '2017-02-26 14:50:44.742179'),
(2235, 47, '2017-02-26 14:50:45.395143'),
(2236, 47, '2017-02-26 14:50:45.888994'),
(2237, 47, '2017-02-26 14:50:46.901213'),
(2238, 47, '2017-02-26 14:50:47.505142'),
(2239, 47, '2017-02-26 14:50:47.928943'),
(2240, 47, '2017-02-26 14:50:48.407283'),
(2241, 47, '2017-02-26 14:50:49.172826'),
(2242, 47, '2017-02-26 14:50:49.592625'),
(2243, 47, '2017-02-26 14:50:50.287618'),
(2244, 47, '2017-02-26 14:50:50.993120'),
(2245, 47, '2017-02-26 14:50:51.395906'),
(2246, 47, '2017-02-26 14:50:52.009842'),
(2247, 47, '2017-02-26 14:50:52.455658'),
(2248, 47, '2017-02-26 14:50:54.965076'),
(2249, 47, '2017-02-26 14:51:00.012721'),
(2250, 47, '2017-02-26 14:51:03.005346'),
(2251, 47, '2017-02-26 14:51:05.110842'),
(2252, 47, '2017-02-26 14:51:06.274735'),
(2253, 47, '2017-02-26 14:51:07.073302'),
(2254, 47, '2017-02-26 14:51:07.858360'),
(2255, 47, '2017-02-26 14:51:08.607893'),
(2256, 47, '2017-02-26 14:51:09.277869'),
(2257, 47, '2017-02-26 14:51:09.861784'),
(2258, 47, '2017-02-26 14:51:10.556777'),
(2259, 47, '2017-02-26 14:51:11.151199'),
(2260, 47, '2017-02-26 14:51:11.881718'),
(2261, 47, '2017-02-26 14:51:12.691794'),
(2262, 47, '2017-02-26 14:51:13.302727'),
(2263, 47, '2017-02-26 14:51:14.173847'),
(2264, 47, '2017-02-26 14:51:15.003936'),
(2265, 47, '2017-02-26 14:51:15.783490'),
(2266, 47, '2017-02-26 14:51:16.787704'),
(2267, 47, '2017-02-26 14:51:17.678836'),
(2268, 47, '2017-02-26 14:51:18.538947'),
(2269, 47, '2017-02-26 14:51:19.254455'),
(2270, 47, '2017-02-26 14:51:19.849378'),
(2271, 47, '2017-02-26 14:51:22.892540'),
(2272, 47, '2017-02-26 14:51:23.586533'),
(2273, 47, '2017-02-26 14:51:24.265051'),
(2274, 47, '2017-02-26 14:51:24.968080'),
(2275, 47, '2017-02-26 14:51:25.568007'),
(2276, 47, '2017-02-26 14:51:26.251993'),
(2277, 47, '2017-02-26 14:51:26.828402'),
(2278, 47, '2017-02-26 14:51:27.474361'),
(2279, 47, '2017-02-26 14:51:27.907669'),
(2280, 47, '2017-02-26 14:51:28.597659'),
(2281, 47, '2017-02-26 14:51:29.464274'),
(2282, 47, '2017-02-26 14:51:30.193293'),
(2283, 47, '2017-02-26 14:51:30.782711'),
(2284, 47, '2017-02-26 14:51:31.307083'),
(2285, 47, '2017-02-26 14:51:31.898504'),
(2286, 47, '2017-02-26 14:51:33.131880'),
(2287, 47, '2017-02-26 14:51:33.847388'),
(2288, 47, '2017-02-26 14:51:34.365256'),
(2289, 47, '2017-02-26 14:51:35.159320'),
(2290, 47, '2017-02-26 14:51:35.783763'),
(2291, 47, '2017-02-26 14:51:36.293125'),
(2292, 47, '2017-02-26 14:51:37.099698'),
(2293, 47, '2017-02-26 14:51:37.965814'),
(2294, 47, '2017-02-26 14:51:38.743366'),
(2295, 47, '2017-02-26 14:51:39.625993'),
(2296, 47, '2017-02-26 14:51:40.468091'),
(2297, 47, '2017-02-26 14:51:41.296680'),
(2298, 47, '2017-02-26 14:51:41.938635'),
(2299, 47, '2017-02-26 14:51:42.804251'),
(2300, 47, '2017-02-26 14:51:43.603318'),
(2301, 47, '2017-02-26 14:51:44.200243'),
(2302, 47, '2017-02-26 14:51:44.665573'),
(2303, 47, '2017-02-26 14:51:45.262497'),
(2304, 47, '2017-02-26 14:51:46.101093'),
(2305, 47, '2017-02-26 14:51:46.855128'),
(2306, 47, '2017-02-26 14:51:47.396513'),
(2307, 47, '2017-02-26 14:51:48.072993'),
(2308, 47, '2017-02-26 14:51:48.557338'),
(2309, 47, '2017-02-26 14:51:49.073204'),
(2310, 47, '2017-02-26 14:51:49.656118'),
(2311, 47, '2017-02-26 14:51:50.394644'),
(2312, 47, '2017-02-26 14:51:51.138671'),
(2313, 47, '2017-02-26 14:51:52.203928'),
(2314, 47, '2017-02-26 14:51:52.594205'),
(2315, 47, '2017-02-26 14:51:53.442809'),
(2316, 47, '2017-02-26 14:51:54.194342'),
(2317, 47, '2017-02-26 14:51:54.894840'),
(2318, 47, '2017-02-26 14:51:55.119499'),
(2319, 47, '2017-02-26 14:51:55.767960'),
(2320, 47, '2017-02-26 14:51:56.287829'),
(2321, 47, '2017-02-26 14:51:56.778178'),
(2322, 47, '2017-02-26 14:51:57.640790'),
(2323, 47, '2017-02-26 14:51:58.253226'),
(2324, 47, '2017-02-26 14:51:59.125345'),
(2325, 47, '2017-02-26 14:51:59.829345'),
(2326, 47, '2017-02-26 14:52:00.637419'),
(2327, 47, '2017-02-26 14:52:00.964651'),
(2328, 47, '2017-02-26 14:52:01.586593'),
(2329, 47, '2017-02-26 14:52:01.994383'),
(2330, 47, '2017-02-26 14:52:03.152706'),
(2331, 47, '2017-02-26 14:52:03.746128'),
(2332, 47, '2017-02-26 14:52:04.540691'),
(2333, 47, '2017-02-26 14:52:05.279216'),
(2334, 47, '2017-02-26 14:52:05.921172'),
(2335, 47, '2017-02-26 14:52:06.422029'),
(2336, 47, '2017-02-26 14:52:07.193076'),
(2337, 47, '2017-02-26 14:52:08.083209'),
(2338, 47, '2017-02-26 14:52:08.807727'),
(2339, 47, '2017-02-26 14:52:09.196499'),
(2340, 47, '2017-02-26 14:52:09.680843'),
(2341, 47, '2017-02-26 14:52:11.285983'),
(2342, 47, '2017-02-26 14:52:12.148096'),
(2343, 47, '2017-02-26 14:52:13.600627'),
(2344, 47, '2017-02-26 14:52:15.260807'),
(2345, 47, '2017-02-26 14:52:17.952719'),
(2346, 47, '2017-02-26 14:52:18.862866'),
(2347, 47, '2017-02-26 14:52:19.421299'),
(2348, 47, '2017-02-26 14:52:20.500096'),
(2349, 47, '2017-02-26 14:52:21.067999'),
(2350, 47, '2017-02-26 14:52:21.700448'),
(2351, 47, '2017-02-26 14:52:22.132255'),
(2352, 47, '2017-02-26 14:52:22.574570'),
(2353, 47, '2017-02-26 14:52:23.182501'),
(2354, 47, '2017-02-26 14:52:23.675852'),
(2355, 47, '2017-02-26 14:52:38.308009'),
(2356, 47, '2017-02-26 14:52:40.803880'),
(2357, 47, '2017-02-26 14:52:47.576347'),
(2358, 47, '2017-02-26 14:52:48.834244'),
(2359, 47, '2017-02-26 14:52:49.755398'),
(2360, 47, '2017-02-26 14:52:50.123657'),
(2361, 47, '2017-02-26 14:52:50.856177'),
(2362, 47, '2017-02-26 14:52:51.254961'),
(2363, 47, '2017-02-26 14:52:51.846381'),
(2364, 47, '2017-02-26 14:52:52.560387'),
(2365, 47, '2017-02-26 14:52:52.897127'),
(2366, 47, '2017-02-26 14:52:53.371464'),
(2367, 47, '2017-02-26 14:52:54.158023'),
(2368, 47, '2017-02-26 14:52:54.585827'),
(2369, 47, '2017-02-26 14:52:55.756658'),
(2370, 47, '2017-02-26 14:52:56.698827'),
(2371, 47, '2017-02-26 14:52:57.601469'),
(2372, 47, '2017-02-26 14:52:58.466583'),
(2373, 47, '2017-02-26 14:52:59.295172'),
(2374, 47, '2017-02-26 14:53:00.067220'),
(2375, 47, '2017-02-26 14:53:00.836767'),
(2376, 47, '2017-02-26 14:53:01.168503'),
(2377, 47, '2017-02-26 14:53:01.884011'),
(2378, 47, '2017-02-26 14:53:02.354846'),
(2379, 47, '2017-02-26 14:53:03.401589'),
(2380, 47, '2017-02-26 14:53:04.328748'),
(2381, 47, '2017-02-26 14:53:05.002726'),
(2382, 47, '2017-02-26 14:53:05.417021'),
(2383, 47, '2017-02-26 14:53:06.010442'),
(2384, 47, '2017-02-26 14:53:06.552827'),
(2385, 47, '2017-02-26 14:53:07.885774'),
(2386, 47, '2017-02-26 14:53:08.600282'),
(2387, 47, '2017-02-26 14:53:09.392845'),
(2388, 47, '2017-02-26 14:53:10.361033'),
(2389, 47, '2017-02-26 14:53:10.723290'),
(2390, 47, '2017-02-26 14:53:11.862600'),
(2391, 47, '2017-02-26 14:53:12.728715'),
(2392, 47, '2017-02-26 14:53:13.504766'),
(2393, 47, '2017-02-26 14:53:14.437429'),
(2394, 47, '2017-02-26 14:53:15.044860'),
(2395, 47, '2017-02-26 14:53:15.800397'),
(2396, 47, '2017-02-26 14:53:16.364797'),
(2397, 47, '2017-02-26 14:53:17.244422'),
(2398, 47, '2017-02-26 14:53:17.512113'),
(2399, 47, '2017-02-26 14:53:18.008465'),
(2400, 47, '2017-02-26 14:53:18.676439'),
(2401, 47, '2017-02-26 14:53:19.237839'),
(2402, 47, '2017-02-26 14:53:20.375147'),
(2403, 47, '2017-02-26 14:53:21.167209'),
(2404, 47, '2017-02-26 14:53:21.965776'),
(2405, 47, '2017-02-26 14:53:22.995508'),
(2406, 47, '2017-02-26 14:53:23.681495'),
(2407, 47, '2017-02-26 14:53:24.246397'),
(2408, 47, '2017-02-26 14:53:25.041461'),
(2409, 47, '2017-02-26 14:53:25.467764'),
(2410, 47, '2017-02-26 14:53:27.657320'),
(2411, 47, '2017-02-26 14:53:32.764448'),
(2412, 47, '2017-02-26 14:53:45.265442'),
(2413, 47, '2017-02-26 14:57:30.267615'),
(2414, 47, '2017-02-26 14:57:30.760966'),
(2415, 47, '2017-02-26 14:57:31.485604'),
(2416, 47, '2017-02-26 14:57:32.189126'),
(2417, 47, '2017-02-26 14:57:32.780524'),
(2418, 47, '2017-02-26 14:57:33.506039'),
(2419, 47, '2017-02-26 14:57:34.680874'),
(2420, 47, '2017-02-26 14:57:35.641226'),
(2421, 47, '2017-02-26 14:57:36.246657'),
(2422, 47, '2017-02-26 14:57:36.818063'),
(2423, 47, '2017-02-26 14:57:37.404479'),
(2424, 47, '2017-02-26 14:57:38.182031'),
(2425, 47, '2017-02-26 14:57:39.323842'),
(2426, 47, '2017-02-26 14:57:40.288527'),
(2427, 47, '2017-02-26 14:57:41.124121'),
(2428, 47, '2017-02-26 14:57:42.065790'),
(2429, 47, '2017-02-26 14:57:42.789304'),
(2430, 47, '2017-02-26 14:57:43.598879'),
(2431, 47, '2017-02-26 14:57:44.269920'),
(2432, 47, '2017-02-26 14:57:45.033463'),
(2433, 47, '2017-02-26 14:57:45.846039'),
(2434, 47, '2017-02-26 14:57:46.384421'),
(2435, 47, '2017-02-26 14:57:47.603287'),
(2436, 47, '2017-02-26 14:57:48.345815'),
(2437, 47, '2017-02-26 14:57:49.042310'),
(2438, 47, '2017-02-26 14:57:49.666753'),
(2439, 47, '2017-02-26 14:57:50.148168'),
(2440, 47, '2017-02-26 14:57:50.830660'),
(2441, 47, '2017-02-26 14:57:51.631304'),
(2442, 47, '2017-02-26 14:57:52.437877'),
(2443, 47, '2017-02-26 14:57:53.348523'),
(2444, 47, '2017-02-26 14:57:54.164102'),
(2445, 47, '2017-02-26 14:57:54.856162'),
(2446, 47, '2017-02-26 14:57:55.856874'),
(2447, 47, '2017-02-26 14:57:56.694468'),
(2448, 47, '2017-02-26 14:57:57.198827'),
(2449, 47, '2017-02-26 14:57:57.844285'),
(2450, 47, '2017-02-26 14:57:58.421695'),
(2451, 47, '2017-02-26 14:57:58.897069'),
(2452, 47, '2017-02-26 14:57:59.541582'),
(2453, 47, '2017-02-26 14:58:00.228101'),
(2454, 47, '2017-02-26 14:58:00.836089'),
(2455, 47, '2017-02-26 14:58:01.358461'),
(2456, 47, '2017-02-26 14:58:02.149026'),
(2457, 47, '2017-02-26 14:58:03.617066'),
(2458, 47, '2017-02-26 14:58:04.151531'),
(2459, 47, '2017-02-26 14:58:04.767966'),
(2460, 47, '2017-02-26 14:58:05.268321'),
(2461, 47, '2017-02-26 14:58:06.029862'),
(2462, 47, '2017-02-26 14:58:06.752379'),
(2463, 47, '2017-02-26 14:58:07.339793'),
(2464, 47, '2017-02-26 14:58:08.069881'),
(2465, 47, '2017-02-26 14:58:08.577241'),
(2466, 47, '2017-02-26 14:58:09.406831'),
(2467, 47, '2017-02-26 14:58:10.187952'),
(2468, 47, '2017-02-26 14:58:10.831407'),
(2469, 47, '2017-02-26 14:58:11.779080'),
(2470, 47, '2017-02-26 14:58:12.467569'),
(2471, 47, '2017-02-26 14:58:13.145050'),
(2472, 47, '2017-02-26 14:58:13.715455'),
(2473, 47, '2017-02-26 14:58:14.485003'),
(2474, 47, '2017-02-26 14:58:15.283571'),
(2475, 47, '2017-02-26 14:58:15.811945'),
(2476, 47, '2017-02-26 14:58:16.855686'),
(2477, 47, '2017-02-26 14:58:17.636241'),
(2478, 47, '2017-02-26 14:58:18.502858'),
(2479, 47, '2017-02-26 14:58:19.479550'),
(2480, 47, '2017-02-26 14:58:20.343165'),
(2481, 47, '2017-02-26 14:58:20.898558'),
(2482, 47, '2017-02-26 14:58:21.602058'),
(2483, 47, '2017-02-26 14:58:22.084401'),
(2484, 47, '2017-02-26 14:58:22.922996'),
(2485, 47, '2017-02-26 14:58:23.431357'),
(2486, 47, '2017-02-26 14:58:24.092827'),
(2487, 47, '2017-02-26 14:58:24.631210'),
(2488, 47, '2017-02-26 14:58:25.472808'),
(2489, 47, '2017-02-26 14:58:26.174308'),
(2490, 47, '2017-02-26 14:58:27.398176'),
(2491, 47, '2017-02-26 14:58:28.053641'),
(2492, 47, '2017-02-26 14:58:28.716112'),
(2493, 47, '2017-02-26 14:58:29.702420'),
(2494, 47, '2017-02-26 14:58:30.435942'),
(2495, 47, '2017-02-26 14:58:31.185510'),
(2496, 47, '2017-02-26 14:58:31.736404'),
(2497, 47, '2017-02-26 14:58:32.334827'),
(2498, 47, '2017-02-26 14:58:32.860237'),
(2499, 47, '2017-02-26 14:58:33.370600'),
(2500, 47, '2017-02-26 14:58:33.923531'),
(2501, 47, '2017-02-26 14:58:36.719020'),
(2502, 47, '2017-02-26 14:58:41.756132'),
(2503, 47, '2017-02-26 14:58:44.683213'),
(2504, 47, '2017-02-26 14:58:46.631666'),
(2505, 47, '2017-02-26 14:58:47.760455'),
(2506, 47, '2017-02-26 14:58:48.504984'),
(2507, 47, '2017-02-26 14:58:49.082395'),
(2508, 47, '2017-02-26 14:58:49.703837'),
(2509, 47, '2017-02-26 14:58:50.060167'),
(2510, 47, '2017-02-26 14:58:50.636581'),
(2511, 47, '2017-02-26 14:58:51.200979'),
(2512, 47, '2017-02-26 14:58:51.718344'),
(2513, 47, '2017-02-26 14:58:52.413838'),
(2514, 47, '2017-02-26 14:58:52.943214'),
(2515, 47, '2017-02-26 14:58:53.454579'),
(2516, 47, '2017-02-26 14:58:53.949930'),
(2517, 47, '2017-02-26 14:58:54.474302'),
(2518, 47, '2017-02-26 14:58:55.169350'),
(2519, 47, '2017-02-26 14:58:55.754765'),
(2520, 47, '2017-02-26 14:58:56.223738'),
(2521, 47, '2017-02-26 14:58:56.786138'),
(2522, 47, '2017-02-26 14:58:57.286493'),
(2523, 47, '2017-02-26 14:58:57.794855'),
(2524, 47, '2017-02-26 14:58:58.321228');
INSERT INTO `heart_beat` (`id`, `user_id`, `ibi`) VALUES
(2525, 47, '2017-02-26 14:58:58.844600'),
(2526, 47, '2017-02-26 14:58:59.342956'),
(2527, 47, '2017-02-26 14:58:59.887341'),
(2528, 47, '2017-02-26 14:59:00.631870'),
(2529, 47, '2017-02-26 14:59:01.116309'),
(2530, 47, '2017-02-26 14:59:01.757765'),
(2531, 47, '2017-02-26 14:59:02.252116'),
(2532, 47, '2017-02-26 14:59:02.853543'),
(2533, 47, '2017-02-26 14:59:03.252830'),
(2534, 47, '2017-02-26 14:59:03.793210'),
(2535, 47, '2017-02-26 14:59:04.738882'),
(2536, 47, '2017-02-26 14:59:05.313291'),
(2537, 47, '2017-02-26 14:59:06.017791'),
(2538, 47, '2017-02-26 14:59:06.526152'),
(2539, 47, '2017-02-26 14:59:07.020503'),
(2540, 47, '2017-02-26 14:59:07.712526'),
(2541, 47, '2017-02-26 14:59:08.080325'),
(2542, 47, '2017-02-26 14:59:08.711772'),
(2543, 47, '2017-02-26 14:59:09.268201'),
(2544, 47, '2017-02-26 14:59:09.699508'),
(2545, 47, '2017-02-26 14:59:10.180350'),
(2546, 47, '2017-02-26 14:59:10.883849'),
(2547, 47, '2017-02-26 14:59:11.270124'),
(2548, 47, '2017-02-26 14:59:11.986704'),
(2549, 47, '2017-02-26 14:59:12.354465'),
(2550, 47, '2017-02-26 14:59:13.111503'),
(2551, 47, '2017-02-26 14:59:13.425726'),
(2552, 47, '2017-02-26 14:59:13.906067'),
(2553, 47, '2017-02-26 14:59:14.421934'),
(2554, 47, '2017-02-26 14:59:14.914854'),
(2555, 47, '2017-02-26 14:59:15.400699'),
(2556, 47, '2017-02-26 14:59:15.935151'),
(2557, 47, '2017-02-26 14:59:16.469030'),
(2558, 47, '2017-02-26 14:59:16.931887'),
(2559, 47, '2017-02-26 14:59:17.442434'),
(2560, 47, '2017-02-26 14:59:18.031853'),
(2561, 47, '2017-02-26 14:59:18.582244'),
(2562, 47, '2017-02-26 14:59:19.087152'),
(2563, 47, '2017-02-26 14:59:19.734613'),
(2564, 47, '2017-02-26 14:59:20.165478'),
(2565, 47, '2017-02-26 14:59:20.802931'),
(2566, 47, '2017-02-26 14:59:21.305287'),
(2567, 47, '2017-02-26 14:59:21.820654'),
(2568, 47, '2017-02-26 14:59:22.614217'),
(2569, 47, '2017-02-26 14:59:23.054551'),
(2570, 47, '2017-02-26 14:59:28.887862'),
(2571, 47, '2017-02-26 14:59:31.483035'),
(2572, 47, '2017-02-26 14:59:32.910810'),
(2573, 47, '2017-02-26 14:59:34.338824'),
(2574, 47, '2017-02-26 14:59:35.578705'),
(2575, 47, '2017-02-26 14:59:35.764837'),
(2576, 47, '2017-02-26 14:59:36.801574'),
(2577, 47, '2017-02-26 14:59:37.655750'),
(2578, 47, '2017-02-26 14:59:38.177367'),
(2579, 47, '2017-02-26 14:59:38.738763'),
(2580, 47, '2017-02-26 14:59:39.491299'),
(2581, 47, '2017-02-26 14:59:40.052696'),
(2582, 47, '2017-02-26 14:59:40.814238'),
(2583, 47, '2017-02-26 14:59:41.560767'),
(2584, 47, '2017-02-26 14:59:42.471415'),
(2585, 47, '2017-02-26 14:59:43.202934'),
(2586, 47, '2017-02-26 14:59:44.184638'),
(2587, 47, '2017-02-26 14:59:45.010218'),
(2588, 47, '2017-02-26 14:59:45.893380'),
(2589, 47, '2017-02-26 14:59:46.973680'),
(2590, 47, '2017-02-26 14:59:47.652421'),
(2591, 47, '2017-02-26 14:59:48.415962'),
(2592, 47, '2017-02-26 14:59:49.445693'),
(2593, 47, '2017-02-26 14:59:50.283287'),
(2594, 47, '2017-02-26 14:59:51.061841'),
(2595, 47, '2017-02-26 14:59:52.140607'),
(2596, 47, '2017-02-26 14:59:52.854132'),
(2597, 47, '2017-02-26 14:59:53.659324'),
(2598, 47, '2017-02-26 14:59:54.344345'),
(2599, 47, '2017-02-26 14:59:54.870750'),
(2600, 47, '2017-02-26 14:59:55.515209'),
(2601, 47, '2017-02-26 14:59:56.024570'),
(2602, 47, '2017-02-26 14:59:56.591976'),
(2603, 47, '2017-02-26 14:59:57.138361'),
(2604, 47, '2017-02-26 14:59:57.836857'),
(2605, 47, '2017-02-26 14:59:58.283175'),
(2606, 47, '2017-02-26 14:59:58.874594'),
(2607, 47, '2017-02-26 14:59:59.553080'),
(2608, 47, '2017-02-26 15:00:00.143497'),
(2609, 47, '2017-02-26 15:00:00.871554'),
(2610, 47, '2017-02-26 15:00:01.431489'),
(2611, 47, '2017-02-26 15:00:02.879517'),
(2612, 47, '2017-02-26 15:00:03.653067'),
(2613, 47, '2017-02-26 15:00:04.227072'),
(2614, 47, '2017-02-26 15:00:04.720422'),
(2615, 47, '2017-02-26 15:00:07.264229'),
(2616, 47, '2017-02-26 15:00:09.380733'),
(2617, 47, '2017-02-26 15:00:10.586589'),
(2618, 47, '2017-02-26 15:00:11.394165'),
(2619, 47, '2017-02-26 15:00:12.232759'),
(2620, 47, '2017-02-26 15:00:12.916775'),
(2621, 47, '2017-02-26 15:00:13.824976'),
(2622, 47, '2017-02-26 15:00:14.379370'),
(2623, 47, '2017-02-26 15:00:14.858710'),
(2624, 47, '2017-02-26 15:00:15.380080'),
(2625, 47, '2017-02-26 15:00:15.895446'),
(2626, 47, '2017-02-26 15:00:16.396824'),
(2627, 47, '2017-02-26 15:00:16.910167'),
(2628, 47, '2017-02-26 15:00:17.470566'),
(2629, 47, '2017-02-26 15:00:17.997941'),
(2630, 47, '2017-02-26 15:00:18.509304'),
(2631, 47, '2017-02-26 15:00:19.035677'),
(2632, 47, '2017-02-26 15:00:19.528027'),
(2633, 47, '2017-02-26 15:00:20.028424'),
(2634, 47, '2017-02-26 15:00:20.580816'),
(2635, 47, '2017-02-26 15:00:21.118198'),
(2636, 47, '2017-02-26 15:00:21.697648'),
(2637, 47, '2017-02-26 15:00:22.165982'),
(2638, 47, '2017-02-26 15:00:22.678345'),
(2639, 47, '2017-02-26 15:00:23.171227'),
(2640, 47, '2017-02-26 15:00:23.684593'),
(2641, 47, '2017-02-26 15:00:24.216970'),
(2642, 47, '2017-02-26 15:00:24.750348'),
(2643, 47, '2017-02-26 15:00:25.310747'),
(2644, 47, '2017-02-26 15:00:25.753061'),
(2645, 47, '2017-02-26 15:00:26.283479'),
(2646, 47, '2017-02-26 15:00:26.811854'),
(2647, 47, '2017-02-26 15:00:27.332224'),
(2648, 47, '2017-02-26 15:00:27.858598'),
(2649, 47, '2017-02-26 15:00:28.378967'),
(2650, 47, '2017-02-26 15:00:28.866315'),
(2651, 47, '2017-02-26 15:00:29.507977'),
(2652, 47, '2017-02-26 15:00:30.039355'),
(2653, 47, '2017-02-26 15:00:31.124655'),
(2654, 47, '2017-02-26 15:00:31.686085'),
(2655, 47, '2017-02-26 15:00:33.568421'),
(2656, 47, '2017-02-26 15:00:34.511090'),
(2657, 47, '2017-02-26 15:00:35.787608'),
(2658, 47, '2017-02-26 15:00:36.767304'),
(2659, 47, '2017-02-26 15:00:37.551862'),
(2660, 47, '2017-02-26 15:00:38.119851'),
(2661, 47, '2017-02-26 15:00:38.675245'),
(2662, 47, '2017-02-26 15:00:39.195615'),
(2663, 47, '2017-02-26 15:00:39.770028'),
(2664, 47, '2017-02-26 15:00:40.701751'),
(2665, 47, '2017-02-26 15:00:41.143064'),
(2666, 47, '2017-02-26 15:00:42.315469'),
(2667, 47, '2017-02-26 15:00:42.881871'),
(2668, 47, '2017-02-26 15:00:43.463284'),
(2669, 47, '2017-02-26 15:00:44.032188'),
(2670, 47, '2017-02-26 15:00:44.769424'),
(2671, 47, '2017-02-26 15:00:45.268816'),
(2672, 47, '2017-02-26 15:00:45.773717'),
(2673, 47, '2017-02-26 15:00:49.156000'),
(2674, 47, '2017-02-26 15:00:50.972967'),
(2675, 47, '2017-02-26 15:00:51.891619'),
(2676, 47, '2017-02-26 15:00:52.683181'),
(2677, 47, '2017-02-26 15:00:53.248636'),
(2678, 47, '2017-02-26 15:00:53.724975'),
(2679, 47, '2017-02-26 15:00:54.515536'),
(2680, 47, '2017-02-26 15:00:55.099979'),
(2681, 47, '2017-02-26 15:00:55.635893'),
(2682, 47, '2017-02-26 15:00:56.266326'),
(2683, 47, '2017-02-26 15:00:57.160963'),
(2684, 47, '2017-02-26 15:00:57.753381'),
(2685, 47, '2017-02-26 15:00:58.199699'),
(2686, 47, '2017-02-26 15:00:58.753112'),
(2687, 47, '2017-02-26 15:00:59.365130'),
(2688, 47, '2017-02-26 15:01:00.063624'),
(2689, 47, '2017-02-26 15:01:00.852184'),
(2690, 47, '2017-02-26 15:01:01.355543'),
(2691, 47, '2017-02-26 15:01:01.998629'),
(2692, 47, '2017-02-26 15:01:02.568570'),
(2693, 47, '2017-02-26 15:01:03.265104'),
(2694, 47, '2017-02-26 15:01:03.842141'),
(2695, 47, '2017-02-26 15:01:04.224477'),
(2696, 47, '2017-02-26 15:01:04.892987'),
(2697, 47, '2017-02-26 15:01:05.442908'),
(2698, 47, '2017-02-26 15:01:05.922249'),
(2699, 47, '2017-02-26 15:01:06.734826'),
(2700, 47, '2017-02-26 15:01:07.861629'),
(2701, 47, '2017-02-26 15:01:08.766047'),
(2702, 47, '2017-02-26 15:01:09.804786'),
(2703, 47, '2017-02-26 15:01:10.704996'),
(2704, 47, '2017-02-26 15:01:11.350225'),
(2705, 47, '2017-02-26 15:01:12.496038'),
(2706, 47, '2017-02-26 15:01:13.361654'),
(2707, 47, '2017-02-26 15:01:13.967311'),
(2708, 47, '2017-02-26 15:01:14.514369'),
(2709, 47, '2017-02-26 15:01:15.112791'),
(2710, 47, '2017-02-26 15:01:15.808851'),
(2711, 47, '2017-02-26 15:01:16.419285'),
(2712, 47, '2017-02-26 15:01:16.996223'),
(2713, 47, '2017-02-26 15:01:17.626212'),
(2714, 47, '2017-02-26 15:01:18.223635'),
(2715, 47, '2017-02-26 15:01:18.777028'),
(2716, 47, '2017-02-26 15:01:19.253367'),
(2717, 47, '2017-02-26 15:01:20.007903'),
(2718, 47, '2017-02-26 15:01:20.814475'),
(2719, 47, '2017-02-26 15:01:21.723151'),
(2720, 47, '2017-02-26 15:01:22.266567'),
(2721, 47, '2017-02-26 15:01:22.818960'),
(2722, 47, '2017-02-26 15:01:23.304303'),
(2723, 47, '2017-02-26 15:01:24.066847'),
(2724, 47, '2017-02-26 15:01:24.773348'),
(2725, 47, '2017-02-26 15:01:25.432818'),
(2726, 47, '2017-02-26 15:01:26.029240'),
(2727, 47, '2017-02-26 15:01:26.595643'),
(2728, 47, '2017-02-26 15:01:27.239099'),
(2729, 47, '2017-02-26 15:01:27.832521'),
(2730, 47, '2017-02-26 15:01:28.313864'),
(2731, 47, '2017-02-26 15:01:28.864274'),
(2732, 47, '2017-02-26 15:01:29.417203'),
(2733, 47, '2017-02-26 15:01:29.972598'),
(2734, 47, '2017-02-26 15:01:30.457942'),
(2735, 47, '2017-02-26 15:01:31.170484'),
(2736, 47, '2017-02-26 15:01:31.633314'),
(2737, 47, '2017-02-26 15:01:32.079665'),
(2738, 47, '2017-02-26 15:01:32.787167'),
(2739, 47, '2017-02-26 15:01:33.299531'),
(2740, 47, '2017-02-26 15:01:33.819901'),
(2741, 47, '2017-02-26 15:01:35.013309'),
(2742, 47, '2017-02-26 15:01:35.286035'),
(2743, 47, '2017-02-26 15:01:35.860422'),
(2744, 47, '2017-02-26 15:01:36.430827'),
(2745, 47, '2017-02-26 15:01:37.007976'),
(2746, 47, '2017-02-26 15:01:37.773523'),
(2747, 47, '2017-02-26 15:01:38.463527'),
(2748, 47, '2017-02-26 15:01:39.801988'),
(2749, 47, '2017-02-26 15:01:40.297871'),
(2750, 47, '2017-02-26 15:01:41.075445'),
(2751, 47, '2017-02-26 15:01:41.949045'),
(2752, 47, '2017-02-26 15:01:42.897269'),
(2753, 47, '2017-02-26 15:01:43.642343'),
(2754, 47, '2017-02-26 15:01:44.440352'),
(2755, 47, '2017-02-26 15:01:45.274943'),
(2756, 47, '2017-02-26 15:01:46.066545'),
(2757, 47, '2017-02-26 15:01:46.823701'),
(2758, 47, '2017-02-26 15:01:47.614818'),
(2759, 47, '2017-02-26 15:01:48.443406'),
(2760, 47, '2017-02-26 15:01:49.281063'),
(2761, 47, '2017-02-26 15:01:50.053209'),
(2762, 47, '2017-02-26 15:01:50.647632'),
(2763, 47, '2017-02-26 15:01:51.280079'),
(2764, 47, '2017-02-26 15:01:51.860491'),
(2765, 47, '2017-02-26 15:01:52.377859'),
(2766, 47, '2017-02-26 15:01:52.953267'),
(2767, 47, '2017-02-26 15:01:53.475838'),
(2768, 47, '2017-02-26 15:01:54.167330'),
(2769, 47, '2017-02-26 15:01:54.753320'),
(2770, 47, '2017-02-26 15:01:55.208644'),
(2771, 47, '2017-02-26 15:01:55.949171'),
(2772, 47, '2017-02-26 15:01:56.534933'),
(2773, 47, '2017-02-26 15:01:57.150402'),
(2774, 47, '2017-02-26 15:01:57.690287'),
(2775, 47, '2017-02-26 15:01:58.172629'),
(2776, 47, '2017-02-26 15:01:59.892910'),
(2777, 47, '2017-02-26 15:02:04.151484'),
(2778, 47, '2017-02-26 15:02:06.259123'),
(2779, 47, '2017-02-26 15:02:07.558046'),
(2780, 47, '2017-02-26 15:02:08.680913'),
(2781, 47, '2017-02-26 15:02:09.260325'),
(2782, 47, '2017-02-26 15:02:09.859751'),
(2783, 47, '2017-02-26 15:02:10.391128'),
(2784, 47, '2017-02-26 15:02:10.972541'),
(2785, 47, '2017-02-26 15:02:11.422864'),
(2786, 47, '2017-02-26 15:02:11.933223'),
(2787, 47, '2017-02-26 15:02:12.492621'),
(2788, 47, '2017-02-26 15:02:12.965957'),
(2789, 47, '2017-02-26 15:02:13.607413'),
(2790, 47, '2017-02-26 15:02:14.093759'),
(2791, 47, '2017-02-26 15:02:14.613127'),
(2792, 47, '2017-02-26 15:02:18.114614'),
(2793, 47, '2017-02-26 15:02:19.959958'),
(2794, 47, '2017-02-26 15:02:20.990690'),
(2795, 47, '2017-02-26 15:02:21.622639'),
(2796, 47, '2017-02-26 15:02:22.540291'),
(2797, 47, '2017-02-26 15:02:23.311839'),
(2798, 47, '2017-02-26 15:02:24.150434'),
(2799, 47, '2017-02-26 15:02:25.099609'),
(2800, 47, '2017-02-26 15:02:26.154858'),
(2801, 47, '2017-02-26 15:02:26.476087'),
(2802, 47, '2017-02-26 15:02:27.263145'),
(2803, 47, '2017-02-26 15:02:27.761499'),
(2804, 47, '2017-02-26 15:02:28.867285'),
(2805, 47, '2017-02-26 15:02:29.413673'),
(2806, 47, '2017-02-26 15:02:30.230254'),
(2807, 47, '2017-02-26 15:02:30.999301'),
(2808, 47, '2017-02-26 15:02:31.635251'),
(2809, 47, '2017-02-26 15:02:32.258694'),
(2810, 47, '2017-02-26 15:02:32.784567'),
(2811, 47, '2017-02-26 15:02:33.400005'),
(2812, 47, '2017-02-26 15:02:33.974413'),
(2813, 47, '2017-02-26 15:02:34.565333'),
(2814, 47, '2017-02-26 15:02:35.142743'),
(2815, 47, '2017-02-26 15:02:35.861754'),
(2816, 47, '2017-02-26 15:02:36.362609'),
(2817, 47, '2017-02-26 15:02:37.161677'),
(2818, 47, '2017-02-26 15:02:37.843661'),
(2819, 47, '2017-02-26 15:02:38.811349'),
(2820, 47, '2017-02-26 15:02:39.427287'),
(2821, 47, '2017-02-26 15:02:40.299906'),
(2822, 47, '2017-02-26 15:02:40.937859'),
(2823, 47, '2017-02-26 15:02:41.511267'),
(2824, 47, '2017-02-26 15:02:42.245289'),
(2825, 47, '2017-02-26 15:02:43.022841'),
(2826, 47, '2017-02-26 15:02:43.654789'),
(2827, 47, '2017-02-26 15:02:44.156646'),
(2828, 47, '2017-02-26 15:02:44.674014'),
(2829, 47, '2017-02-26 15:02:45.366506'),
(2830, 47, '2017-02-26 15:02:45.913894'),
(2831, 47, '2017-02-26 15:02:46.429761'),
(2832, 47, '2017-02-26 15:02:47.186799'),
(2833, 47, '2017-02-26 15:02:48.490726'),
(2834, 47, '2017-02-26 15:02:49.211237'),
(2835, 47, '2017-02-26 15:02:49.846688'),
(2836, 47, '2017-02-26 15:02:50.255479'),
(2837, 47, '2017-02-26 15:02:50.849900'),
(2838, 47, '2017-02-26 15:02:51.407297'),
(2839, 47, '2017-02-26 15:02:51.998723'),
(2840, 47, '2017-02-26 15:02:52.751751'),
(2841, 47, '2017-02-26 15:02:53.510791'),
(2842, 47, '2017-02-26 15:02:54.074191'),
(2843, 47, '2017-02-26 15:02:54.874760'),
(2844, 47, '2017-02-26 15:02:55.378117'),
(2845, 47, '2017-02-26 15:02:56.160173'),
(2846, 47, '2017-02-26 15:02:56.971249'),
(2847, 47, '2017-02-26 15:02:57.914419'),
(2848, 47, '2017-02-26 15:02:58.688469'),
(2849, 47, '2017-02-26 15:02:59.541140'),
(2850, 47, '2017-02-26 15:03:00.170691'),
(2851, 47, '2017-02-26 15:03:00.719079'),
(2852, 47, '2017-02-26 15:03:03.822283'),
(2853, 47, '2017-02-26 15:03:06.577848'),
(2854, 47, '2017-02-26 15:03:07.933367'),
(2855, 47, '2017-02-26 15:03:09.082181'),
(2856, 47, '2017-02-26 15:03:09.677605'),
(2857, 47, '2017-02-26 15:03:10.330508'),
(2858, 47, '2017-02-26 15:03:10.854960'),
(2859, 47, '2017-02-26 15:03:11.380369'),
(2860, 47, '2017-02-26 15:03:12.261994'),
(2861, 47, '2017-02-26 15:03:12.755729'),
(2862, 47, '2017-02-26 15:03:13.624346'),
(2863, 47, '2017-02-26 15:03:14.124737'),
(2864, 47, '2017-02-26 15:03:14.699761'),
(2865, 47, '2017-02-26 15:03:15.204988'),
(2866, 47, '2017-02-26 15:08:36.232486'),
(2867, 47, '2017-02-26 15:08:36.510685'),
(2868, 47, '2017-02-26 15:08:36.905965'),
(2869, 47, '2017-02-26 15:08:37.143134'),
(2870, 47, '2017-02-26 15:08:37.434343'),
(2871, 47, '2017-02-26 15:08:37.914684'),
(2872, 47, '2017-02-26 15:08:38.086805'),
(2873, 47, '2017-02-26 15:08:38.411036'),
(2874, 47, '2017-02-26 15:09:28.967293'),
(2875, 47, '2017-02-26 15:09:31.938073'),
(2876, 47, '2017-02-26 15:09:33.646287'),
(2877, 47, '2017-02-26 15:09:34.952215'),
(2878, 47, '2017-02-26 15:09:35.474586'),
(2879, 47, '2017-02-26 15:09:35.983448'),
(2880, 47, '2017-02-26 15:09:36.627906'),
(2881, 47, '2017-02-26 15:09:37.238339'),
(2882, 47, '2017-02-26 15:09:37.887800'),
(2883, 47, '2017-02-26 15:09:38.538763'),
(2884, 47, '2017-02-26 15:09:39.133185'),
(2885, 47, '2017-02-26 15:09:39.596514'),
(2886, 47, '2017-02-26 15:09:40.120386'),
(2887, 47, '2017-02-26 15:09:40.617739'),
(2888, 47, '2017-02-26 15:09:41.273705'),
(2889, 47, '2017-02-26 15:09:41.795576'),
(2890, 47, '2017-02-26 15:09:42.301436'),
(2891, 47, '2017-02-26 15:09:42.909868'),
(2892, 47, '2017-02-26 15:09:43.341674'),
(2893, 47, '2017-02-26 15:09:44.013655'),
(2894, 47, '2017-02-26 15:09:44.480984'),
(2895, 47, '2017-02-26 15:09:45.063397'),
(2896, 47, '2017-02-26 15:09:45.582266'),
(2897, 47, '2017-02-26 15:09:46.276259'),
(2898, 47, '2017-02-26 15:09:47.038300'),
(2899, 47, '2017-02-26 15:09:47.583688'),
(2900, 47, '2017-02-26 15:09:48.141084'),
(2901, 47, '2017-02-26 15:09:48.630432'),
(2902, 47, '2017-02-26 15:09:49.234861'),
(2903, 47, '2017-02-26 15:09:49.866810'),
(2904, 47, '2017-02-26 15:09:50.346150'),
(2905, 47, '2017-02-26 15:09:51.241286'),
(2906, 47, '2017-02-26 15:09:51.825701'),
(2907, 47, '2017-02-26 15:09:53.640991'),
(2908, 47, '2017-02-26 15:09:54.876369'),
(2909, 47, '2017-02-26 15:09:55.555350'),
(2910, 47, '2017-02-26 15:09:56.237335'),
(2911, 47, '2017-02-26 15:09:56.927826'),
(2912, 47, '2017-02-26 15:09:57.496730'),
(2913, 47, '2017-02-26 15:09:58.150194'),
(2914, 47, '2017-02-26 15:09:58.707590'),
(2915, 47, '2017-02-26 15:09:59.426101'),
(2916, 47, '2017-02-26 15:10:00.025526'),
(2917, 47, '2017-02-26 15:10:00.528383'),
(2918, 47, '2017-02-26 15:10:01.072270'),
(2919, 47, '2017-02-26 15:10:01.716227'),
(2920, 47, '2017-02-26 15:10:02.163045'),
(2921, 47, '2017-02-26 15:10:02.751463'),
(2922, 47, '2017-02-26 15:10:03.195779'),
(2923, 47, '2017-02-26 15:10:03.860250'),
(2924, 47, '2017-02-26 15:10:04.366610'),
(2925, 47, '2017-02-26 15:10:05.011067'),
(2926, 47, '2017-02-26 15:10:05.582473'),
(2927, 47, '2017-02-26 15:10:06.210921'),
(2928, 47, '2017-02-26 15:10:06.833862'),
(2929, 47, '2017-02-26 15:10:07.437291'),
(2930, 47, '2017-02-26 15:10:07.919635'),
(2931, 47, '2017-02-26 15:10:08.405980'),
(2932, 47, '2017-02-26 15:10:08.879816'),
(2933, 47, '2017-02-26 15:10:09.562801'),
(2934, 47, '2017-02-26 15:10:10.156223'),
(2935, 47, '2017-02-26 15:10:11.005830'),
(2936, 47, '2017-02-26 15:10:11.572228'),
(2937, 47, '2017-02-26 15:10:12.083592'),
(2938, 47, '2017-02-26 15:10:12.745563'),
(2939, 47, '2017-02-26 15:10:13.372508'),
(2940, 47, '2017-02-26 15:10:13.786302'),
(2941, 47, '2017-02-26 15:10:14.552846'),
(2942, 47, '2017-02-26 15:10:15.044196'),
(2943, 47, '2017-02-26 15:10:15.626109'),
(2944, 47, '2017-02-26 15:10:17.239255'),
(2945, 47, '2017-02-26 15:10:19.010513'),
(2946, 47, '2017-02-26 15:10:19.990208'),
(2947, 47, '2017-02-26 15:10:20.599641'),
(2948, 47, '2017-02-26 15:10:21.373191'),
(2949, 47, '2017-02-26 15:10:21.937091'),
(2950, 47, '2017-02-26 15:10:22.429441'),
(2951, 47, '2017-02-26 15:10:22.944808'),
(2952, 47, '2017-02-26 15:10:23.495198'),
(2953, 47, '2017-02-26 15:10:24.072108'),
(2954, 47, '2017-02-26 15:10:24.513421'),
(2955, 47, '2017-02-26 15:10:25.016780'),
(2956, 47, '2017-02-26 15:10:25.657734'),
(2957, 47, '2017-02-26 15:10:26.392756'),
(2958, 47, '2017-02-26 15:10:26.920131'),
(2959, 47, '2017-02-26 15:10:27.439000'),
(2960, 47, '2017-02-26 15:10:28.253578'),
(2961, 47, '2017-02-26 15:10:28.973089'),
(2962, 47, '2017-02-26 15:10:30.073872'),
(2963, 47, '2017-02-26 15:10:30.862932'),
(2964, 47, '2017-02-26 15:10:31.520399'),
(2965, 47, '2017-02-26 15:10:32.343484'),
(2966, 47, '2017-02-26 15:10:32.848343'),
(2967, 47, '2017-02-26 15:10:33.451271'),
(2968, 47, '2017-02-26 15:10:34.029682'),
(2969, 47, '2017-02-26 15:10:34.649121'),
(2970, 47, '2017-02-26 15:10:35.348118'),
(2971, 47, '2017-02-26 15:10:35.867988'),
(2972, 47, '2017-02-26 15:10:36.575991'),
(2973, 47, '2017-02-26 15:10:37.139891'),
(2974, 47, '2017-02-26 15:10:37.700789'),
(2975, 47, '2017-02-26 15:10:38.423307'),
(2976, 47, '2017-02-26 15:10:39.042247'),
(2977, 47, '2017-02-26 15:10:39.500572'),
(2978, 47, '2017-02-26 15:10:40.049963'),
(2979, 47, '2017-02-26 15:10:42.724863'),
(2980, 47, '2017-02-26 15:10:45.731999'),
(2981, 47, '2017-02-26 15:10:46.417987'),
(2982, 47, '2017-02-26 15:10:48.086672'),
(2983, 47, '2017-02-26 15:10:49.154930'),
(2984, 47, '2017-02-26 15:10:50.090596'),
(2985, 47, '2017-02-26 15:10:50.631479'),
(2986, 47, '2017-02-26 15:10:51.285944'),
(2987, 47, '2017-02-26 15:10:51.819824'),
(2988, 47, '2017-02-26 15:10:52.385225'),
(2989, 47, '2017-02-26 15:10:52.952628'),
(2990, 47, '2017-02-26 15:10:53.442477'),
(2991, 47, '2017-02-26 15:10:53.879287'),
(2992, 47, '2017-02-26 15:10:54.444188'),
(2993, 47, '2017-02-26 15:10:55.507944'),
(2994, 47, '2017-02-26 15:10:55.974275'),
(2995, 47, '2017-02-26 15:10:56.475131'),
(2996, 47, '2017-02-26 15:10:57.019517'),
(2997, 47, '2017-02-26 15:10:57.585420'),
(2998, 47, '2017-02-26 15:10:58.105289'),
(2999, 47, '2017-02-26 15:11:00.224794'),
(3000, 47, '2017-02-26 15:11:01.485690'),
(3001, 47, '2017-02-26 15:11:02.801125'),
(3002, 47, '2017-02-26 15:11:03.713273'),
(3003, 47, '2017-02-26 15:11:04.439789'),
(3004, 47, '2017-02-26 15:11:05.031709'),
(3005, 47, '2017-02-26 15:11:05.337926'),
(3006, 47, '2017-02-26 15:11:05.981884'),
(3007, 47, '2017-02-26 15:11:06.468730'),
(3008, 47, '2017-02-26 15:11:07.010115'),
(3009, 47, '2017-02-26 15:11:07.492457'),
(3010, 47, '2017-02-26 15:11:08.101890'),
(3011, 47, '2017-02-26 15:11:08.579729'),
(3012, 47, '2017-02-26 15:11:09.098598'),
(3013, 47, '2017-02-26 15:11:09.586445'),
(3014, 47, '2017-02-26 15:11:10.167357'),
(3015, 47, '2017-02-26 15:11:10.865353'),
(3016, 47, '2017-02-26 15:11:11.337689'),
(3017, 47, '2017-02-26 15:11:12.095727'),
(3018, 47, '2017-02-26 15:11:12.585575'),
(3019, 47, '2017-02-26 15:11:13.090434'),
(3020, 47, '2017-02-26 15:11:13.632318'),
(3021, 47, '2017-02-26 15:11:14.302795'),
(3022, 47, '2017-02-26 15:11:15.066838'),
(3023, 47, '2017-02-26 15:11:15.275486'),
(3024, 47, '2017-02-26 15:11:15.677271'),
(3025, 47, '2017-02-26 15:11:16.201143'),
(3026, 47, '2017-02-26 15:11:16.788560'),
(3027, 47, '2017-02-26 15:11:17.351460'),
(3028, 47, '2017-02-26 15:11:17.962895'),
(3029, 47, '2017-02-26 15:11:18.513286'),
(3030, 47, '2017-02-26 15:11:19.322361'),
(3031, 47, '2017-02-26 15:11:20.277539'),
(3032, 47, '2017-02-26 15:11:20.890975'),
(3033, 47, '2017-02-26 15:11:23.276169'),
(3034, 47, '2017-02-26 15:11:24.779237'),
(3035, 47, '2017-02-26 15:11:25.627340'),
(3036, 47, '2017-02-26 15:11:29.119320'),
(3037, 47, '2017-02-26 15:11:32.672403'),
(3038, 47, '2017-02-26 15:11:33.190271'),
(3039, 47, '2017-02-26 15:11:34.586763'),
(3040, 47, '2017-02-26 15:11:35.351806'),
(3041, 47, '2017-02-26 15:11:35.846157'),
(3042, 47, '2017-02-26 15:11:36.243440'),
(3043, 47, '2017-02-26 15:11:36.757304'),
(3044, 47, '2017-02-26 15:11:37.275172'),
(3045, 47, '2017-02-26 15:11:37.910124'),
(3046, 47, '2017-02-26 15:11:38.334426'),
(3047, 47, '2017-02-26 15:11:38.923843'),
(3048, 47, '2017-02-26 15:11:39.542283'),
(3049, 47, '2017-02-26 15:11:39.927557'),
(3050, 47, '2017-02-26 15:11:40.474445'),
(3051, 47, '2017-02-26 15:11:41.194456'),
(3052, 47, '2017-02-26 15:11:41.528194'),
(3053, 47, '2017-02-26 15:11:42.395811'),
(3054, 47, '2017-02-26 15:11:43.001741'),
(3055, 47, '2017-02-26 15:11:43.525613'),
(3056, 47, '2017-02-26 15:11:44.036475'),
(3057, 47, '2017-02-26 15:11:44.584866'),
(3058, 47, '2017-02-26 15:11:45.148265'),
(3059, 47, '2017-02-26 15:11:45.786218'),
(3060, 47, '2017-02-26 15:11:46.213022'),
(3061, 47, '2017-02-26 15:11:46.690861'),
(3062, 47, '2017-02-26 15:11:47.210231'),
(3063, 47, '2017-02-26 15:11:48.908437'),
(3064, 47, '2017-02-26 15:11:51.914147'),
(3065, 47, '2017-02-26 15:11:55.411230'),
(3066, 47, '2017-02-26 15:11:55.789998'),
(3067, 47, '2017-02-26 15:11:57.329674'),
(3068, 47, '2017-02-26 15:11:57.406229'),
(3069, 47, '2017-02-26 15:11:58.553543'),
(3070, 47, '2017-02-26 15:11:59.577271'),
(3071, 47, '2017-02-26 15:12:00.083630'),
(3072, 47, '2017-02-26 15:12:00.768117'),
(3073, 47, '2017-02-26 15:12:01.347028'),
(3074, 47, '2017-02-26 15:12:02.176618'),
(3075, 47, '2017-02-26 15:12:03.266892'),
(3076, 47, '2017-02-26 15:12:03.392481'),
(3077, 47, '2017-02-26 15:12:03.892836'),
(3078, 47, '2017-02-26 15:12:04.764956'),
(3079, 47, '2017-02-26 15:12:05.745653'),
(3080, 47, '2017-02-26 15:12:06.037360'),
(3081, 47, '2017-02-26 15:12:06.770380'),
(3082, 47, '2017-02-26 15:12:07.277742'),
(3083, 47, '2017-02-26 15:12:07.940212'),
(3084, 47, '2017-02-26 15:12:08.771803'),
(3085, 47, '2017-02-26 15:12:09.357718'),
(3086, 47, '2017-02-26 15:12:10.337915'),
(3087, 47, '2017-02-26 15:12:10.882302'),
(3088, 47, '2017-02-26 15:12:11.857494'),
(3089, 47, '2017-02-26 15:12:12.392374'),
(3090, 47, '2017-02-26 15:12:12.494947'),
(3091, 47, '2017-02-26 15:12:13.826392'),
(3092, 47, '2017-02-26 15:12:14.284219'),
(3093, 47, '2017-02-26 15:12:14.965202'),
(3094, 47, '2017-02-26 15:12:15.262414'),
(3095, 47, '2017-02-26 15:12:16.121523'),
(3096, 47, '2017-02-26 15:12:16.678418'),
(3097, 47, '2017-02-26 15:12:17.254328'),
(3098, 47, '2017-02-26 15:12:17.568052'),
(3099, 47, '2017-02-26 15:12:18.004361'),
(3100, 47, '2017-02-26 15:12:18.580270'),
(3101, 47, '2017-02-26 15:12:19.291275'),
(3102, 47, '2017-02-26 15:12:20.240950'),
(3103, 47, '2017-02-26 15:12:20.695773'),
(3104, 47, '2017-02-26 15:12:21.225149'),
(3105, 47, '2017-02-26 15:12:26.639094'),
(3106, 47, '2017-02-26 15:12:29.183933'),
(3107, 47, '2017-02-26 15:12:30.624527'),
(3108, 47, '2017-02-26 15:12:31.961976'),
(3109, 47, '2017-02-26 15:12:32.618444'),
(3110, 47, '2017-02-26 15:12:33.266903'),
(3111, 47, '2017-02-26 15:12:35.641591'),
(3112, 47, '2017-02-26 15:12:36.330580'),
(3113, 47, '2017-02-26 15:12:37.023572'),
(3114, 47, '2017-02-26 15:12:37.387331'),
(3115, 47, '2017-02-26 15:12:37.909702'),
(3116, 47, '2017-02-26 15:12:38.344511'),
(3117, 47, '2017-02-26 15:12:39.102549'),
(3118, 47, '2017-02-26 15:12:39.893111'),
(3119, 47, '2017-02-26 15:12:39.977671'),
(3120, 47, '2017-02-26 15:12:40.515052'),
(3121, 47, '2017-02-26 15:12:42.468566'),
(3122, 47, '2017-02-26 15:12:42.637685'),
(3123, 47, '2017-02-26 15:12:43.230607'),
(3124, 47, '2017-02-26 15:12:45.971554'),
(3125, 47, '2017-02-26 15:12:46.446891'),
(3126, 47, '2017-02-26 15:12:47.224945'),
(3127, 47, '2017-02-26 15:12:48.311716'),
(3128, 47, '2017-02-26 15:12:48.556390'),
(3129, 47, '2017-02-26 15:12:49.502562'),
(3130, 47, '2017-02-26 15:12:50.194554'),
(3131, 47, '2017-02-26 15:12:50.550807'),
(3132, 47, '2017-02-26 15:12:51.139224'),
(3133, 47, '2017-02-26 15:12:51.718136'),
(3134, 47, '2017-02-26 15:12:52.196476'),
(3135, 47, '2017-02-26 15:12:52.893471'),
(3136, 47, '2017-02-26 15:12:53.391825'),
(3137, 47, '2017-02-26 15:12:53.894682'),
(3138, 47, '2017-02-26 15:12:54.752291'),
(3139, 47, '2017-02-26 15:12:55.167586'),
(3140, 47, '2017-02-26 15:12:55.614404'),
(3141, 47, '2017-02-26 15:12:56.115760'),
(3142, 47, '2017-02-26 15:12:56.404969'),
(3143, 47, '2017-02-26 15:12:56.930839'),
(3144, 47, '2017-02-26 15:12:57.515754'),
(3145, 47, '2017-02-26 15:12:58.514495'),
(3146, 47, '2017-02-26 15:12:59.073892'),
(3147, 47, '2017-02-26 15:12:59.630288'),
(3148, 47, '2017-02-26 15:13:00.196691'),
(3149, 47, '2017-02-26 15:13:00.770097'),
(3150, 47, '2017-02-26 15:13:01.219996'),
(3151, 47, '2017-02-26 15:13:01.746369'),
(3152, 47, '2017-02-26 15:13:02.487005'),
(3153, 47, '2017-02-26 15:13:02.852246'),
(3154, 47, '2017-02-26 15:13:03.347597'),
(3155, 47, '2017-02-26 15:13:03.995089'),
(3156, 47, '2017-02-26 15:13:11.053693'),
(3157, 47, '2017-02-26 15:13:12.219929'),
(3158, 47, '2017-02-26 15:13:13.428786'),
(3159, 47, '2017-02-26 15:13:15.238799'),
(3160, 47, '2017-02-26 15:13:16.247516'),
(3161, 47, '2017-02-26 15:13:17.326349'),
(3162, 47, '2017-02-26 15:13:18.210748'),
(3163, 47, '2017-02-26 15:13:19.465638'),
(3164, 47, '2017-02-26 15:13:20.483361'),
(3165, 47, '2017-02-26 15:13:23.133257'),
(3166, 47, '2017-02-26 15:13:24.011454'),
(3167, 47, '2017-02-26 15:13:24.448763'),
(3168, 47, '2017-02-26 15:13:27.269256'),
(3169, 47, '2017-02-26 15:13:28.441106'),
(3170, 47, '2017-02-26 15:13:29.776588'),
(3171, 47, '2017-02-26 15:13:30.411037'),
(3172, 47, '2017-02-26 15:13:31.469788'),
(3173, 47, '2017-02-26 15:13:32.315388'),
(3174, 47, '2017-02-26 15:13:33.435183'),
(3175, 47, '2017-02-26 15:13:34.462947'),
(3176, 47, '2017-02-26 15:13:35.567267'),
(3177, 47, '2017-02-26 15:13:36.392982'),
(3178, 47, '2017-02-26 15:13:38.566644'),
(3179, 47, '2017-02-26 15:13:41.085724'),
(3180, 47, '2017-02-26 15:13:42.487793'),
(3181, 47, '2017-02-26 15:13:43.367510'),
(3182, 47, '2017-02-26 15:13:44.343203'),
(3183, 47, '2017-02-26 15:13:47.148326'),
(3184, 47, '2017-02-26 15:13:48.222354'),
(3185, 47, '2017-02-26 15:13:49.310124'),
(3186, 47, '2017-02-26 15:13:50.003650'),
(3187, 47, '2017-02-26 15:13:51.202543'),
(3188, 47, '2017-02-26 15:13:51.847003'),
(3189, 47, '2017-02-26 15:13:53.452140'),
(3190, 47, '2017-02-26 15:13:53.758358'),
(3191, 47, '2017-02-26 15:13:54.577512'),
(3192, 47, '2017-02-26 15:13:55.967534'),
(3193, 47, '2017-02-26 15:13:56.484401'),
(3194, 47, '2017-02-26 15:13:57.586755'),
(3195, 47, '2017-02-26 15:13:58.486394'),
(3196, 47, '2017-02-26 15:13:59.644749'),
(3197, 47, '2017-02-26 15:14:00.758604'),
(3198, 47, '2017-02-26 15:14:01.231047'),
(3199, 47, '2017-02-26 15:14:02.201735'),
(3200, 47, '2017-02-26 15:14:03.080358'),
(3201, 47, '2017-02-26 15:14:04.066058'),
(3202, 47, '2017-02-26 15:14:04.966700'),
(3203, 47, '2017-02-26 15:14:05.898360'),
(3204, 47, '2017-02-26 15:14:12.128363'),
(3205, 47, '2017-02-26 15:14:14.835864'),
(3206, 47, '2017-02-26 15:14:15.614416'),
(3207, 47, '2017-02-26 15:14:16.574096'),
(3208, 47, '2017-02-26 15:14:17.237567'),
(3209, 47, '2017-02-26 15:14:18.213265'),
(3210, 47, '2017-02-26 15:14:18.663582'),
(3211, 47, '2017-02-26 15:14:20.249775'),
(3212, 47, '2017-02-26 15:14:20.861209'),
(3213, 47, '2017-02-26 15:14:21.581721'),
(3214, 47, '2017-02-26 15:14:22.402838'),
(3215, 47, '2017-02-26 15:14:23.020300'),
(3216, 47, '2017-02-26 15:14:23.894917'),
(3217, 47, '2017-02-26 15:14:24.642619'),
(3218, 47, '2017-02-26 15:14:25.351119'),
(3219, 47, '2017-02-26 15:14:26.905230'),
(3220, 47, '2017-02-26 15:14:28.481343'),
(3221, 47, '2017-02-26 15:14:29.721224'),
(3222, 47, '2017-02-26 15:14:30.216581'),
(3223, 47, '2017-02-26 15:14:31.235300'),
(3224, 47, '2017-02-26 15:14:32.022859'),
(3225, 47, '2017-02-26 15:14:32.702342'),
(3226, 47, '2017-02-26 15:14:33.432864'),
(3227, 47, '2017-02-26 15:14:34.533643'),
(3228, 47, '2017-02-26 15:14:35.467307'),
(3229, 47, '2017-02-26 15:14:36.059727'),
(3230, 47, '2017-02-26 15:14:36.739209'),
(3231, 47, '2017-02-26 15:14:38.332414'),
(3232, 47, '2017-02-26 15:14:39.258071'),
(3233, 47, '2017-02-26 15:14:40.078652'),
(3234, 47, '2017-02-26 15:14:40.860207'),
(3235, 47, '2017-02-26 15:14:41.619819'),
(3236, 47, '2017-02-26 15:14:42.701587'),
(3237, 47, '2017-02-26 15:14:43.746330'),
(3238, 47, '2017-02-26 15:14:44.472954'),
(3239, 47, '2017-02-26 15:14:45.387605'),
(3240, 47, '2017-02-26 15:14:46.310260'),
(3241, 47, '2017-02-26 15:14:47.211900'),
(3242, 47, '2017-02-26 15:14:47.830339'),
(3243, 47, '2017-02-26 15:14:48.521830'),
(3244, 47, '2017-02-26 15:14:49.419469'),
(3245, 47, '2017-02-26 15:14:50.209640'),
(3246, 47, '2017-02-26 15:14:50.942159'),
(3247, 47, '2017-02-26 15:14:52.190046'),
(3248, 47, '2017-02-26 15:14:53.107260'),
(3249, 47, '2017-02-26 15:14:53.630630'),
(3250, 47, '2017-02-26 15:14:54.900533'),
(3251, 47, '2017-02-26 15:14:54.901533'),
(3252, 47, '2017-02-26 15:14:56.087377'),
(3253, 47, '2017-02-26 15:14:56.349561'),
(3254, 47, '2017-02-26 15:14:57.233189'),
(3255, 47, '2017-02-26 15:14:58.901908'),
(3256, 47, '2017-02-26 15:14:59.326775'),
(3257, 47, '2017-02-26 15:15:00.145354'),
(3258, 47, '2017-02-26 15:15:01.197102'),
(3259, 47, '2017-02-26 15:15:02.706763'),
(3260, 47, '2017-02-26 15:15:05.087454'),
(3261, 47, '2017-02-26 15:15:05.817994'),
(3262, 47, '2017-02-26 15:15:06.538487'),
(3263, 47, '2017-02-26 15:15:07.852452'),
(3264, 47, '2017-02-26 15:15:08.103131'),
(3265, 47, '2017-02-26 15:15:09.707314'),
(3266, 47, '2017-02-26 15:15:10.449841'),
(3267, 47, '2017-02-26 15:15:10.953202'),
(3268, 47, '2017-02-26 15:15:11.676715'),
(3269, 47, '2017-02-26 15:15:12.690433'),
(3270, 47, '2017-02-26 15:15:13.248867'),
(3271, 47, '2017-02-26 15:15:14.195077'),
(3272, 47, '2017-02-26 15:15:15.444965'),
(3273, 47, '2017-02-26 15:15:16.233525'),
(3274, 47, '2017-02-26 15:15:16.886989'),
(3275, 47, '2017-02-26 15:15:17.597493'),
(3276, 47, '2017-02-26 15:15:19.331726'),
(3277, 47, '2017-02-26 15:15:19.836084'),
(3278, 47, '2017-02-26 15:15:21.411204'),
(3279, 47, '2017-02-26 15:15:22.239792'),
(3280, 47, '2017-02-26 15:15:23.604326'),
(3281, 47, '2017-02-26 15:15:23.679381'),
(3282, 47, '2017-02-26 15:15:24.565007'),
(3283, 47, '2017-02-26 15:15:25.781872'),
(3284, 47, '2017-02-26 15:15:26.362845'),
(3285, 47, '2017-02-26 15:15:27.282535'),
(3286, 47, '2017-02-26 15:15:27.887504'),
(3287, 47, '2017-02-26 15:15:28.698080'),
(3288, 47, '2017-02-26 15:15:30.247098'),
(3289, 47, '2017-02-26 15:15:30.779476'),
(3290, 47, '2017-02-26 15:15:31.740158'),
(3291, 47, '2017-02-26 15:15:33.115742'),
(3292, 47, '2017-02-26 15:15:33.860271'),
(3293, 47, '2017-02-26 15:15:34.608802'),
(3294, 47, '2017-02-26 15:15:35.516446'),
(3295, 47, '2017-02-26 15:15:36.213942'),
(3296, 47, '2017-02-26 15:15:37.843099'),
(3297, 47, '2017-02-26 15:15:38.703711'),
(3298, 47, '2017-02-26 15:15:43.228925'),
(3299, 47, '2017-02-26 15:15:44.344717'),
(3300, 47, '2017-02-26 15:15:45.104259'),
(3301, 47, '2017-02-26 15:15:45.916835'),
(3302, 47, '2017-02-26 15:15:48.198455'),
(3303, 47, '2017-02-26 15:15:48.916968'),
(3304, 47, '2017-02-26 15:15:50.085831'),
(3305, 47, '2017-02-26 15:15:50.309489'),
(3306, 47, '2017-02-26 15:15:51.127118'),
(3307, 47, '2017-02-26 15:15:51.925686'),
(3308, 47, '2017-02-26 15:15:52.643195'),
(3309, 47, '2017-02-26 15:15:53.313675'),
(3310, 47, '2017-02-26 15:15:54.128250'),
(3311, 47, '2017-02-26 15:15:54.932823'),
(3312, 47, '2017-02-26 15:15:56.717089'),
(3313, 47, '2017-02-26 15:15:58.228162'),
(3314, 47, '2017-02-26 15:15:59.059753'),
(3315, 47, '2017-02-26 15:16:00.216576'),
(3316, 47, '2017-02-26 15:16:00.484765'),
(3317, 47, '2017-02-26 15:16:01.201275'),
(3318, 47, '2017-02-26 15:16:02.028864'),
(3319, 47, '2017-02-26 15:16:03.315776'),
(3320, 47, '2017-02-26 15:16:03.711057'),
(3321, 47, '2017-02-26 15:16:04.331498'),
(3322, 47, '2017-02-26 15:16:05.214663'),
(3323, 47, '2017-02-26 15:16:06.197403'),
(3324, 47, '2017-02-26 15:16:06.524632'),
(3325, 47, '2017-02-26 15:16:08.335448'),
(3326, 47, '2017-02-26 15:16:10.749261'),
(3327, 47, '2017-02-26 15:16:12.138823'),
(3328, 47, '2017-02-26 15:16:13.434742'),
(3329, 47, '2017-02-26 15:16:14.246882'),
(3330, 47, '2017-02-26 15:16:15.114500'),
(3331, 47, '2017-02-26 15:16:15.737942'),
(3332, 47, '2017-02-26 15:16:17.061050'),
(3333, 47, '2017-02-26 15:16:17.448376'),
(3334, 47, '2017-02-26 15:16:18.320994'),
(3335, 47, '2017-02-26 15:16:19.180606'),
(3336, 47, '2017-02-26 15:16:20.684677'),
(3337, 47, '2017-02-26 15:16:22.357863'),
(3338, 47, '2017-02-26 15:16:22.971337'),
(3339, 47, '2017-02-26 15:16:23.665373'),
(3340, 47, '2017-02-26 15:16:24.545001'),
(3341, 47, '2017-02-26 15:16:26.204177'),
(3342, 47, '2017-02-26 15:16:26.937698'),
(3343, 47, '2017-02-26 15:16:28.422752'),
(3344, 47, '2017-02-26 15:16:29.137338'),
(3345, 47, '2017-02-26 15:16:29.893876'),
(3346, 47, '2017-02-26 15:16:30.704452'),
(3347, 47, '2017-02-26 15:16:31.429966'),
(3348, 47, '2017-02-26 15:16:32.221529'),
(3349, 47, '2017-02-26 15:16:32.963056'),
(3350, 47, '2017-02-26 15:16:34.261538'),
(3351, 47, '2017-02-26 15:16:34.499752'),
(3352, 47, '2017-02-26 15:16:36.198959'),
(3353, 47, '2017-02-26 15:16:36.794382'),
(3354, 47, '2017-02-26 15:16:37.564007'),
(3355, 47, '2017-02-26 15:16:38.307570'),
(3356, 47, '2017-02-26 15:26:59.108991'),
(3357, 47, '2017-02-26 15:27:00.087215'),
(3358, 47, '2017-02-26 15:27:00.876307'),
(3359, 47, '2017-02-26 15:27:01.600351'),
(3360, 47, '2017-02-26 15:27:02.398919'),
(3361, 47, '2017-02-26 15:27:11.173749'),
(3362, 47, '2017-02-26 15:27:12.242509'),
(3363, 47, '2017-02-26 15:27:13.293755'),
(3364, 47, '2017-02-26 15:27:14.024274'),
(3365, 47, '2017-02-26 15:27:14.812835'),
(3366, 47, '2017-02-26 15:27:15.512832'),
(3367, 47, '2017-02-26 15:27:16.388454'),
(3368, 47, '2017-02-26 15:27:17.424689'),
(3369, 47, '2017-02-26 15:27:18.298310'),
(3370, 47, '2017-02-26 15:27:19.163425'),
(3371, 47, '2017-02-26 15:27:20.130111'),
(3372, 47, '2017-02-26 15:27:21.027749'),
(3373, 47, '2017-02-26 15:27:22.060486'),
(3374, 47, '2017-02-26 15:27:22.905583'),
(3375, 47, '2017-02-26 15:27:23.821234'),
(3376, 47, '2017-02-26 15:27:24.892995'),
(3377, 47, '2017-02-26 15:27:25.571477'),
(3378, 47, '2017-02-26 15:27:26.471616'),
(3379, 47, '2017-02-26 15:27:27.423292'),
(3380, 47, '2017-02-26 15:27:28.268393'),
(3381, 47, '2017-02-26 15:27:29.150519'),
(3382, 47, '2017-02-26 15:27:30.086184'),
(3383, 47, '2017-02-26 15:27:31.092899'),
(3384, 47, '2017-02-26 15:27:31.720345'),
(3385, 47, '2017-02-26 15:27:32.530420'),
(3386, 47, '2017-02-26 15:27:33.218910'),
(3387, 47, '2017-02-26 15:27:33.909400'),
(3388, 47, '2017-02-26 15:27:34.789525'),
(3389, 47, '2017-02-26 15:27:35.806248'),
(3390, 47, '2017-02-26 15:27:36.868002'),
(3391, 47, '2017-02-26 15:27:37.725110'),
(3392, 47, '2017-02-26 15:27:38.573213'),
(3393, 47, '2017-02-26 15:27:39.362774'),
(3394, 47, '2017-02-26 15:27:40.242399'),
(3395, 47, '2017-02-26 15:27:40.998936'),
(3396, 47, '2017-02-26 15:27:42.382920'),
(3397, 47, '2017-02-26 15:27:43.275053'),
(3398, 47, '2017-02-26 15:27:44.474406'),
(3399, 47, '2017-02-26 15:27:45.424580'),
(3400, 47, '2017-02-26 15:27:46.339731'),
(3401, 47, '2017-02-26 15:27:47.301413'),
(3402, 47, '2017-02-26 15:27:48.223068'),
(3403, 47, '2017-02-26 15:27:48.979105'),
(3404, 47, '2017-02-26 15:27:49.893755'),
(3405, 47, '2017-02-26 15:27:50.805402'),
(3406, 47, '2017-02-26 15:27:51.653505'),
(3407, 47, '2017-02-26 15:27:52.570159'),
(3408, 47, '2017-02-26 15:27:53.226122'),
(3409, 47, '2017-02-26 15:27:54.040201'),
(3410, 47, '2017-02-26 15:27:55.377651'),
(3411, 47, '2017-02-26 15:27:56.234259'),
(3412, 47, '2017-02-26 15:27:57.095371'),
(3413, 47, '2017-02-26 15:27:58.107090'),
(3414, 47, '2017-02-26 15:27:58.918166'),
(3415, 47, '2017-02-26 15:27:59.798290'),
(3416, 47, '2017-02-26 15:28:00.750968'),
(3417, 47, '2017-02-26 15:28:01.683630'),
(3418, 47, '2017-02-26 15:28:02.536236'),
(3419, 47, '2017-02-26 15:28:03.594988'),
(3420, 47, '2017-02-26 15:28:04.465106'),
(3421, 47, '2017-02-26 15:28:05.283687'),
(3422, 47, '2017-02-26 15:28:06.290903'),
(3423, 47, '2017-02-26 15:28:07.207554'),
(3424, 47, '2017-02-26 15:28:08.185749'),
(3425, 47, '2017-02-26 15:28:09.036353'),
(3426, 47, '2017-02-26 15:28:09.836922'),
(3427, 47, '2017-02-26 15:28:10.433345');

-- --------------------------------------------------------

--
-- Структура таблицы `heart_beat_rate`
--

CREATE TABLE IF NOT EXISTS `heart_beat_rate` (
  `id` int(11) NOT NULL AUTO_INCREMENT,
  `min_age` int(11) NOT NULL,
  `max_age` int(11) NOT NULL,
  `min_beat` int(11) NOT NULL,
  `max_beat` int(11) NOT NULL,
  PRIMARY KEY (`id`)
) ENGINE=InnoDB  DEFAULT CHARSET=latin1 AUTO_INCREMENT=72 ;

--
-- Дамп данных таблицы `heart_beat_rate`
--

INSERT INTO `heart_beat_rate` (`id`, `min_age`, `max_age`, `min_beat`, `max_beat`) VALUES
(62, 0, 1, 102, 162),
(63, 1, 4, 94, 154),
(64, 4, 6, 86, 126),
(65, 6, 8, 78, 118),
(66, 8, 10, 68, 108),
(67, 10, 12, 60, 100),
(68, 12, 15, 55, 95),
(69, 15, 50, 60, 80),
(70, 50, 60, 64, 84),
(71, 60, 80, 69, 89);

-- --------------------------------------------------------

--
-- Структура таблицы `job`
--

CREATE TABLE IF NOT EXISTS `job` (
  `id` int(11) NOT NULL AUTO_INCREMENT,
  `name` varchar(255) NOT NULL,
  `method` varchar(255) NOT NULL,
  PRIMARY KEY (`id`)
) ENGINE=InnoDB  DEFAULT CHARSET=utf8 AUTO_INCREMENT=8 ;

--
-- Дамп данных таблицы `job`
--

INSERT INTO `job` (`id`, `name`, `method`) VALUES
(6, 'Update exchange rate', 'crUpdateExchangeRate'),
(7, 'Searching for disease', 'crDetectDisease');

-- --------------------------------------------------------

--
-- Структура таблицы `lang`
--

CREATE TABLE IF NOT EXISTS `lang` (
  `id` int(11) NOT NULL AUTO_INCREMENT,
  `url` varchar(255) NOT NULL,
  `local` varchar(255) NOT NULL,
  `name` varchar(255) NOT NULL,
  `default` smallint(6) NOT NULL DEFAULT '0',
  `date_update` int(11) NOT NULL,
  `date_create` int(11) NOT NULL,
  `currency_id` int(11) NOT NULL,
  PRIMARY KEY (`id`)
) ENGINE=InnoDB  DEFAULT CHARSET=utf8 AUTO_INCREMENT=6 ;

--
-- Дамп данных таблицы `lang`
--

INSERT INTO `lang` (`id`, `url`, `local`, `name`, `default`, `date_update`, `date_create`, `currency_id`) VALUES
(1, 'en', 'en_EN', 'English', 0, 1463386881, 1463386881, 2),
(4, 'ru', 'ru_RU', 'Русский', 1, 1463386881, 1463386881, 1),
(5, 'ua', 'uk_UA', 'Українська', 0, 1463386881, 1463386881, 1);

-- --------------------------------------------------------

--
-- Структура таблицы `menu`
--

CREATE TABLE IF NOT EXISTS `menu` (
  `id` int(11) NOT NULL AUTO_INCREMENT,
  `created_at` int(11) NOT NULL,
  `updated_at` int(11) NOT NULL,
  `sort` int(11) DEFAULT '0',
  `parent_id` int(11) DEFAULT NULL,
  `bean_type` varchar(255) DEFAULT NULL,
  `bean_id` int(11) DEFAULT NULL,
  `url` varchar(255) DEFAULT NULL,
  `enabled` tinyint(1) NOT NULL DEFAULT '1',
  `menu_type_id` int(11) DEFAULT NULL,
  PRIMARY KEY (`id`),
  KEY `menu_type_id` (`menu_type_id`)
) ENGINE=InnoDB  DEFAULT CHARSET=utf8 AUTO_INCREMENT=29 ;

--
-- Дамп данных таблицы `menu`
--

INSERT INTO `menu` (`id`, `created_at`, `updated_at`, `sort`, `parent_id`, `bean_type`, `bean_id`, `url`, `enabled`, `menu_type_id`) VALUES
(4, 1470075960, 1474639405, 2, NULL, 'post', 7, NULL, 1, 1),
(19, 1471097238, 1471097621, 5, NULL, 'post', 7, NULL, 1, 2),
(20, 1471097288, 1471097621, 6, NULL, 'post', 7, NULL, 1, 2),
(21, 1471097351, 1471097621, 7, NULL, 'post', 7, NULL, 1, 2),
(24, 1471097512, 1471097622, 10, NULL, 'post', 7, NULL, 1, 2),
(25, 1472761472, 1474639304, 0, NULL, 'post', 7, '', 1, 1),
(26, 1472798746, 1474639405, 1, NULL, 'post', 12, NULL, 1, 1),
(27, 1472798843, 1472798843, 2, 7, 'post', 7, NULL, 1, 1),
(28, 1472798948, 1472798948, NULL, 8, 'post', 7, NULL, 1, 1);

-- --------------------------------------------------------

--
-- Структура таблицы `menulang`
--

CREATE TABLE IF NOT EXISTS `menulang` (
  `id` int(11) NOT NULL AUTO_INCREMENT,
  `menu_id` int(11) NOT NULL,
  `language` varchar(6) NOT NULL,
  `title` varchar(255) NOT NULL,
  PRIMARY KEY (`id`),
  KEY `post_id` (`menu_id`),
  KEY `language` (`language`),
  KEY `menu_id` (`menu_id`),
  KEY `menu_id_2` (`menu_id`,`language`)
) ENGINE=InnoDB  DEFAULT CHARSET=utf8 AUTO_INCREMENT=85 ;

--
-- Дамп данных таблицы `menulang`
--

INSERT INTO `menulang` (`id`, `menu_id`, `language`, `title`) VALUES
(10, 4, 'en', 'Contacs'),
(11, 4, 'ru', 'Контакты'),
(12, 4, 'ua', 'Контакти'),
(55, 19, 'en', 'Questions and answers'),
(56, 19, 'ru', 'Вопросы и ответы'),
(57, 19, 'ua', 'Питання і відповіді'),
(58, 20, 'en', 'About us'),
(59, 20, 'ru', 'О нас'),
(60, 20, 'ua', 'Про нас'),
(61, 21, 'en', 'Career'),
(62, 21, 'ru', 'Карьера'),
(63, 21, 'ua', 'Кар''єра'),
(70, 24, 'en', 'Terms & conditions'),
(71, 24, 'ru', 'Правила и условия'),
(72, 24, 'ua', 'Правила і умови'),
(73, 25, 'en', 'Main'),
(74, 25, 'ru', 'Главная'),
(75, 25, 'ua', 'Головна'),
(76, 26, 'en', 'About us'),
(77, 26, 'ru', 'Про нас'),
(78, 26, 'ua', 'Про нас'),
(79, 27, 'en', 'Products catalog'),
(80, 27, 'ru', 'Каталог изделий'),
(81, 27, 'ua', 'Каталог виробів'),
(82, 28, 'en', 'Model creation'),
(83, 28, 'ru', 'Создание моделей'),
(84, 28, 'ua', 'Створення моделей');

-- --------------------------------------------------------

--
-- Структура таблицы `menu_type`
--

CREATE TABLE IF NOT EXISTS `menu_type` (
  `id` int(11) NOT NULL AUTO_INCREMENT,
  `name` varchar(255) NOT NULL,
  `alias` varchar(255) NOT NULL,
  PRIMARY KEY (`id`)
) ENGINE=InnoDB  DEFAULT CHARSET=utf8 AUTO_INCREMENT=3 ;

--
-- Дамп данных таблицы `menu_type`
--

INSERT INTO `menu_type` (`id`, `name`, `alias`) VALUES
(1, 'Header', 'header'),
(2, 'Footer', 'footer');

-- --------------------------------------------------------

--
-- Структура таблицы `message`
--

CREATE TABLE IF NOT EXISTS `message` (
  `id` int(11) NOT NULL DEFAULT '0',
  `language` varchar(255) NOT NULL DEFAULT '',
  `translation` text,
  PRIMARY KEY (`id`,`language`)
) ENGINE=InnoDB DEFAULT CHARSET=utf8;

--
-- Дамп данных таблицы `message`
--

INSERT INTO `message` (`id`, `language`, `translation`) VALUES
(252, 'ru', '(не задано)'),
(252, 'ua', '(не задано)'),
(253, 'ru', 'Возникла внутренняя ошибка сервера.'),
(253, 'ua', 'Виникла внутрішня помилка сервера.'),
(254, 'ru', 'Вы уверены, что хотите удалить этот элемент?'),
(254, 'ua', 'Ви впевнені, що хочете видалити цей елемент?'),
(255, 'ru', 'Удалить'),
(255, 'ua', 'Видалити'),
(256, 'ru', 'Ошибка'),
(256, 'ua', 'Помилка'),
(257, 'ru', 'Загрузка файла не удалась.'),
(257, 'ua', 'Завантаження файлу не вдалося.'),
(258, 'ru', 'Главная'),
(258, 'ua', 'Головна'),
(259, 'ru', 'Неправильное значение параметра "{param}".'),
(259, 'ua', 'Отримано невірне значення для параметра "{param}".'),
(260, 'ru', 'Требуется вход.'),
(260, 'ua', 'Необхідно увійти'),
(261, 'ru', 'Отсутствуют обязательные аргументы: {params}'),
(261, 'ua', 'Відсутні обовʼязкові аргументи: {params}'),
(262, 'ru', 'Отсутствуют обязательные параметры: {params}'),
(262, 'ua', 'Відсутні обовʼязкові параметри: {params}'),
(263, 'ru', 'Нет'),
(263, 'ua', 'Ні'),
(264, 'ru', 'Ничего не найдено.'),
(264, 'ua', 'Нічого не знайдено.'),
(265, 'ru', 'Разрешена загрузка файлов только со следующими MIME-типами: {mimeTypes}.'),
(265, 'ua', 'Дозволені файли лише з наступними MIME-типами: {mimeTypes}.'),
(266, 'ru', 'Разрешена загрузка файлов только со следующими расширениями: {extensions}.'),
(266, 'ua', 'Дозволені файли лише з наступними розширеннями: {extensions}.'),
(267, 'ru', 'Страница не найдена.'),
(267, 'ua', 'Сторінка не знайдена.'),
(268, 'ru', 'Исправьте следующие ошибки:'),
(268, 'ua', 'Будь ласка, виправте наступні помилки:'),
(269, 'ru', 'Загрузите файл.'),
(269, 'ua', 'Будь ласка, завантажте файл.'),
(270, 'ru', 'Показаны записи <b>{begin, number}-{end, number}</b> из <b>{totalCount, number}</b>.'),
(270, 'ua', 'Показані <b>{begin, number}-{end, number}</b> із <b>{totalCount, number}</b> {totalCount, plural, one{запису} other{записів}}.'),
(271, 'ru', 'Файл «{file}» не является изображением.'),
(271, 'ua', 'Файл "{file}" не є зображенням.'),
(272, 'ru', 'Файл «{file}» слишком большой. Размер не должен превышать {formattedLimit}.'),
(272, 'ua', 'Файл "{file}" занадто великий. Розмір не повинен перевищувати {formattedLimit}.'),
(273, 'ru', 'Файл «{file}» слишком маленький. Размер должен быть более {formattedLimit}.'),
(273, 'ua', 'Файл "{file}" занадто малий. Розмір повинен бути більше, ніж {formattedLimit}.'),
(274, 'ru', 'Неверный формат значения «{attribute}».'),
(274, 'ua', 'Невірний формат значення "{attribute}".'),
(275, 'ru', 'Файл «{file}» слишком большой. Высота не должна превышать {limit, number} {limit, plural, one{пиксель} few{пикселя} many{пикселей} other{пикселя}}.'),
(275, 'ua', 'Зображення "{file}" занадто велике. Висота не повинна перевищувати {limit, number} {limit, plural, one{піксель} few{пікселя} many{пікселів} other{пікселя}}.'),
(276, 'ru', 'Файл «{file}» слишком большой. Ширина не должна превышать {limit, number} {limit, plural, one{пиксель} few{пикселя} many{пикселей} other{пикселя}}.'),
(276, 'ua', 'Зображення "{file}" занадто велике. Ширина не повинна перевищувати {limit, number} {limit, plural, one{піксель} few{пікселя} many{пікселів} other{пікселя}}.'),
(277, 'ru', 'Файл «{file}» слишком маленький. Высота должна быть более {limit, number} {limit, plural, one{пиксель} few{пикселя} many{пикселей} other{пикселя}}.'),
(277, 'ua', 'Зображення "{file}" занадто мале. Висота повинна бути більше, ніж {limit, number} {limit, plural, one{піксель} few{пікселя} many{пікселів} other{пікселя}}.'),
(278, 'ru', 'Файл «{file}» слишком маленький. Ширина должна быть более {limit, number} {limit, plural, one{пиксель} few{пикселя} many{пикселей} other{пикселя}}.'),
(278, 'ua', 'Зображення "{file}" занадто мале. Ширина повинна бути більше, ніж {limit, number} {limit, plural, one{піксель} few{пікселя} many{пікселів} other{пікселя}}.'),
(279, 'ru', 'Запрашиваемый файл представления "{name}" не найден.'),
(279, 'ua', 'Представлення "{name}" не знайдено.'),
(280, 'ru', 'Неправильный проверочный код.'),
(280, 'ua', 'Невірний код перевірки.'),
(281, 'ru', 'Всего <b>{count, number}</b> {count, plural, one{запись} few{записи} many{записей} other{записи}}.'),
(281, 'ua', 'Всього <b>{count, number}</b> {count, plural, one{запис} few{записи} many{записів} other{записи}}.'),
(282, 'ru', 'Не удалось проверить переданные данные.'),
(282, 'ua', 'Не вдалося перевірити передані дані.'),
(283, 'ru', 'Неизвестная опция: --{name}'),
(283, 'ua', 'Невідома опція : --{name}'),
(284, 'ru', 'Редактировать'),
(284, 'ua', 'Оновити'),
(285, 'ru', 'Просмотр'),
(285, 'ua', 'Переглянути'),
(286, 'ru', 'Да'),
(286, 'ua', 'Так'),
(287, 'ru', 'Вам не разрешено производить данное действие.'),
(287, 'ua', 'Вам не дозволено виконувати дану дію.'),
(288, 'ru', 'Вы не можете загружать более {limit, number} {limit, plural, one{файла} few{файлов} many{файлов} other{файла}}.'),
(288, 'ua', 'Ви не можете завантажувати більше {limit, number} {limit, plural, one{файла} few{файлів} many{файлів} other{файла}}.'),
(289, 'ru', 'через {delta, plural, =1{день} one{# день} few{# дня} many{# дней} other{# дня}}'),
(289, 'ua', 'через {delta, plural, =1{день} one{# день} few{# дні} many{# днів} other{# дні}}'),
(290, 'ru', 'через {delta, plural, =1{минуту} one{# минуту} few{# минуты} many{# минут} other{# минуты}}'),
(290, 'ua', 'через {delta, plural, =1{хвилину} one{# хвилину} few{# хвилини} many{# хвилин} other{# хвилини}}'),
(291, 'ru', 'через {delta, plural, =1{месяц} one{# месяц} few{# месяца} many{# месяцев} other{# месяца}}'),
(291, 'ua', 'через {delta, plural, =1{місяць} one{# місяць} few{# місяці} many{# місяців} other{# місяці}}'),
(292, 'ru', 'через {delta, plural, =1{секунду} one{# секунду} few{# секунды} many{# секунд} other{# секунды}}'),
(292, 'ua', 'через {delta, plural, =1{секунду} one{# секунду} few{# секунди} many{# секунд} other{# секунди}}'),
(293, 'ru', 'через {delta, plural, =1{год} one{# год} few{# года} many{# лет} other{# года}}'),
(293, 'ua', 'через {delta, plural, =1{рік} one{# рік} few{# роки} many{# років} other{# роки}}'),
(294, 'ru', 'через {delta, plural, =1{час} one{# час} few{# часа} many{# часов} other{# часа}}'),
(294, 'ua', 'через {delta, plural, =1{годину} one{# годину} few{# години} many{# годин} other{# години}}'),
(295, 'ru', 'прямо сейчас'),
(295, 'ua', 'саме зараз'),
(296, 'ru', 'введённое значение'),
(296, 'ua', 'введене значення'),
(297, 'ru', 'Значение «{value}» для «{attribute}» уже занято.'),
(297, 'ua', 'Значення «{value}» для «{attribute}» вже зайнято.'),
(298, 'ru', 'Необходимо заполнить «{attribute}».'),
(298, 'ua', 'Необхідно заповнити "{attribute}".'),
(299, 'ru', 'Значение «{attribute}» неверно.'),
(299, 'ua', 'Значення "{attribute}" не вірне.'),
(300, 'ru', 'Значение «{attribute}» не является правильным URL.'),
(300, 'ua', 'Значення "{attribute}" не є правильним URL.'),
(301, 'ru', 'Значение «{attribute}» не является правильным email адресом.'),
(301, 'ua', 'Значення "{attribute}" не є правильною email адресою.'),
(302, 'ru', 'Значение «{attribute}» должно быть равно «{requiredValue}».'),
(302, 'ua', 'Значення "{attribute}" має бути рівним "{requiredValue}".'),
(303, 'ru', 'Значение «{attribute}» должно быть числом.'),
(303, 'ua', 'Значення "{attribute}" має бути числом.'),
(304, 'ru', 'Значение «{attribute}» должно быть строкой.'),
(304, 'ua', 'Значення "{attribute}" має бути текстовим рядком.'),
(305, 'ru', 'Значение «{attribute}» должно быть целым числом.'),
(305, 'ua', 'Значення "{attribute}" має бути цілим числом.'),
(306, 'ru', 'Значение «{attribute}» должно быть равно «{true}» или «{false}».'),
(306, 'ua', 'Значення "{attribute}" має дорівнювати "{true}" або "{false}".'),
(311, 'ru', 'Значение «{attribute}» не должно превышать {max}.'),
(311, 'ua', 'Значення "{attribute}" не повинно перевищувати {max}.'),
(312, 'ru', 'Значение «{attribute}» должно быть не меньше {min}.'),
(312, 'ua', 'Значення "{attribute}" має бути більшим {min}.'),
(315, 'ru', 'Значение «{attribute}» должно содержать минимум {min, number} {min, plural, one{символ} few{символа} many{символов} other{символа}}.'),
(315, 'ua', 'Значення "{attribute}" повинно містити мінімум {min, number} {min, plural, one{символ} few{символа} many{символів} other{символа}}.'),
(316, 'ru', 'Значение «{attribute}» должно содержать максимум {max, number} {max, plural, one{символ} few{символа} many{символов} other{символа}}.'),
(316, 'ua', 'Значення "{attribute}" повинно містити максимум {max, number} {max, plural, one{символ} few{символа} many{символів} other{символа}}.'),
(317, 'ru', 'Значение «{attribute}» должно содержать {length, number} {length, plural, one{символ} few{символа} many{символов} other{символа}}.'),
(317, 'ua', 'Значення "{attribute}" повинно містити {length, number} {length, plural, one{символ} few{символа} many{символів} other{символа}}.'),
(318, 'ru', '{delta, plural, =1{день} one{# день} few{# дня} many{# дней} other{# дня}} назад'),
(318, 'ua', '{delta, plural, =1{день} one{день} few{# дні} many{# днів} other{# дні}} тому'),
(319, 'ru', '{delta, plural, =1{минуту} one{# минуту} few{# минуты} many{# минут} other{# минуты}} назад'),
(319, 'ua', '{delta, plural, =1{хвилину} one{# хвилину} few{# хвилини} many{# хвилин} other{# хвилини}} тому'),
(320, 'ru', '{delta, plural, =1{месяц} one{# месяц} few{# месяца} many{# месяцев} other{# месяца}} назад'),
(320, 'ua', '{delta, plural, =1{місяць} one{# місяць} few{# місяці} many{# місяців} other{# місяці}} тому'),
(321, 'ru', '{delta, plural, =1{секунду} one{# секунду} few{# секунды} many{# секунд} other{# секунды}} назад'),
(321, 'ua', '{delta, plural, =1{секунду} one{# секунду} few{# секунди} many{# секунд} other{# секунди}} тому'),
(322, 'ru', '{delta, plural, =1{год} one{# год} few{# года} many{# лет} other{# года}} назад'),
(322, 'ua', '{delta, plural, =1{рік} one{# рік} few{# роки} many{# років} other{# роки}} тому'),
(323, 'ru', '{delta, plural, =1{час} one{# час} few{# часа} many{# часов} other{# часа}} назад'),
(323, 'ua', '{delta, plural, =1{година} one{# година} few{# години} many{# годин} other{# години}} тому'),
(324, 'ru', '{nFormatted} Б'),
(324, 'ua', '{nFormatted} Б'),
(325, 'ru', '{nFormatted} ГБ'),
(325, 'ua', '{nFormatted} Гб'),
(326, 'ru', '{nFormatted} ГиБ'),
(326, 'ua', '{nFormatted} ГіБ'),
(327, 'ru', '{nFormatted} КБ'),
(327, 'ua', '{nFormatted} Кб'),
(328, 'ru', '{nFormatted} КиБ'),
(328, 'ua', '{nFormatted} КіБ'),
(329, 'ru', '{nFormatted} МБ'),
(329, 'ua', '{nFormatted} Мб'),
(330, 'ru', '{nFormatted} МиБ'),
(330, 'ua', '{nFormatted} МіБ'),
(331, 'ru', '{nFormatted} ПБ'),
(331, 'ua', '{nFormatted} Пб'),
(332, 'ru', '{nFormatted} ПиБ'),
(332, 'ua', '{nFormatted} ПіБ'),
(333, 'ru', '{nFormatted} ТБ'),
(333, 'ua', '{nFormatted} Тб'),
(334, 'ru', '{nFormatted} ТиБ'),
(334, 'ua', '{nFormatted} ТіБ'),
(335, 'ru', '{nFormatted} {n, plural, one{байт} few{байта} many{байтов} other{байта}}'),
(335, 'ua', '{nFormatted} {n, plural, one{байт} few{байта} many{байтів} other{байта}}'),
(336, 'ru', '{nFormatted} {n, plural, one{гибибайт} few{гибибайта} many{гибибайтов} other{гибибайта}}'),
(336, 'ua', '{nFormatted} {n, plural, one{гібібайт} few{гібібайта} many{гібібайтів} other{гібібайта}}'),
(337, 'ru', '{nFormatted} {n, plural, one{гигабайт} few{гигабайта} many{гигабайтов} other{гигабайта}}'),
(337, 'ua', '{nFormatted} {n, plural, one{гігабайт} few{гігабайта} many{гігабайтів} other{гігабайта}}'),
(338, 'ru', '{nFormatted} {n, plural, one{кибибайт} few{кибибайта} many{кибибайтов} other{кибибайта}}'),
(338, 'ua', '{nFormatted} {n, plural, one{кібібайт} few{кібібайта} many{кібібайтів} other{кібібайта}}'),
(339, 'ru', '{nFormatted} {n, plural, one{килобайт} few{килобайта} many{килобайтов} other{килобайта}}'),
(339, 'ua', '{nFormatted} {n, plural, one{кілобайт} few{кілобайта} many{кілобайтів} other{кілобайта}}'),
(340, 'ru', '{nFormatted} {n, plural, one{мебибайт} few{мебибайта} many{мебибайтов} other{мебибайта}}'),
(340, 'ua', '{nFormatted} {n, plural, one{мебібайт} few{мебібайта} many{мебібайтів} other{мебібайта}}'),
(341, 'ru', '{nFormatted} {n, plural, one{мегабайт} few{мегабайта} many{мегабайтов} other{мегабайта}}'),
(341, 'ua', '{nFormatted} {n, plural, one{мегабайт} few{мегабайта} many{мегабайтів} other{мегабайта}}'),
(342, 'ru', '{nFormatted} {n, plural, one{пебибайт} few{пебибайта} many{пебибайтов} other{пебибайта}}'),
(342, 'ua', '{nFormatted} {n, plural, one{пебібайт} few{пебібайта} many{пебібайтів} other{пебібайта}}'),
(343, 'ru', '{nFormatted} {n, plural, one{петабайт} few{петабайта} many{петабайтов} other{петабайта}}'),
(343, 'ua', '{nFormatted} {n, plural, one{петабайт} few{петабайта} many{петабайтів} other{петабайта}}'),
(344, 'ru', '{nFormatted} {n, plural, one{тебибайт} few{тебибайта} many{тебибайтов} other{тебибайта}}'),
(344, 'ua', '{nFormatted} {n, plural, one{тебібайт} few{тебібайта} many{тебібайтів} other{тебібайта}}'),
(345, 'ru', '{nFormatted} {n, plural, one{терабайт} few{терабайта} many{терабайтов} other{терабайта}}'),
(345, 'ua', '{nFormatted} {n, plural, one{терабайт} few{терабайта} many{терабайтів} other{терабайта}}'),
(537, 'en', ''),
(537, 'nl', NULL),
(537, 'ru', 'Переводы'),
(537, 'ua', 'Переклади'),
(538, 'en', 'ID'),
(538, 'nl', NULL),
(538, 'ru', 'ID'),
(538, 'ua', 'ID'),
(538, 'uk', NULL),
(539, 'en', ''),
(539, 'nl', NULL),
(539, 'ru', 'Сообщение'),
(539, 'ua', 'Повідомлення'),
(540, 'en', ''),
(540, 'nl', NULL),
(540, 'ru', 'Категория'),
(540, 'ua', 'Категорія'),
(541, 'en', ''),
(541, 'nl', NULL),
(541, 'ru', 'Статус'),
(541, 'ua', 'Статус'),
(541, 'uk', NULL),
(542, 'en', ''),
(542, 'nl', NULL),
(542, 'ru', 'Переведено'),
(542, 'ua', 'Перекладено'),
(543, 'en', ''),
(543, 'nl', NULL),
(543, 'ru', 'Не переведено'),
(543, 'ua', 'Не перекладено'),
(544, 'en', NULL),
(544, 'nl', NULL),
(544, 'ru', NULL),
(544, 'ua', NULL),
(545, 'en', ''),
(545, 'nl', NULL),
(545, 'ru', 'Меню'),
(545, 'ua', 'Меню'),
(546, 'en', NULL),
(546, 'nl', NULL),
(546, 'ru', NULL),
(546, 'ua', NULL),
(547, 'en', ''),
(547, 'nl', NULL),
(547, 'ru', 'Профиль'),
(547, 'ua', 'Профіль'),
(548, 'en', ''),
(548, 'nl', NULL),
(548, 'ru', 'Пользователи'),
(548, 'ua', 'Користувачі'),
(549, 'en', ''),
(549, 'nl', NULL),
(549, 'ru', 'Данные продукта'),
(549, 'ua', 'Дані продукту'),
(550, 'en', ''),
(550, 'nl', NULL),
(550, 'ru', 'Бренды'),
(550, 'ua', 'Бренди'),
(551, 'en', ''),
(551, 'nl', NULL),
(551, 'ru', 'Логин'),
(551, 'ua', 'Логін'),
(552, 'en', ''),
(552, 'nl', NULL),
(552, 'ru', 'Настройки'),
(552, 'ua', 'Налаштування'),
(553, 'en', ''),
(553, 'nl', NULL),
(553, 'ru', 'Шаблоны'),
(553, 'ua', 'Шаблони'),
(554, 'en', ''),
(554, 'nl', NULL),
(554, 'ru', 'Валюта'),
(554, 'ua', 'Валюта'),
(555, 'en', ''),
(555, 'nl', NULL),
(555, 'ru', 'Обновить'),
(555, 'ua', 'Оновити'),
(556, 'en', ''),
(556, 'nl', NULL),
(556, 'ru', 'Перевод'),
(556, 'ua', 'Переклад'),
(557, 'en', ''),
(557, 'nl', NULL),
(557, 'ru', 'Назад к списку'),
(557, 'ua', 'Назад до списку'),
(558, 'ru', 'Значение «{attribute}» должно быть равно «{compareValueOrAttribute}».'),
(558, 'ua', 'Значення "{attribute}" повинно бути рівним "{compareValueOrAttribute}".'),
(559, 'ru', 'Значение «{attribute}» должно быть больше значения «{compareValueOrAttribute}».'),
(559, 'ua', 'Значення "{attribute}" повинно бути більшим значення "{compareValueOrAttribute}".'),
(560, 'ru', 'Значение «{attribute}» должно быть больше или равно значения «{compareValueOrAttribute}».'),
(560, 'ua', 'Значення "{attribute}" повинно бути більшим або дорівнювати значенню "{compareValueOrAttribute}".'),
(561, 'ru', 'Значение «{attribute}» должно быть меньше значения «{compareValueOrAttribute}».'),
(561, 'ua', 'Значення "{attribute}" повинно бути меншим значення "{compareValueOrAttribute}".'),
(562, 'ru', 'Значение «{attribute}» должно быть меньше или равно значения «{compareValueOrAttribute}».'),
(562, 'ua', 'Значення "{attribute}" повинно бути меншим або дорівнювати значенню "{compareValueOrAttribute}".'),
(563, 'ru', 'Значение «{attribute}» не должно быть равно «{compareValueOrAttribute}».'),
(563, 'ua', 'Значення "{attribute}" не повинно бути рівним "{compareValueOrAttribute}".'),
(564, 'ru', 'Значение «{attribute}» содержит неверную маску подсети.'),
(564, 'ua', 'Значення «{attribute}» містить неправильну маску підмережі.'),
(565, 'ru', 'Значение «{attribute}» не входит в список разрешенных диапазонов адресов.'),
(565, 'ua', 'Значення «{attribute}» не входить в список дозволених діапазонів адрес.'),
(566, 'ru', 'Значение «{attribute}» должно быть правильным IP адресом.'),
(566, 'ua', 'Значення «{attribute}» повинно бути правильною IP адресою.'),
(567, 'ru', 'Значение «{attribute}» должно быть IP адресом с подсетью.'),
(567, 'ua', 'Значення «{attribute}» повинно бути IP адресою з підмережею.'),
(568, 'ru', 'Значение «{attribute}» не должно быть подсетью.'),
(568, 'ua', 'Значення «{attribute}» не повинно бути підмережею.'),
(569, 'ru', 'Значение «{attribute}» не должно быть IPv4 адресом.'),
(569, 'ua', 'Значення «{attribute}» не повинно бути IPv4 адресою.'),
(570, 'ru', 'Значение «{attribute}» не должно быть IPv6 адресом.'),
(570, 'ua', 'Значення «{attribute}» не повинно бути IPv6 адресою.'),
(571, 'ru', '{delta, plural, one{# день} few{# дня} many{# дней} other{# дней}}'),
(571, 'ua', '{delta, plural, one{# день} few{# дні} many{# днів} other{# днів}}'),
(572, 'ru', '{delta, plural, one{# час} few{# часа} many{# часов} other{# часов}}'),
(572, 'ua', '{delta, plural, one{# година} few{# години} many{# годин} other{# годин}}'),
(573, 'ru', '{delta, plural, one{# минута} few{# минуты} many{# минут} other{# минут}}'),
(573, 'ua', '{delta, plural, one{# хвилина} few{# хвилини} many{# хвилин} other{# хвилин}}'),
(574, 'ru', '{delta, plural, one{# месяц} few{# месяца} many{# месяцев} other{# месяцев}}'),
(574, 'ua', '{delta, plural, one{# місяць} few{# місяця} many{# місяців} other{# місяців}}'),
(575, 'ru', '{delta, plural, one{# секунда} few{# секунды} many{# секунд} other{# секунд}}'),
(575, 'ua', '{delta, plural, one{# секунда} few{# секунди} many{# секунд} other{# секунд}}'),
(576, 'ru', '{delta, plural, one{# год} few{# года} many{# лет} other{# лет}}'),
(576, 'ua', '{delta, plural, one{# рік} few{# роки} many{# років} other{# років}}'),
(577, 'en', ''),
(577, 'ru', 'Обновлено'),
(577, 'ua', 'Оновлено'),
(578, 'en', ''),
(578, 'ru', 'Создать'),
(578, 'ua', 'Створити'),
(579, 'en', ''),
(579, 'ru', 'Пользователь'),
(579, 'ua', 'Користувач'),
(579, 'uk', NULL),
(580, 'en', ''),
(580, 'ru', 'Имя пользователя'),
(580, 'ua', 'Ім''я користувача'),
(581, 'en', NULL),
(581, 'ru', NULL),
(581, 'ua', NULL),
(581, 'uk', NULL),
(582, 'en', NULL),
(582, 'ru', NULL),
(582, 'ua', NULL),
(583, 'en', NULL),
(583, 'ru', NULL),
(583, 'ua', NULL),
(584, 'en', NULL),
(584, 'ru', NULL),
(584, 'ua', NULL),
(585, 'en', ''),
(585, 'ru', 'Создан'),
(585, 'ua', 'Створений'),
(585, 'uk', NULL),
(586, 'en', ''),
(586, 'ru', 'Обновлен'),
(586, 'ua', 'Оновлений'),
(586, 'uk', NULL),
(587, 'en', NULL),
(587, 'ru', NULL),
(587, 'ua', NULL),
(588, 'en', ''),
(588, 'ru', 'Новый пароль'),
(588, 'ua', 'Новий пароль'),
(589, 'en', ''),
(589, 'ru', 'Новый пароль (повторение)'),
(589, 'ua', 'Новий пароль (повторення)'),
(590, 'en', ''),
(590, 'ru', 'Роль'),
(590, 'ua', 'Роль'),
(591, 'en', 'Delete'),
(591, 'ru', 'Удалить'),
(591, 'ua', 'Видалити'),
(592, 'en', ''),
(592, 'ru', 'Вы уверены, что хотите удалить эту запись?'),
(592, 'ua', 'Ви впевнені, що хочете видалити цей запис?'),
(593, 'en', ''),
(593, 'ru', 'Роли'),
(593, 'ua', 'Ролі'),
(594, 'en', ''),
(594, 'ru', 'Бренд'),
(594, 'ua', 'Бренд'),
(595, 'en', ''),
(595, 'ru', 'Название'),
(595, 'ua', 'Назва'),
(596, 'en', ''),
(596, 'ru', 'Создать'),
(596, 'ua', 'Створити'),
(597, 'en', ''),
(597, 'ru', 'Шаблон'),
(597, 'ua', 'Шаблон'),
(598, 'en', ''),
(598, 'ru', 'Алиас'),
(598, 'ua', 'Аліас'),
(599, 'en', ''),
(599, 'ru', 'Текст'),
(599, 'ua', 'Текст'),
(600, 'en', ''),
(600, 'ru', 'Валюты'),
(600, 'ua', 'Валюти'),
(601, 'en', ''),
(601, 'ru', 'По умлочанию'),
(601, 'ua', 'За замовченням'),
(602, 'en', ''),
(602, 'ru', 'Нет'),
(602, 'ua', 'Ні'),
(603, 'en', ''),
(603, 'ru', 'Да'),
(603, 'ua', 'Так'),
(604, 'en', NULL),
(604, 'ru', NULL),
(604, 'ua', NULL),
(605, 'en', ''),
(605, 'ru', 'Вход'),
(605, 'ua', 'Вхід'),
(606, 'en', ''),
(606, 'ru', 'Логин'),
(606, 'ua', 'Логін'),
(606, 'uk', NULL),
(607, 'en', ''),
(607, 'ru', 'Войдите для начала Вашей сессии'),
(607, 'ua', 'Ввійдіть для початку Вашої сесії'),
(608, 'en', 'Sign out'),
(608, 'ru', 'Выход'),
(608, 'ua', 'Вихід'),
(609, 'en', 'Enabled'),
(609, 'ru', 'Включено'),
(609, 'ua', 'Ввімкнено'),
(610, 'en', NULL),
(610, 'ru', NULL),
(610, 'ua', NULL),
(611, 'en', NULL),
(611, 'ru', NULL),
(611, 'ua', NULL),
(612, 'en', NULL),
(612, 'ru', NULL),
(612, 'ua', NULL),
(613, 'en', NULL),
(613, 'ru', NULL),
(613, 'ua', NULL),
(614, 'en', NULL),
(614, 'ru', NULL),
(614, 'ua', NULL),
(615, 'en', NULL),
(615, 'ru', NULL),
(615, 'ua', NULL),
(616, 'en', NULL),
(616, 'ru', NULL),
(616, 'ua', NULL),
(617, 'en', NULL),
(617, 'ru', NULL),
(617, 'ua', NULL),
(618, 'en', NULL),
(618, 'ru', NULL),
(618, 'ua', NULL),
(619, 'en', ''),
(619, 'ru', 'Сохранить'),
(619, 'ua', 'Зберегти'),
(620, 'en', ''),
(620, 'ru', 'Операция проведена успешно.'),
(620, 'ua', 'Операція проведена успішно.'),
(621, 'en', NULL),
(621, 'ru', NULL),
(621, 'ua', NULL),
(622, 'en', NULL),
(622, 'ru', NULL),
(622, 'ua', NULL),
(623, 'en', NULL),
(623, 'ru', NULL),
(623, 'ua', NULL),
(624, 'en', NULL),
(624, 'ru', NULL),
(624, 'ua', NULL),
(625, 'en', NULL),
(625, 'ru', NULL),
(625, 'ua', NULL),
(626, 'en', NULL),
(626, 'ru', NULL),
(626, 'ua', NULL),
(627, 'en', ''),
(627, 'ru', 'Записи'),
(627, 'ua', 'Записи'),
(628, 'en', ''),
(628, 'ru', 'Запись'),
(628, 'ua', 'Запис'),
(629, 'en', NULL),
(629, 'ru', NULL),
(629, 'ua', NULL),
(630, 'en', NULL),
(630, 'ru', NULL),
(630, 'ua', NULL),
(631, 'en', NULL),
(631, 'ru', NULL),
(631, 'ua', NULL),
(632, 'en', NULL),
(632, 'ru', NULL),
(632, 'ua', NULL),
(633, 'en', ''),
(633, 'ru', 'Страна'),
(633, 'ua', 'Країна'),
(633, 'uk', NULL),
(634, 'en', ''),
(634, 'ru', 'Населенный пункт'),
(634, 'ua', 'Населений пункт'),
(634, 'uk', NULL),
(635, 'en', ''),
(635, 'ru', 'Улица'),
(635, 'ua', 'Вулиця'),
(635, 'uk', NULL),
(636, 'en', ''),
(636, 'ru', 'Почтовый индекс'),
(636, 'ua', 'Поштовий індекс'),
(636, 'uk', NULL),
(637, 'en', NULL),
(637, 'ru', NULL),
(637, 'ua', NULL),
(638, 'en', NULL),
(638, 'ru', NULL),
(638, 'ua', NULL),
(639, 'en', NULL),
(639, 'ru', NULL),
(639, 'ua', NULL),
(640, 'en', NULL),
(640, 'ru', NULL),
(640, 'ua', NULL),
(641, 'en', NULL),
(641, 'ru', NULL),
(641, 'ua', NULL),
(642, 'en', NULL),
(642, 'ru', NULL),
(642, 'ua', NULL),
(643, 'en', NULL),
(643, 'ru', NULL),
(643, 'ua', NULL),
(644, 'en', NULL),
(644, 'ru', NULL),
(644, 'ua', NULL),
(645, 'en', NULL),
(645, 'ru', NULL),
(645, 'ua', NULL),
(646, 'en', NULL),
(646, 'ru', NULL),
(646, 'ua', NULL),
(647, 'en', NULL),
(647, 'ru', NULL),
(647, 'ua', NULL),
(648, 'en', 'Date registrated'),
(648, 'ru', 'Дата регистрации'),
(648, 'ua', 'Дата реєстрації'),
(649, 'en', NULL),
(649, 'ru', NULL),
(649, 'ua', NULL),
(650, 'en', NULL),
(650, 'ru', NULL),
(650, 'ua', NULL),
(651, 'en', NULL),
(651, 'ru', NULL),
(651, 'ua', NULL),
(652, 'en', NULL),
(652, 'ru', NULL),
(652, 'ua', NULL),
(653, 'en', NULL),
(653, 'ru', NULL),
(653, 'ua', NULL),
(654, 'en', NULL),
(654, 'ru', NULL),
(654, 'ua', NULL),
(655, 'en', NULL),
(655, 'ru', NULL),
(655, 'ua', NULL),
(656, 'en', NULL),
(656, 'ru', NULL),
(656, 'ua', NULL),
(657, 'en', NULL),
(657, 'ru', NULL),
(657, 'ua', NULL),
(658, 'en', 'Title'),
(658, 'ru', 'Заголовок'),
(658, 'ua', 'Заголовок'),
(659, 'en', 'Content'),
(659, 'ru', 'Контент'),
(659, 'ua', 'Контент'),
(660, 'en', 'Sort'),
(660, 'ru', 'Порядок'),
(660, 'ua', 'Порядок'),
(661, 'en', ''),
(661, 'ru', 'Родительський элемент'),
(661, 'ua', 'Батьківський елемент'),
(662, 'en', ''),
(662, 'ru', 'Тип сущности'),
(662, 'ua', 'Тип сутності'),
(663, 'en', ''),
(663, 'ru', 'Сущность'),
(663, 'ua', 'Сутність'),
(664, 'en', ''),
(664, 'ru', 'Введите URL вручную:'),
(664, 'ua', 'Введіть URL власноруч:'),
(665, 'en', 'Sort action'),
(665, 'ru', 'Сортировать'),
(665, 'ua', 'Сортувати'),
(666, 'en', ''),
(666, 'ru', 'Социальные сети'),
(666, 'ua', 'Соціальні мережі'),
(667, 'en', ''),
(667, 'ru', 'Социальная сеть'),
(667, 'ua', 'Соціальна мережа'),
(668, 'en', 'Page not found'),
(668, 'ru', 'Страница не найдена'),
(668, 'ua', 'Сторінку не знайдено'),
(669, 'en', ''),
(669, 'ru', 'Ошибка случилась в результате обработки Вашего запроса. '),
(669, 'ua', 'Помилка сталася в результаті обробки Вашого запиту.'),
(670, 'en', ''),
(670, 'ru', 'Напишите нам, если Вы думаете, что это серверная ошибка. Спасибо.'),
(670, 'ua', 'Напишіть нам, якщо Ви вважаєте, що це серверна помилка. Дякуємо.'),
(671, 'en', ''),
(671, 'ru', 'Склады'),
(671, 'ua', 'Склади'),
(672, 'en', ''),
(672, 'ru', 'Склад'),
(672, 'ua', 'Склад'),
(673, 'en', ''),
(673, 'ru', 'Где купить'),
(673, 'ua', 'Де купити'),
(674, 'en', ''),
(674, 'ru', 'Напишите нам'),
(674, 'ua', 'Напишіть нам'),
(675, 'en', ''),
(675, 'ru', 'Ваше имя'),
(675, 'ua', 'Ваше ім''я'),
(676, 'en', ''),
(676, 'ru', 'Ваш email'),
(676, 'ua', 'Ваш email'),
(677, 'en', ''),
(677, 'ru', 'Ваше сообщение'),
(677, 'ua', 'Ваше повідомлення'),
(678, 'en', ''),
(678, 'ru', 'Отправить'),
(678, 'ua', 'Відправити'),
(679, 'en', ''),
(679, 'ru', 'Адресат'),
(679, 'ua', 'Адресат'),
(680, 'en', ''),
(680, 'ru', 'Отправитель'),
(680, 'ua', 'Відправник'),
(681, 'en', ''),
(681, 'ru', 'Тема'),
(681, 'ua', 'Тема'),
(682, 'en', ''),
(682, 'ru', 'Настройки контактной формы'),
(682, 'ua', 'Налаштування контактної форми'),
(683, 'en', ''),
(683, 'ru', 'Контактная форма'),
(683, 'ua', 'Контактна форма'),
(684, 'en', ''),
(684, 'ru', 'Настройка контактной формы'),
(684, 'ua', 'Налаштування контактної форми'),
(685, 'en', ''),
(685, 'ru', 'Ваше сообщение успешно отправлено. Спасибо.'),
(685, 'ua', 'Ваше повідомлення успішно відправлене. Дякуємо.'),
(686, 'en', ''),
(686, 'ru', 'Слайдеры'),
(686, 'ua', 'Слайдери'),
(687, 'en', ''),
(687, 'ru', 'Слайдер'),
(687, 'ua', 'Слайдер'),
(688, 'en', ''),
(688, 'ru', 'Изображения'),
(688, 'ua', 'Зображення'),
(689, 'en', ''),
(689, 'ru', 'Изображение'),
(689, 'ua', 'Зображення'),
(690, 'en', NULL),
(690, 'ru', NULL),
(690, 'ua', NULL),
(691, 'en', NULL),
(691, 'ru', NULL),
(691, 'ua', NULL),
(692, 'en', ''),
(692, 'ru', 'Главная страница'),
(692, 'ua', 'Головна сторінка'),
(693, 'en', ''),
(693, 'ru', 'Родительская категория'),
(693, 'ua', 'Батьківська категорія'),
(694, 'en', ''),
(694, 'ru', 'Категории'),
(694, 'ua', 'Категорії'),
(695, 'en', ''),
(695, 'ru', 'Магазин'),
(695, 'ua', 'Магазин'),
(696, 'en', ''),
(696, 'ru', 'Группы характеристик'),
(696, 'ua', 'Групи характеристик'),
(697, 'en', ''),
(697, 'ru', 'Группа характеристик'),
(697, 'ua', 'Група характеристик'),
(698, 'en', ''),
(698, 'ru', 'Характеристики'),
(698, 'ua', 'Характеристики'),
(699, 'en', ''),
(699, 'ru', 'Характеристика'),
(699, 'ua', 'Характеристика'),
(700, 'en', ''),
(700, 'ru', 'Артикул'),
(700, 'ua', 'Артикул'),
(701, 'en', ''),
(701, 'ru', 'Цена'),
(701, 'ua', 'Ціна'),
(702, 'en', ''),
(702, 'ru', 'На складе'),
(702, 'ua', 'На складі'),
(703, 'en', ''),
(703, 'ru', 'Товары'),
(703, 'ua', 'Товари'),
(704, 'en', ''),
(704, 'ru', 'Товар'),
(704, 'ua', 'Товар'),
(704, 'uk', NULL),
(705, 'en', ''),
(705, 'ru', 'Выберите'),
(705, 'ua', 'Виберіть'),
(706, 'en', ''),
(706, 'ru', 'Простой товар'),
(706, 'ua', 'Простий товар'),
(707, 'en', ''),
(707, 'ru', 'Вариативный продукт'),
(707, 'ua', 'Варіативний продукт'),
(708, 'en', ''),
(708, 'ru', 'Тип'),
(708, 'ua', 'Тип'),
(709, 'en', ''),
(709, 'ru', 'Вариации'),
(709, 'ua', 'Варіації'),
(710, 'en', NULL),
(710, 'ru', NULL),
(710, 'ua', NULL),
(711, 'en', ''),
(711, 'ru', 'Галерея'),
(711, 'ua', 'Галерея'),
(712, 'en', ''),
(712, 'ru', 'Категории товаров'),
(712, 'ua', 'Категорії товарів'),
(713, 'en', ''),
(713, 'ru', 'Фильтр'),
(713, 'ua', 'Фільтр'),
(714, 'en', ''),
(714, 'ru', 'Категории товаров'),
(714, 'ua', 'Категорії товарів'),
(715, 'en', ''),
(715, 'ru', 'Просмотреть'),
(715, 'ua', 'Переглянути'),
(716, 'en', ''),
(716, 'ru', 'Нет в наличии'),
(716, 'ua', 'Немає в наявності'),
(717, 'en', ''),
(717, 'ru', 'Типы меню'),
(717, 'ua', 'Типи меню'),
(718, 'en', ''),
(718, 'ru', 'Тип меню'),
(718, 'ua', 'Тип меню'),
(719, 'en', ''),
(719, 'ru', 'Полезная информация'),
(719, 'ua', 'Корисна інформація'),
(719, 'uk', NULL),
(720, 'en', 'Clear'),
(720, 'ru', 'Очистить'),
(720, 'ua', 'Очистити'),
(721, 'en', 'result(s)'),
(721, 'ru', 'результат(а)'),
(721, 'ua', 'результат(и)'),
(722, 'en', ''),
(722, 'ru', 'Количество товаров:'),
(722, 'ua', 'Кількість товарів:'),
(723, 'en', ''),
(723, 'ru', 'Цена по спаданию'),
(723, 'ua', 'Ціна за спаданням'),
(724, 'en', ''),
(724, 'ru', 'Цена по возрастанию'),
(724, 'ua', 'Ціна за зростанням'),
(725, 'en', ''),
(725, 'ru', 'Сортировать по'),
(725, 'ua', 'Сортувати по'),
(726, 'en', ''),
(726, 'ru', 'Краткое описание'),
(726, 'ua', 'Короткий опис'),
(727, 'en', ''),
(727, 'ru', 'Показывать после цены'),
(727, 'ua', 'Показувати після ціни'),
(728, 'en', ''),
(728, 'ru', 'Добавить в корзину'),
(728, 'ua', 'Додати до кошику'),
(729, 'en', ''),
(729, 'ru', 'Выберите размер'),
(729, 'ua', 'Оберіть розмір'),
(730, 'en', ''),
(730, 'ru', 'Количество'),
(730, 'ua', 'Кількість'),
(731, 'en', ''),
(731, 'ru', 'Необходимо выбрать размер'),
(731, 'ua', 'Необхідно обрати розмір'),
(732, 'en', ''),
(732, 'ru', 'Необходимо ввести количество'),
(732, 'ua', 'Необхідно ввести кількість'),
(733, 'en', ''),
(733, 'ru', 'Добавить к избранным'),
(733, 'ua', 'Додати до бажаних'),
(734, 'en', ''),
(734, 'ru', 'Вход в личный кабинет'),
(734, 'ua', 'Вхід в особистий кабінет'),
(735, 'en', ''),
(735, 'ru', 'Пароль'),
(735, 'ua', 'Пароль'),
(736, 'en', ''),
(736, 'ru', 'Запомнить меня'),
(736, 'ua', 'Запам''ятати мене'),
(737, 'en', ''),
(737, 'ru', 'Вход'),
(737, 'ua', 'Вхід'),
(738, 'en', NULL),
(738, 'ru', NULL),
(738, 'ua', NULL),
(739, 'en', ''),
(739, 'ru', 'Забыли пароль?'),
(739, 'ua', 'Забули пароль?'),
(740, 'en', ''),
(740, 'ru', 'Неверный логин или пароль.'),
(740, 'ua', 'Невірний логін чи пароль.'),
(741, 'en', ''),
(741, 'ru', 'Регистрация'),
(741, 'ua', 'Реєстрація'),
(741, 'uk', NULL),
(742, 'en', ''),
(742, 'ru', 'Этот логин уже используется.'),
(742, 'ua', 'Цей логін вже використовується.'),
(743, 'en', ''),
(743, 'ru', 'Этот email уже используется.'),
(743, 'ua', 'Цей email вже використовується.'),
(744, 'en', ''),
(744, 'ru', 'Я хочу получать новости от Jenadin'),
(744, 'ua', 'Я хочу отримувати новини від Jenadin'),
(745, 'en', ''),
(745, 'ru', 'Подписка'),
(745, 'ua', 'Підписка'),
(746, 'en', ''),
(746, 'ru', 'Оставайтесь с нами'),
(746, 'ua', 'Залишайтеся з нами'),
(746, 'uk', NULL),
(747, 'en', ''),
(747, 'ru', 'Подписаться на новости'),
(747, 'ua', 'Підписатися на новини'),
(747, 'uk', NULL),
(748, 'en', ''),
(748, 'ru', 'Новости'),
(748, 'ua', 'Новини'),
(749, 'en', ''),
(749, 'ru', 'Новость'),
(749, 'ua', 'Новини'),
(750, 'en', ''),
(750, 'ru', 'Вы уверены, что хотите разослать новость?'),
(750, 'ua', 'Ви впевнені, що хочете розіслати новину?'),
(751, 'en', ''),
(751, 'ru', 'Видео'),
(751, 'ua', 'Відео'),
(752, 'en', ''),
(752, 'ru', 'Удалить'),
(752, 'ua', 'Видалити'),
(753, 'en', ''),
(753, 'ru', 'Комплекты'),
(753, 'ua', 'Комплекти'),
(754, 'en', ''),
(754, 'ru', 'Комплект'),
(754, 'ua', 'Комплект'),
(755, 'en', NULL),
(755, 'ru', NULL),
(755, 'ua', NULL),
(756, 'en', ''),
(756, 'ru', 'Как носить'),
(756, 'ua', 'Як носити'),
(757, 'en', ''),
(757, 'ru', 'Вам также может понравиться'),
(757, 'ua', 'Вам також може сподобатися'),
(758, 'en', ''),
(758, 'ru', 'Корзина'),
(758, 'ua', 'Кошик'),
(758, 'uk', NULL),
(759, 'en', ''),
(759, 'ru', 'Продолжить покупки'),
(759, 'ua', 'Продовжити покупки'),
(760, 'en', ''),
(760, 'ru', 'Цена за товар:'),
(760, 'ua', 'Ціна за товар:'),
(761, 'en', ''),
(761, 'ru', 'Сумма:'),
(761, 'ua', 'Сума:'),
(762, 'en', ''),
(762, 'ru', 'Корзина успешно обновлена.'),
(762, 'ua', 'Кошик успішно оновлено.'),
(763, 'en', ''),
(763, 'ru', 'В корзине нет товаров.'),
(763, 'ua', 'У кошику немає товарів.'),
(764, 'en', ''),
(764, 'ru', 'Сумма в корзине'),
(764, 'ua', 'Сума в кошику'),
(765, 'en', ''),
(765, 'ru', 'Итого'),
(765, 'ua', 'Разом'),
(765, 'uk', NULL),
(766, 'en', ''),
(766, 'ru', 'Оформить заказ'),
(766, 'ua', 'Оформити замовлення'),
(767, 'en', NULL),
(767, 'ru', NULL),
(767, 'ua', NULL),
(768, 'en', ''),
(768, 'ru', 'Размера нет на складе.'),
(768, 'ua', 'Розміру немає на складі.'),
(769, 'en', ''),
(769, 'ru', 'Сброс пароля'),
(769, 'ua', 'Скидання пароля'),
(770, 'en', 'Please fill out your email. A link to reset password will be sent there.'),
(770, 'ru', 'Пожалуйста, введите email. Ссылка для сброса пароля будет отправлена на этот адрес.'),
(770, 'ua', 'Будь ласка, введіть email. Посилання для скидування паролю буде відправлене на цю адресу.'),
(771, 'en', ''),
(771, 'ru', 'Сброс пароля для Jenadin'),
(771, 'ua', 'Скидання пароля для Jenadin'),
(772, 'en', ''),
(772, 'ru', 'Привет'),
(772, 'ua', 'Привіт'),
(773, 'en', ''),
(773, 'ru', 'Следуйте за ссылкой ниже для сброса пароля.'),
(773, 'ua', 'Слідуйте за посиланням нижче для скидування пароля.'),
(774, 'en', ''),
(774, 'ru', 'Нет пользователя с таким email.'),
(774, 'ua', 'Немає користувача з таким email.'),
(775, 'en', ''),
(775, 'ru', 'Проверьте email для дальнейших инструкций.'),
(775, 'ua', 'Перевірте email для подальших інструкцій.'),
(776, 'en', ''),
(776, 'ru', 'Сбросить пароль'),
(776, 'ua', 'Скинуть пароль'),
(777, 'en', ''),
(777, 'ru', 'Пожалуйста, выберите новый пароль:'),
(777, 'ua', 'Будь ласка, виберіть новий пароль:'),
(778, 'en', ''),
(778, 'ru', 'Новый пароль был сохранен.'),
(778, 'ua', 'Новий пароль був збережений.'),
(779, 'en', 'Hello, %s. (%s). From your account dashboard you can view your recent orders, manage your shipping and billing addresses and edit your password and account details.'),
(779, 'ru', 'Здравствуйте, %s (%s). В консоли вашего аккаунта вы можете просматривать недавние заказы, настроить адрес доставки и реквизиты оплаты, а также изменить пароль и анкету.'),
(779, 'ua', 'Привіт %s. (%s). В консолі Вашого акаунту Ви можете переглядати замовлення, налаштувати адресу доставки та реквізити оплати, а також змінити пароль і анкету.'),
(780, 'en', ''),
(780, 'ru', 'Выход'),
(780, 'ua', 'Вихід'),
(781, 'en', ''),
(781, 'ru', 'Детали профиля'),
(781, 'ua', 'Деталі профіля'),
(782, 'en', ''),
(782, 'ru', 'Адрес'),
(782, 'ua', 'Адреса'),
(783, 'en', ''),
(783, 'ru', 'Просмотр или редактирование даных пользователя.'),
(783, 'ua', 'Перегляд чи редагування даних користувача.'),
(784, 'en', ''),
(784, 'ru', 'Редактирование даных о адресе.'),
(784, 'ua', 'Редагування даних про адресу.'),
(785, 'en', ''),
(785, 'ru', 'Избранное'),
(785, 'ua', 'Вибране'),
(785, 'uk', NULL),
(786, 'en', ''),
(786, 'ru', 'Заказы'),
(786, 'ua', 'Замовлення'),
(787, 'en', ''),
(787, 'ru', 'Просмотр истории заказов.'),
(787, 'ua', 'Перегляд історії замовлень.'),
(788, 'en', ''),
(788, 'ru', 'Просмотр избранных товаров.'),
(788, 'ua', 'Перегляд вибраних товарів.'),
(789, 'en', ''),
(789, 'ru', 'Назад к просмотру профиля'),
(789, 'ua', 'Назад до перегляду профілю'),
(790, 'en', ''),
(790, 'ru', 'Профиль успешно обновлен.'),
(790, 'ua', 'Профіль успішно оновлений.'),
(791, 'en', ''),
(791, 'ru', 'Адрес'),
(791, 'ua', 'Адреса'),
(791, 'uk', NULL),
(792, 'en', ''),
(792, 'ru', 'Имя'),
(792, 'ua', 'Ім''я'),
(792, 'uk', NULL),
(793, 'en', ''),
(793, 'ru', 'Фамилия'),
(793, 'ua', 'Прізвище'),
(793, 'uk', NULL),
(794, 'en', ''),
(794, 'ru', 'Телефон'),
(794, 'ua', 'Телефон'),
(794, 'uk', NULL),
(795, 'en', ''),
(795, 'ru', 'Область'),
(795, 'ua', 'Область'),
(795, 'uk', NULL),
(796, 'en', ''),
(796, 'ru', 'Дом'),
(796, 'ua', 'Будинок'),
(796, 'uk', NULL),
(797, 'en', ''),
(797, 'ru', 'Квартира'),
(797, 'ua', 'Квартира'),
(797, 'uk', NULL),
(798, 'en', ''),
(798, 'ru', 'Адрес успешно обновлен.'),
(798, 'ua', 'Адреса успішно оновлена.'),
(799, 'en', ''),
(799, 'ru', 'Товар был успешно удален с избранных.'),
(799, 'ua', 'Товар був успішно видалений з вибраних.'),
(800, 'en', 'There is no product in your wish list.'),
(800, 'ru', 'В списке избранных нет товаров.'),
(800, 'ua', 'У списку вибраних немає товарів.'),
(801, 'en', ''),
(801, 'ru', 'Примечание'),
(801, 'ua', 'Замітка'),
(801, 'uk', NULL),
(802, 'en', ''),
(802, 'ru', 'Тип платежа'),
(802, 'ua', 'Тип платежу'),
(802, 'uk', NULL),
(803, 'en', ''),
(803, 'ru', 'Заказ'),
(803, 'ua', 'Замовлення'),
(804, 'en', ''),
(804, 'ru', 'Оформление заказа'),
(804, 'ua', 'Оформлення замовлення'),
(804, 'uk', NULL),
(805, 'en', ''),
(805, 'ru', 'Детали оплаты'),
(805, 'ua', 'Деталі замовлення'),
(805, 'uk', NULL),
(806, 'en', ''),
(806, 'ru', 'Ваш заказ'),
(806, 'ua', 'Ваше замовлення'),
(806, 'uk', NULL),
(807, 'en', ''),
(807, 'ru', 'Общая цена'),
(807, 'ua', 'Загальна ціна'),
(807, 'uk', NULL),
(808, 'en', ''),
(808, 'ru', 'Типы платежа'),
(808, 'ua', 'Типи платежу'),
(809, 'en', ''),
(809, 'ru', 'Разместить заказ'),
(809, 'ua', 'Розмістити замовлення'),
(809, 'uk', NULL),
(810, 'en', ''),
(810, 'ru', 'Получатели'),
(810, 'ua', 'Отримувачі'),
(811, 'en', ''),
(811, 'ru', 'Тема письма'),
(811, 'ua', 'Тема листа'),
(812, 'en', ''),
(812, 'ru', 'Шаблоны писем'),
(812, 'ua', 'Шаблони листів'),
(813, 'en', ''),
(813, 'ru', 'Шаблон письма'),
(813, 'ua', 'Шаблон листа'),
(814, 'en', ''),
(814, 'ru', 'Просмотр письма'),
(814, 'ua', 'Перегляд листа'),
(815, 'en', NULL),
(815, 'ru', NULL),
(815, 'ua', NULL),
(816, 'en', ''),
(816, 'ru', 'Имя "От кого"'),
(816, 'ua', 'Ім''я "Від кого"'),
(817, 'en', ''),
(817, 'ru', 'Адрес отправителя'),
(817, 'ua', 'Адреса відправника'),
(818, 'en', NULL),
(818, 'ru', NULL),
(818, 'ua', NULL),
(819, 'en', ''),
(819, 'ru', 'Настройки email'),
(819, 'ua', 'Налаштування email'),
(820, 'en', ''),
(820, 'ru', 'Настройка email'),
(820, 'ua', 'Налаштування email'),
(821, 'en', 'You have received an order from %s %s. The order is as follows:'),
(821, 'ru', 'Вы получили заказ от %s %s. Детали заказа:'),
(821, 'ua', 'Ви отримали замовлення від %s %s. Деталі замовлення:'),
(822, 'en', ''),
(822, 'ru', 'Информация о клиенте'),
(822, 'ua', 'Інформація про клієнта'),
(823, 'en', ''),
(823, 'ru', 'Спасибо!'),
(823, 'ua', 'Дякуємо!'),
(824, 'en', ''),
(824, 'ru', 'Ваш заказ принят!'),
(824, 'ua', 'Ваше замовлення прийняте!'),
(825, 'en', ''),
(825, 'ru', 'Наш менеджер свяжется с вами'),
(825, 'ua', 'Наш менеджер зв''яжеться з вами'),
(826, 'en', 'Hi there. Your recent order on Jenadin has been completed. Your order details are shown below for your reference:'),
(826, 'ru', 'Здравствуйте. Ваш недавний заказ от Jenadin был выполнен. Информация о заказе предоставлена ниже для вашего удобства:'),
(826, 'ua', 'Привіт. Ваше нещодавнє замовлення від Jenadin було завершено. Деталі Вашого замовлення, наведені нижче для вашої довідки:'),
(827, 'en', ''),
(827, 'ru', 'Ваш заказ успешно принят!'),
(827, 'ua', 'Ваше замовлення успішно прийняте!'),
(828, 'en', ''),
(828, 'ru', 'Номер'),
(828, 'ua', 'Номер'),
(829, 'en', ''),
(829, 'ru', 'В обработке'),
(829, 'ua', 'В обробці'),
(830, 'en', ''),
(830, 'ru', 'Оплачен'),
(830, 'ua', 'Оплачений'),
(831, 'en', ''),
(831, 'ru', 'Отказан'),
(831, 'ua', 'Відмовлений'),
(832, 'en', ''),
(832, 'ru', 'Ничего не выбрано'),
(832, 'ua', 'Нічого не вибрано'),
(833, 'en', ''),
(833, 'ru', 'Позиции'),
(833, 'ua', 'Позиції'),
(834, 'en', ''),
(834, 'ru', 'Ваша корзина пуста.'),
(834, 'ua', 'Ваш кошик пустий.'),
(835, 'en', ''),
(835, 'ru', 'Открыть меню'),
(835, 'ua', 'Відкрити меню'),
(835, 'uk', NULL),
(836, 'en', ''),
(836, 'ru', 'Поиск'),
(836, 'ua', 'Пошук'),
(836, 'uk', NULL),
(837, 'en', ''),
(837, 'ru', 'Назад'),
(837, 'ua', 'Назад'),
(837, 'uk', NULL),
(838, 'en', ''),
(838, 'ru', 'Мой кабинет'),
(838, 'ua', 'Мій кабінет'),
(838, 'uk', NULL),
(839, 'en', NULL),
(839, 'ru', NULL),
(839, 'ua', NULL),
(840, 'en', NULL),
(840, 'ru', NULL),
(840, 'ua', NULL),
(841, 'en', '');
INSERT INTO `message` (`id`, `language`, `translation`) VALUES
(841, 'ru', 'Процент, %'),
(841, 'ua', 'Відсоток, %'),
(842, 'en', ''),
(842, 'ru', 'Акции'),
(842, 'ua', 'Акції'),
(843, 'en', ''),
(843, 'ru', 'Акция'),
(843, 'ua', 'Акція'),
(844, 'en', ''),
(844, 'ru', 'Загрузить товары с коллекции:'),
(844, 'ua', 'Завантажити товари з колеції:'),
(845, 'en', NULL),
(845, 'ru', 'Вы уверены, что хотите добавить выбраную коллекцию?'),
(845, 'ua', 'Ви впевнені, що хочете додати обрану колекцію?'),
(846, 'en', 'Sale'),
(846, 'ru', 'Распродажа'),
(846, 'ua', 'Розпродаж'),
(847, 'en', ''),
(847, 'ru', 'Новинка'),
(847, 'ua', 'Новинка'),
(848, 'en', 'Novelties'),
(848, 'ru', 'Новинки'),
(848, 'ua', 'Новинки'),
(849, 'en', 'Novelty'),
(849, 'ru', 'Новинка'),
(849, 'ua', 'Новинка'),
(850, 'en', ''),
(850, 'ru', 'Размер и характеристики'),
(850, 'ua', 'Розмір і характеристики'),
(851, 'en', ''),
(851, 'ru', 'Примечания производителя'),
(851, 'ua', 'Замітки виробника'),
(852, 'en', ''),
(852, 'ru', 'Иконка'),
(852, 'ua', 'Іконка'),
(853, 'en', ''),
(853, 'ru', 'Таблица размеров'),
(853, 'ua', 'Таблиця розмірів'),
(854, 'en', 'Basket'),
(854, 'ru', 'Корзина'),
(854, 'ua', 'Кошик'),
(855, 'en', 'You have added the product to the basket:'),
(855, 'ru', 'Вы добавили товар в корзину:'),
(855, 'ua', 'Ви додали товар у кошик:'),
(856, 'en', ''),
(856, 'ru', 'Успешно добавлено'),
(856, 'ua', 'Успішно додано'),
(857, 'en', ''),
(857, 'ru', 'В ожидании оплаты'),
(857, 'ua', 'В очікуванні оплати'),
(858, 'en', 'Congratulations! You have placed your order. Below is the link to proceed the payment.'),
(858, 'ru', 'Поздравляем! Вы разместили заказ. Ниже ссылка для оплаты заказа.'),
(858, 'ua', 'Вітаємо! Ви розмістили своє замовлення. Нижче посилання для оплати замовлення. '),
(859, 'en', ''),
(859, 'ru', 'Результаты поиска:'),
(859, 'ua', 'Результати пошуку:'),
(860, 'en', NULL),
(860, 'ru', NULL),
(860, 'ua', NULL),
(861, 'en', ''),
(861, 'ru', 'Нет результатов, задовольняющих запрос:'),
(861, 'ua', 'Немає результатів, які задовольняють запит:'),
(862, 'en', ''),
(862, 'ru', 'Журналы'),
(862, 'ua', 'Журнали'),
(863, 'en', ''),
(863, 'ru', 'Журнал'),
(863, 'ua', 'Журнал'),
(864, 'en', ''),
(864, 'ru', 'Страницы'),
(864, 'ua', 'Сторінки'),
(865, 'en', ''),
(865, 'ru', 'Дата заказа'),
(865, 'ua', 'Дата замовлення'),
(866, 'en', NULL),
(866, 'ru', NULL),
(866, 'ua', NULL),
(867, 'en', ''),
(867, 'ru', 'Персональные данные'),
(867, 'ua', 'Персональні дані'),
(868, 'en', ''),
(868, 'ru', 'Данные о заказе'),
(868, 'ua', 'Дані замовлення'),
(869, 'en', ''),
(869, 'ru', 'Назад к списку заказов'),
(869, 'ua', 'Назад до списку замовлень'),
(870, 'en', 'Nothing was found.'),
(870, 'ru', 'Ничего не найдено.'),
(870, 'ua', 'Нічого не знайдено.'),
(871, 'en', ''),
(871, 'ru', 'SEO описание для категории товара'),
(871, 'ua', 'SEO опис для категорії товару'),
(872, 'en', NULL),
(872, 'ru', NULL),
(872, 'ua', NULL),
(873, 'en', NULL),
(873, 'ru', NULL),
(873, 'ua', NULL),
(874, 'en', NULL),
(874, 'ru', NULL),
(874, 'ua', NULL),
(875, 'en', NULL),
(875, 'ru', NULL),
(875, 'ua', NULL),
(876, 'en', NULL),
(876, 'ru', NULL),
(876, 'ua', NULL),
(877, 'en', NULL),
(877, 'ru', NULL),
(877, 'ua', NULL),
(878, 'en', 'You have added the product to the basket:'),
(878, 'ru', 'Вы добавили товар в корзину:'),
(878, 'ua', 'Ви додали товар у кошик:'),
(879, 'en', NULL),
(879, 'ru', NULL),
(879, 'ua', NULL),
(880, 'en', NULL),
(880, 'ru', NULL),
(880, 'ua', NULL),
(881, 'en', NULL),
(881, 'ru', NULL),
(881, 'ua', NULL),
(882, 'en', NULL),
(882, 'ru', NULL),
(882, 'ua', NULL),
(883, 'en', ''),
(883, 'ru', 'Пациенты'),
(883, 'ua', 'Пацієнти'),
(884, 'en', ''),
(884, 'ru', 'Пациент'),
(884, 'ua', 'Пацієнт'),
(885, 'en', ''),
(885, 'ru', 'Значение'),
(885, 'ua', 'Значення'),
(886, 'en', NULL),
(886, 'ru', NULL),
(886, 'ua', NULL),
(887, 'en', ''),
(887, 'ru', 'Начальное время'),
(887, 'ua', 'Початковий час'),
(888, 'en', ''),
(888, 'ru', 'Конечное время'),
(888, 'ua', 'Кінцевий час'),
(889, 'en', ''),
(889, 'ru', 'Построить график'),
(889, 'ua', 'Побудувати графік'),
(890, 'en', ''),
(890, 'ru', 'Печать'),
(890, 'ua', 'Друк'),
(891, 'en', 'Pulse'),
(891, 'ru', 'Пульс'),
(891, 'ua', 'Пульс'),
(892, 'en', ''),
(892, 'ru', 'Пол'),
(892, 'ua', 'Стать'),
(893, 'en', ''),
(893, 'ru', 'Возраст'),
(893, 'ua', 'Вік'),
(894, 'en', ''),
(894, 'ru', 'Таблица ЧСС'),
(894, 'ua', 'Таблиця ЧСС'),
(895, 'en', ''),
(895, 'ru', 'Мин. возраст'),
(895, 'ua', 'Мін. вік'),
(896, 'en', ''),
(896, 'ru', 'Макс. возраст'),
(896, 'ua', 'Макс. вік'),
(897, 'en', ''),
(897, 'ru', 'Мин. количество ударов'),
(897, 'ua', 'Мін. кількість ударів'),
(898, 'en', ''),
(898, 'ru', 'Макс. количество ударов'),
(898, 'ua', 'Макс. кількість ударів'),
(899, 'en', NULL),
(899, 'ru', NULL),
(899, 'ua', NULL),
(900, 'en', ''),
(900, 'ru', 'Операторы'),
(900, 'ua', 'Оператори'),
(901, 'en', ''),
(901, 'ru', 'Ударов за минуту'),
(901, 'ua', 'Ударів за хвилину'),
(902, 'en', ''),
(902, 'ru', 'Опасный пульс:'),
(902, 'ua', 'Небезпечний пульс:'),
(903, 'en', ''),
(903, 'ru', 'Угроза'),
(903, 'ua', 'Загроза'),
(904, 'en', ''),
(904, 'ru', 'Время'),
(904, 'ua', 'Час'),
(905, 'en', ''),
(905, 'ru', 'Тахикардия'),
(905, 'ua', 'Тахікардія'),
(906, 'en', NULL),
(906, 'ru', NULL),
(906, 'ua', NULL),
(907, 'en', NULL),
(907, 'ru', NULL),
(907, 'ua', NULL),
(908, 'en', ''),
(908, 'ru', 'Брадикардия'),
(908, 'ua', 'Брадікардія'),
(909, 'en', ''),
(909, 'ru', 'Угрозы'),
(909, 'ua', 'Загрози'),
(910, 'en', ''),
(910, 'ru', 'Детали'),
(910, 'ua', 'Деталі');

-- --------------------------------------------------------

--
-- Структура таблицы `migration`
--

CREATE TABLE IF NOT EXISTS `migration` (
  `version` varchar(180) NOT NULL,
  `apply_time` int(11) DEFAULT NULL,
  PRIMARY KEY (`version`)
) ENGINE=InnoDB DEFAULT CHARSET=utf8;

--
-- Дамп данных таблицы `migration`
--

INSERT INTO `migration` (`version`, `apply_time`) VALUES
('m000000_000000_base', 1455877224),
('m130524_201442_init', 1455877230),
('m140506_102106_rbac_init', 1457026314),
('m160220_100848_add_new_field_to_user', 1455963027),
('m160516_081703_lang', 1463386881),
('m160516_095736_lang_translations', 1463393919);

-- --------------------------------------------------------

--
-- Структура таблицы `post`
--

CREATE TABLE IF NOT EXISTS `post` (
  `id` int(11) NOT NULL AUTO_INCREMENT,
  `created_at` int(11) NOT NULL,
  `updated_at` int(11) NOT NULL,
  `enabled` tinyint(1) NOT NULL DEFAULT '1',
  `alias` varchar(255) NOT NULL,
  `template` varchar(20) NOT NULL,
  `default` tinyint(1) NOT NULL DEFAULT '0',
  PRIMARY KEY (`id`)
) ENGINE=InnoDB  DEFAULT CHARSET=utf8 AUTO_INCREMENT=16 ;

--
-- Дамп данных таблицы `post`
--

INSERT INTO `post` (`id`, `created_at`, `updated_at`, `enabled`, `alias`, `template`, `default`) VALUES
(7, 1469967549, 1474908016, 1, 'contacts', 'content', 0),
(12, 1470297947, 1474639612, 1, 'about-us', 'content', 0),
(15, 1470398188, 1470401479, 1, 'main', 'content-main', 1);

-- --------------------------------------------------------

--
-- Структура таблицы `postlang`
--

CREATE TABLE IF NOT EXISTS `postlang` (
  `id` int(11) NOT NULL AUTO_INCREMENT,
  `post_id` int(11) NOT NULL,
  `language` varchar(6) NOT NULL,
  `title` varchar(255) NOT NULL,
  `content` text NOT NULL,
  PRIMARY KEY (`id`),
  KEY `post_id` (`post_id`),
  KEY `language` (`language`)
) ENGINE=InnoDB  DEFAULT CHARSET=utf8 AUTO_INCREMENT=43 ;

--
-- Дамп данных таблицы `postlang`
--

INSERT INTO `postlang` (`id`, `post_id`, `language`, `title`, `content`) VALUES
(16, 7, 'en', 'Contacts', '<p>Контакти</p>'),
(17, 7, 'ru', 'Контакты', ''),
(18, 7, 'ua', 'Контакти', '<div class="vc_row wpb_row vc_row-fluid">\r\n<div class="contact-form wpb_column vc_column_container vc_col-sm-4">\r\n<div class="wpb_wrapper">\r\n<div class="wpb_text_column wpb_content_element  vc_custom_1457444242684">\r\n<div class="wpb_wrapper">\r\n<p>Контакти</p>\r\n</div>\r\n</div>\r\n</div>\r\n</div>\r\n</div>'),
(31, 12, 'en', 'About us', '<p>Про нас</p>'),
(32, 12, 'ru', 'О нас', '<p>Про нас</p>'),
(33, 12, 'ua', 'Про нас', '<p>Про нас</p>'),
(40, 15, 'en', 'Main page', '<p>English</p>'),
(41, 15, 'ru', 'Главная страница', '<p>Русский</p>'),
(42, 15, 'ua', 'Головна сторінка', '<p>Українська</p>');

-- --------------------------------------------------------

--
-- Структура таблицы `setting`
--

CREATE TABLE IF NOT EXISTS `setting` (
  `id` int(11) NOT NULL AUTO_INCREMENT,
  `phone` varchar(255) NOT NULL,
  PRIMARY KEY (`id`)
) ENGINE=InnoDB  DEFAULT CHARSET=utf8 AUTO_INCREMENT=2 ;

--
-- Дамп данных таблицы `setting`
--

INSERT INTO `setting` (`id`, `phone`) VALUES
(1, '+ 38 (050) 984-34-32');

-- --------------------------------------------------------

--
-- Структура таблицы `settinglang`
--

CREATE TABLE IF NOT EXISTS `settinglang` (
  `id` int(11) NOT NULL AUTO_INCREMENT,
  `setting_id` int(11) NOT NULL,
  `language` varchar(10) NOT NULL,
  `table_size` text NOT NULL,
  `seo_category_description` text NOT NULL,
  PRIMARY KEY (`id`),
  KEY `setting_id` (`setting_id`)
) ENGINE=InnoDB  DEFAULT CHARSET=utf8 AUTO_INCREMENT=4 ;

--
-- Дамп данных таблицы `settinglang`
--

INSERT INTO `settinglang` (`id`, `setting_id`, `language`, `table_size`, `seo_category_description`) VALUES
(1, 1, 'en', '<table class="table-size" width="100%">\r\n<tbody>\r\n<tr style="height: 13px;">\r\n<td style="height: 13px;">&nbsp;</td>\r\n<td style="height: 13px;">&nbsp;S</td>\r\n<td style="height: 13px;">&nbsp;M</td>\r\n<td style="height: 13px;">L&nbsp;</td>\r\n<td style="height: 13px;">&nbsp;XL</td>\r\n<td style="height: 13px;">&nbsp;XXL</td>\r\n</tr>\r\n<tr style="height: 13px;">\r\n<td class="subtitle-cell" style="height: 13px;" colspan="6">FEMALE ROLL-NECK SWEATERS, JUMPERS</td>\r\n</tr>\r\n<tr style="height: 13px;">\r\n<td style="height: 13px;">Chest, cm&nbsp;</td>\r\n<td style="height: 13px;">86-94&nbsp;</td>\r\n<td style="height: 13px;">90-108</td>\r\n<td style="height: 13px;">94-102</td>\r\n<td style="height: 13px;">98-106</td>\r\n<td style="height: 13px;">102-108&nbsp;</td>\r\n</tr>\r\n<tr style="height: 13px;">\r\n<td style="height: 13px;">Waist, cm&nbsp;</td>\r\n<td style="height: 13px;">56-68</td>\r\n<td style="height: 13px;">64-72</td>\r\n<td style="height: 13px;">72-80&nbsp;</td>\r\n<td style="height: 13px;">80-88&nbsp;</td>\r\n<td style="height: 13px;">88-96&nbsp;</td>\r\n</tr>\r\n<tr style="height: 13px;">\r\n<td style="height: 13px;">Hip, cm&nbsp;</td>\r\n<td style="height: 13px;">&nbsp;</td>\r\n<td style="height: 13px;">&nbsp;</td>\r\n<td style="height: 13px;">&nbsp;</td>\r\n<td style="height: 13px;">&nbsp;</td>\r\n<td style="height: 13px;">&nbsp;</td>\r\n</tr>\r\n<tr class="row-offset" style="height: 13px;">\r\n<td style="height: 13px;">&nbsp;</td>\r\n<td style="height: 13px;">&nbsp;</td>\r\n<td style="height: 13px;">&nbsp;</td>\r\n<td style="height: 13px;">&nbsp;</td>\r\n<td style="height: 13px;">&nbsp;</td>\r\n<td style="height: 13px;">&nbsp;</td>\r\n</tr>\r\n<tr style="height: 13px;">\r\n<td class="subtitle-cell" style="height: 13px;" colspan="6">FEMALE DRESSES, SKIRTS</td>\r\n</tr>\r\n<tr style="height: 13px;">\r\n<td style="height: 13px;">Chest, cm&nbsp;</td>\r\n<td style="height: 13px;">86&nbsp;</td>\r\n<td style="height: 13px;">90&nbsp;</td>\r\n<td style="height: 13px;">94&nbsp;</td>\r\n<td style="height: 13px;">98&nbsp;</td>\r\n<td style="height: 13px;">102&nbsp;</td>\r\n</tr>\r\n<tr style="height: 13px;">\r\n<td style="height: 13px;">Waist, cm&nbsp;</td>\r\n<td style="height: 13px;">68&nbsp;</td>\r\n<td style="height: 13px;">72&nbsp;</td>\r\n<td style="height: 13px;">76&nbsp;</td>\r\n<td style="height: 13px;">82&nbsp;</td>\r\n<td style="height: 13px;">90&nbsp;</td>\r\n</tr>\r\n<tr style="height: 13px;">\r\n<td style="height: 13px;">Hip, cm&nbsp;</td>\r\n<td style="height: 13px;">92&nbsp;</td>\r\n<td style="height: 13px;">96&nbsp;</td>\r\n<td style="height: 13px;">100&nbsp;</td>\r\n<td style="height: 13px;">108</td>\r\n<td style="height: 13px;">116&nbsp;</td>\r\n</tr>\r\n</tbody>\r\n</table>', 'Top clothing online at Jenadin.com.ua. Wide variety of clothing:'),
(2, 1, 'ru', '<table class="table-size" width="100%">\r\n<tbody>\r\n<tr style="height: 13px;">\r\n<td style="height: 13px;">&nbsp;</td>\r\n<td style="height: 13px;">&nbsp;S</td>\r\n<td style="height: 13px;">&nbsp;M</td>\r\n<td style="height: 13px;">L&nbsp;</td>\r\n<td style="height: 13px;">&nbsp;XL</td>\r\n<td style="height: 13px;">&nbsp;XXL</td>\r\n</tr>\r\n<tr style="height: 13px;">\r\n<td class="subtitle-cell" style="height: 13px;" colspan="6">FEMALE ROLL-NECK SWEATERS, JUMPERS</td>\r\n</tr>\r\n<tr style="height: 13px;">\r\n<td style="height: 13px;">Chest, cm&nbsp;</td>\r\n<td style="height: 13px;">86-94&nbsp;</td>\r\n<td style="height: 13px;">90-108</td>\r\n<td style="height: 13px;">94-102</td>\r\n<td style="height: 13px;">98-106</td>\r\n<td style="height: 13px;">102-108&nbsp;</td>\r\n</tr>\r\n<tr style="height: 13px;">\r\n<td style="height: 13px;">Waist, cm&nbsp;</td>\r\n<td style="height: 13px;">56-68</td>\r\n<td style="height: 13px;">64-72</td>\r\n<td style="height: 13px;">72-80&nbsp;</td>\r\n<td style="height: 13px;">80-88&nbsp;</td>\r\n<td style="height: 13px;">88-96&nbsp;</td>\r\n</tr>\r\n<tr style="height: 13px;">\r\n<td style="height: 13px;">Hip, cm&nbsp;</td>\r\n<td style="height: 13px;">&nbsp;</td>\r\n<td style="height: 13px;">&nbsp;</td>\r\n<td style="height: 13px;">&nbsp;</td>\r\n<td style="height: 13px;">&nbsp;</td>\r\n<td style="height: 13px;">&nbsp;</td>\r\n</tr>\r\n<tr class="row-offset" style="height: 13px;">\r\n<td style="height: 13px;">&nbsp;</td>\r\n<td style="height: 13px;">&nbsp;</td>\r\n<td style="height: 13px;">&nbsp;</td>\r\n<td style="height: 13px;">&nbsp;</td>\r\n<td style="height: 13px;">&nbsp;</td>\r\n<td style="height: 13px;">&nbsp;</td>\r\n</tr>\r\n<tr style="height: 13px;">\r\n<td class="subtitle-cell" style="height: 13px;" colspan="6">FEMALE DRESSES, SKIRTS</td>\r\n</tr>\r\n<tr style="height: 13px;">\r\n<td style="height: 13px;">Chest, cm&nbsp;</td>\r\n<td style="height: 13px;">86&nbsp;</td>\r\n<td style="height: 13px;">90&nbsp;</td>\r\n<td style="height: 13px;">94&nbsp;</td>\r\n<td style="height: 13px;">98&nbsp;</td>\r\n<td style="height: 13px;">102&nbsp;</td>\r\n</tr>\r\n<tr style="height: 13px;">\r\n<td style="height: 13px;">Waist, cm&nbsp;</td>\r\n<td style="height: 13px;">68&nbsp;</td>\r\n<td style="height: 13px;">72&nbsp;</td>\r\n<td style="height: 13px;">76&nbsp;</td>\r\n<td style="height: 13px;">82&nbsp;</td>\r\n<td style="height: 13px;">90&nbsp;</td>\r\n</tr>\r\n<tr style="height: 13px;">\r\n<td style="height: 13px;">Hip, cm&nbsp;</td>\r\n<td style="height: 13px;">92&nbsp;</td>\r\n<td style="height: 13px;">96&nbsp;</td>\r\n<td style="height: 13px;">100&nbsp;</td>\r\n<td style="height: 13px;">108</td>\r\n<td style="height: 13px;">116&nbsp;</td>\r\n</tr>\r\n</tbody>\r\n</table>', 'Широкий выбор одежды он-лайн на Jenadin.com.ua. Ассортимент одежды:'),
(3, 1, 'ua', '<table class="table-size" width="100%">\r\n<tbody>\r\n<tr style="height: 13px;">\r\n<td style="height: 13px;">&nbsp;</td>\r\n<td style="height: 13px;">&nbsp;S</td>\r\n<td style="height: 13px;">&nbsp;M</td>\r\n<td style="height: 13px;">L&nbsp;</td>\r\n<td style="height: 13px;">&nbsp;XL</td>\r\n<td style="height: 13px;">&nbsp;XXL</td>\r\n</tr>\r\n<tr style="height: 13px;">\r\n<td class="subtitle-cell" style="height: 13px;" colspan="6">FEMALE ROLL-NECK SWEATERS, JUMPERS</td>\r\n</tr>\r\n<tr style="height: 13px;">\r\n<td style="height: 13px;">Chest, cm&nbsp;</td>\r\n<td style="height: 13px;">86-94&nbsp;</td>\r\n<td style="height: 13px;">90-108</td>\r\n<td style="height: 13px;">94-102</td>\r\n<td style="height: 13px;">98-106</td>\r\n<td style="height: 13px;">102-108&nbsp;</td>\r\n</tr>\r\n<tr style="height: 13px;">\r\n<td style="height: 13px;">Waist, cm&nbsp;</td>\r\n<td style="height: 13px;">56-68</td>\r\n<td style="height: 13px;">64-72</td>\r\n<td style="height: 13px;">72-80&nbsp;</td>\r\n<td style="height: 13px;">80-88&nbsp;</td>\r\n<td style="height: 13px;">88-96&nbsp;</td>\r\n</tr>\r\n<tr style="height: 13px;">\r\n<td style="height: 13px;">Hip, cm&nbsp;</td>\r\n<td style="height: 13px;">&nbsp;</td>\r\n<td style="height: 13px;">&nbsp;</td>\r\n<td style="height: 13px;">&nbsp;</td>\r\n<td style="height: 13px;">&nbsp;</td>\r\n<td style="height: 13px;">&nbsp;</td>\r\n</tr>\r\n<tr class="row-offset" style="height: 13px;">\r\n<td style="height: 13px;">&nbsp;</td>\r\n<td style="height: 13px;">&nbsp;</td>\r\n<td style="height: 13px;">&nbsp;</td>\r\n<td style="height: 13px;">&nbsp;</td>\r\n<td style="height: 13px;">&nbsp;</td>\r\n<td style="height: 13px;">&nbsp;</td>\r\n</tr>\r\n<tr style="height: 13px;">\r\n<td class="subtitle-cell" style="height: 13px;" colspan="6">FEMALE DRESSES, SKIRTS</td>\r\n</tr>\r\n<tr style="height: 13px;">\r\n<td style="height: 13px;">Chest, cm&nbsp;</td>\r\n<td style="height: 13px;">86&nbsp;</td>\r\n<td style="height: 13px;">90&nbsp;</td>\r\n<td style="height: 13px;">94&nbsp;</td>\r\n<td style="height: 13px;">98&nbsp;</td>\r\n<td style="height: 13px;">102&nbsp;</td>\r\n</tr>\r\n<tr style="height: 13px;">\r\n<td style="height: 13px;">Waist, cm&nbsp;</td>\r\n<td style="height: 13px;">68&nbsp;</td>\r\n<td style="height: 13px;">72&nbsp;</td>\r\n<td style="height: 13px;">76&nbsp;</td>\r\n<td style="height: 13px;">82&nbsp;</td>\r\n<td style="height: 13px;">90&nbsp;</td>\r\n</tr>\r\n<tr style="height: 13px;">\r\n<td style="height: 13px;">Hip, cm&nbsp;</td>\r\n<td style="height: 13px;">92&nbsp;</td>\r\n<td style="height: 13px;">96&nbsp;</td>\r\n<td style="height: 13px;">100&nbsp;</td>\r\n<td style="height: 13px;">108</td>\r\n<td style="height: 13px;">116&nbsp;</td>\r\n</tr>\r\n</tbody>\r\n</table>', 'Широкий вибір одягу он-лайн на Jenadin.com.ua. Асортимент одягу:');

-- --------------------------------------------------------

--
-- Структура таблицы `slider`
--

CREATE TABLE IF NOT EXISTS `slider` (
  `id` int(11) NOT NULL AUTO_INCREMENT,
  `name` varchar(255) NOT NULL,
  `alias` varchar(255) NOT NULL,
  PRIMARY KEY (`id`)
) ENGINE=InnoDB  DEFAULT CHARSET=utf8 AUTO_INCREMENT=2 ;

--
-- Дамп данных таблицы `slider`
--

INSERT INTO `slider` (`id`, `name`, `alias`) VALUES
(1, 'Главная страница', 'main-page');

-- --------------------------------------------------------

--
-- Структура таблицы `slider_item`
--

CREATE TABLE IF NOT EXISTS `slider_item` (
  `id` int(11) NOT NULL AUTO_INCREMENT,
  `slider_id` int(11) NOT NULL,
  `image` varchar(255) NOT NULL,
  `url` varchar(255) NOT NULL,
  `sort` int(11) DEFAULT NULL,
  PRIMARY KEY (`id`),
  KEY `slider_id` (`slider_id`)
) ENGINE=InnoDB  DEFAULT CHARSET=utf8 AUTO_INCREMENT=103 ;

--
-- Дамп данных таблицы `slider_item`
--

INSERT INTO `slider_item` (`id`, `slider_id`, `image`, `url`, `sort`) VALUES
(101, 1, '/uploads/sliders/1/25_11672_oboi_create_1920x1200.jpg', '', 0),
(102, 1, '/uploads/sliders/1/25_11847_oboi_svetjashhijsja_sinij_shestiugolnik_1920x1200.jpg', '', 1);

-- --------------------------------------------------------

--
-- Структура таблицы `source_message`
--

CREATE TABLE IF NOT EXISTS `source_message` (
  `id` int(11) NOT NULL AUTO_INCREMENT,
  `category` varchar(255) DEFAULT NULL,
  `message` text,
  PRIMARY KEY (`id`)
) ENGINE=InnoDB  DEFAULT CHARSET=utf8 AUTO_INCREMENT=911 ;

--
-- Дамп данных таблицы `source_message`
--

INSERT INTO `source_message` (`id`, `category`, `message`) VALUES
(252, 'yii', '(not set)'),
(253, 'yii', 'An internal server error occurred.'),
(254, 'yii', 'Are you sure you want to delete this item?'),
(255, 'yii', 'Delete'),
(256, 'yii', 'Error'),
(257, 'yii', 'File upload failed.'),
(258, 'yii', 'Home'),
(259, 'yii', 'Invalid data received for parameter "{param}".'),
(260, 'yii', 'Login Required'),
(261, 'yii', 'Missing required arguments: {params}'),
(262, 'yii', 'Missing required parameters: {params}'),
(263, 'yii', 'No'),
(264, 'yii', 'No results found.'),
(265, 'yii', 'Only files with these MIME types are allowed: {mimeTypes}.'),
(266, 'yii', 'Only files with these extensions are allowed: {extensions}.'),
(267, 'yii', 'Page not found.'),
(268, 'yii', 'Please fix the following errors:'),
(269, 'yii', 'Please upload a file.'),
(270, 'yii', 'Showing <b>{begin, number}-{end, number}</b> of <b>{totalCount, number}</b> {totalCount, plural, one{item} other{items}}.'),
(271, 'yii', 'The file "{file}" is not an image.'),
(272, 'yii', 'The file "{file}" is too big. Its size cannot exceed {formattedLimit}.'),
(273, 'yii', 'The file "{file}" is too small. Its size cannot be smaller than {formattedLimit}.'),
(274, 'yii', 'The format of {attribute} is invalid.'),
(275, 'yii', 'The image "{file}" is too large. The height cannot be larger than {limit, number} {limit, plural, one{pixel} other{pixels}}.'),
(276, 'yii', 'The image "{file}" is too large. The width cannot be larger than {limit, number} {limit, plural, one{pixel} other{pixels}}.'),
(277, 'yii', 'The image "{file}" is too small. The height cannot be smaller than {limit, number} {limit, plural, one{pixel} other{pixels}}.'),
(278, 'yii', 'The image "{file}" is too small. The width cannot be smaller than {limit, number} {limit, plural, one{pixel} other{pixels}}.'),
(279, 'yii', 'The requested view "{name}" was not found.'),
(280, 'yii', 'The verification code is incorrect.'),
(281, 'yii', 'Total <b>{count, number}</b> {count, plural, one{item} other{items}}.'),
(282, 'yii', 'Unable to verify your data submission.'),
(283, 'yii', 'Unknown option: --{name}'),
(284, 'yii', 'Update'),
(285, 'yii', 'View'),
(286, 'yii', 'Yes'),
(287, 'yii', 'You are not allowed to perform this action.'),
(288, 'yii', 'You can upload at most {limit, number} {limit, plural, one{file} other{files}}.'),
(289, 'yii', 'in {delta, plural, =1{a day} other{# days}}'),
(290, 'yii', 'in {delta, plural, =1{a minute} other{# minutes}}'),
(291, 'yii', 'in {delta, plural, =1{a month} other{# months}}'),
(292, 'yii', 'in {delta, plural, =1{a second} other{# seconds}}'),
(293, 'yii', 'in {delta, plural, =1{a year} other{# years}}'),
(294, 'yii', 'in {delta, plural, =1{an hour} other{# hours}}'),
(295, 'yii', 'just now'),
(296, 'yii', 'the input value'),
(297, 'yii', '{attribute} "{value}" has already been taken.'),
(298, 'yii', '{attribute} cannot be blank.'),
(299, 'yii', '{attribute} is invalid.'),
(300, 'yii', '{attribute} is not a valid URL.'),
(301, 'yii', '{attribute} is not a valid email address.'),
(302, 'yii', '{attribute} must be "{requiredValue}".'),
(303, 'yii', '{attribute} must be a number.'),
(304, 'yii', '{attribute} must be a string.'),
(305, 'yii', '{attribute} must be an integer.'),
(306, 'yii', '{attribute} must be either "{true}" or "{false}".'),
(307, 'yii', '{attribute} must be greater than "{compareValue}".'),
(308, 'yii', '{attribute} must be greater than or equal to "{compareValue}".'),
(309, 'yii', '{attribute} must be less than "{compareValue}".'),
(310, 'yii', '{attribute} must be less than or equal to "{compareValue}".'),
(311, 'yii', '{attribute} must be no greater than {max}.'),
(312, 'yii', '{attribute} must be no less than {min}.'),
(313, 'yii', '{attribute} must be repeated exactly.'),
(314, 'yii', '{attribute} must not be equal to "{compareValue}".'),
(315, 'yii', '{attribute} should contain at least {min, number} {min, plural, one{character} other{characters}}.'),
(316, 'yii', '{attribute} should contain at most {max, number} {max, plural, one{character} other{characters}}.'),
(317, 'yii', '{attribute} should contain {length, number} {length, plural, one{character} other{characters}}.'),
(318, 'yii', '{delta, plural, =1{a day} other{# days}} ago'),
(319, 'yii', '{delta, plural, =1{a minute} other{# minutes}} ago'),
(320, 'yii', '{delta, plural, =1{a month} other{# months}} ago'),
(321, 'yii', '{delta, plural, =1{a second} other{# seconds}} ago'),
(322, 'yii', '{delta, plural, =1{a year} other{# years}} ago'),
(323, 'yii', '{delta, plural, =1{an hour} other{# hours}} ago'),
(324, 'yii', '{nFormatted} B'),
(325, 'yii', '{nFormatted} GB'),
(326, 'yii', '{nFormatted} GiB'),
(327, 'yii', '{nFormatted} KB'),
(328, 'yii', '{nFormatted} KiB'),
(329, 'yii', '{nFormatted} MB'),
(330, 'yii', '{nFormatted} MiB'),
(331, 'yii', '{nFormatted} PB'),
(332, 'yii', '{nFormatted} PiB'),
(333, 'yii', '{nFormatted} TB'),
(334, 'yii', '{nFormatted} TiB'),
(335, 'yii', '{nFormatted} {n, plural, =1{byte} other{bytes}}'),
(336, 'yii', '{nFormatted} {n, plural, =1{gibibyte} other{gibibytes}}'),
(337, 'yii', '{nFormatted} {n, plural, =1{gigabyte} other{gigabytes}}'),
(338, 'yii', '{nFormatted} {n, plural, =1{kibibyte} other{kibibytes}}'),
(339, 'yii', '{nFormatted} {n, plural, =1{kilobyte} other{kilobytes}}'),
(340, 'yii', '{nFormatted} {n, plural, =1{mebibyte} other{mebibytes}}'),
(341, 'yii', '{nFormatted} {n, plural, =1{megabyte} other{megabytes}}'),
(342, 'yii', '{nFormatted} {n, plural, =1{pebibyte} other{pebibytes}}'),
(343, 'yii', '{nFormatted} {n, plural, =1{petabyte} other{petabytes}}'),
(344, 'yii', '{nFormatted} {n, plural, =1{tebibyte} other{tebibytes}}'),
(345, 'yii', '{nFormatted} {n, plural, =1{terabyte} other{terabytes}}'),
(537, 'common/modules/i18n', 'Translations'),
(538, 'common/modules/i18n', 'Id'),
(539, 'common/modules/i18n', 'Message'),
(540, 'common/modules/i18n', 'Category'),
(541, 'common/modules/i18n', 'Status'),
(542, 'common/modules/i18n', 'Translated'),
(543, 'common/modules/i18n', 'Not translated'),
(544, 'common/modules/i18n', 'Online'),
(545, 'common/modules/i18n', 'Menu'),
(546, 'common/modules/i18n', 'Dashboard'),
(547, 'common/modules/i18n', 'Profile'),
(548, 'common/modules/i18n', 'Users'),
(549, 'common/modules/i18n', 'Productdetails'),
(550, 'common/modules/i18n', 'Brands'),
(551, 'common/modules/i18n', 'Login'),
(552, 'common/modules/i18n', 'Settings'),
(553, 'common/modules/i18n', 'Templates'),
(554, 'common/modules/i18n', 'Currency'),
(555, 'common/modules/i18n', 'Update'),
(556, 'common/modules/i18n', 'Translation'),
(557, 'common/modules/i18n', 'Back to list'),
(558, 'yii', '{attribute} must be equal to "{compareValueOrAttribute}".'),
(559, 'yii', '{attribute} must be greater than "{compareValueOrAttribute}".'),
(560, 'yii', '{attribute} must be greater than or equal to "{compareValueOrAttribute}".'),
(561, 'yii', '{attribute} must be less than "{compareValueOrAttribute}".'),
(562, 'yii', '{attribute} must be less than or equal to "{compareValueOrAttribute}".'),
(563, 'yii', '{attribute} must not be equal to "{compareValueOrAttribute}".'),
(564, 'yii', '{attribute} contains wrong subnet mask.'),
(565, 'yii', '{attribute} is not in the allowed range.'),
(566, 'yii', '{attribute} must be a valid IP address.'),
(567, 'yii', '{attribute} must be an IP address with specified subnet.'),
(568, 'yii', '{attribute} must not be a subnet.'),
(569, 'yii', '{attribute} must not be an IPv4 address.'),
(570, 'yii', '{attribute} must not be an IPv6 address.'),
(571, 'yii', '{delta, plural, =1{1 day} other{# days}}'),
(572, 'yii', '{delta, plural, =1{1 hour} other{# hours}}'),
(573, 'yii', '{delta, plural, =1{1 minute} other{# minutes}}'),
(574, 'yii', '{delta, plural, =1{1 month} other{# months}}'),
(575, 'yii', '{delta, plural, =1{1 second} other{# seconds}}'),
(576, 'yii', '{delta, plural, =1{1 year} other{# years}}'),
(577, 'common/modules/i18n', 'Updated'),
(578, 'common/modules/i18n', 'Create '),
(579, 'common/modules/i18n', 'User'),
(580, 'common/modules/i18n', 'Username'),
(581, 'common/modules/i18n', 'Email'),
(582, 'common/modules/i18n', 'Authkey'),
(583, 'common/modules/i18n', 'Passwordhash'),
(584, 'common/modules/i18n', 'Passwordresettoken'),
(585, 'common/modules/i18n', 'Createdat'),
(586, 'common/modules/i18n', 'Updatedat'),
(587, 'common/modules/i18n', 'Logo'),
(588, 'common/modules/i18n', 'New Password'),
(589, 'common/modules/i18n', 'New Password Repeat'),
(590, 'common/modules/i18n', 'Role'),
(591, 'common/modules/i18n', 'Delete'),
(592, 'common/modules/i18n', 'Are you sure you want to delete this item?'),
(593, 'common/modules/i18n', 'Roles'),
(594, 'common/modules/i18n', 'Brand'),
(595, 'common/modules/i18n', 'Name'),
(596, 'common/modules/i18n', 'Create'),
(597, 'common/modules/i18n', 'Template'),
(598, 'common/modules/i18n', 'Alias'),
(599, 'common/modules/i18n', 'Text'),
(600, 'common/modules/i18n', 'Currencies'),
(601, 'common/modules/i18n', 'Default'),
(602, 'common/modules/i18n', 'No'),
(603, 'common/modules/i18n', 'Yes'),
(604, 'common/modules/i18n', 'ISO 4217'),
(605, 'common/modules/i18n', 'Sign'),
(606, 'common/modules/i18n', 'Sign in'),
(607, 'common/modules/i18n', 'Sign in to start your session'),
(608, 'common/modules/i18n', 'Sign out'),
(609, 'common/modules/i18n', 'Enabled'),
(610, 'common/modules/i18n', 'Access rules'),
(611, 'common/modules/i18n', 'Add new rule'),
(612, 'common/modules/i18n', 'Rule'),
(613, 'common/modules/i18n', 'Description'),
(614, 'common/modules/i18n', 'Create rule'),
(615, 'common/modules/i18n', 'Edit rule'),
(616, 'common/modules/i18n', 'Text description'),
(617, 'common/modules/i18n', 'Allowed access'),
(618, 'common/modules/i18n', 'Parent permission'),
(619, 'common/modules/i18n', 'Save'),
(620, 'common/modules/i18n', 'Operation is done successfully.'),
(621, 'common/modules/i18n', 'Edit rule: '),
(622, 'common/modules/i18n', 'Role management'),
(623, 'common/modules/i18n', 'Add role'),
(624, 'common/modules/i18n', 'Allowed accesses'),
(625, 'common/modules/i18n', 'Edit role: '),
(626, 'common/modules/i18n', 'Role name'),
(627, 'common/modules/i18n', 'Posts'),
(628, 'common/modules/i18n', 'Post'),
(629, 'common/modules/i18n', 'Customer number'),
(630, 'common/modules/i18n', 'Bankaccountnumber'),
(631, 'common/modules/i18n', 'Bankaccountname'),
(632, 'common/modules/i18n', 'Customer ID'),
(633, 'common/modules/i18n', 'Country'),
(634, 'common/modules/i18n', 'City'),
(635, 'common/modules/i18n', 'Street'),
(636, 'common/modules/i18n', 'Zip'),
(637, 'common/modules/i18n', 'Salutation'),
(638, 'common/modules/i18n', 'Date start'),
(639, 'common/modules/i18n', 'Date end'),
(640, 'common/modules/i18n', 'Invoice number'),
(641, 'common/modules/i18n', 'Invoice subtotal'),
(642, 'common/modules/i18n', 'Invoice VAT'),
(643, 'common/modules/i18n', 'Invoice total'),
(644, 'common/modules/i18n', 'Location'),
(645, 'common/modules/i18n', 'Amount'),
(646, 'common/modules/i18n', 'Pallet'),
(647, 'common/modules/i18n', 'Bar number'),
(648, 'common/modules/i18n', 'Dateregistrated'),
(649, 'common/modules/i18n', 'Storage code'),
(650, 'common/modules/i18n', 'Storage description'),
(651, 'common/modules/i18n', 'Storage basis'),
(652, 'common/modules/i18n', 'Storage amount'),
(653, 'common/modules/i18n', 'Storage date start'),
(654, 'common/modules/i18n', 'Storage date end'),
(655, 'common/modules/i18n', 'Storage percentage'),
(656, 'common/modules/i18n', 'Storage price'),
(657, 'common/modules/i18n', 'Storage date out'),
(658, 'common/modules/i18n', 'Title'),
(659, 'common/modules/i18n', 'Content'),
(660, 'common/modules/i18n', 'Sort'),
(661, 'common/modules/i18n', 'Parent menu'),
(662, 'common/modules/i18n', 'Bean type'),
(663, 'common/modules/i18n', 'Bean'),
(664, 'common/modules/i18n', 'Enter the URL manually:'),
(665, 'common/modules/i18n', 'Sort action'),
(666, 'common/modules/i18n', 'Social networks'),
(667, 'common/modules/i18n', 'Social network'),
(668, 'common/modules/i18n', 'Not Found (#404)'),
(669, 'common/modules/i18n', 'The above error occurred while the Web server was processing your request.'),
(670, 'common/modules/i18n', 'Please contact us if you think this is a server error. Thank you.'),
(671, 'common/modules/i18n', 'Stocks'),
(672, 'common/modules/i18n', 'Stock'),
(673, 'common/modules/i18n', 'Where to buy'),
(674, 'common/modules/i18n', 'Contact us'),
(675, 'common/modules/i18n', 'Your name'),
(676, 'common/modules/i18n', 'Your email'),
(677, 'common/modules/i18n', 'Your message'),
(678, 'common/modules/i18n', 'Send'),
(679, 'common/modules/i18n', 'To'),
(680, 'common/modules/i18n', 'From'),
(681, 'common/modules/i18n', 'Subject'),
(682, 'common/modules/i18n', 'Contact form settings'),
(683, 'common/modules/i18n', 'Contact form'),
(684, 'common/modules/i18n', 'Contact form setting'),
(685, 'common/modules/i18n', 'Your message was sent successfully. Thank you.'),
(686, 'common/modules/i18n', 'Sliders'),
(687, 'common/modules/i18n', 'Slider'),
(688, 'common/modules/i18n', 'Images'),
(689, 'common/modules/i18n', 'Image'),
(690, 'common/modules/i18n', 'Link'),
(691, 'common/modules/i18n', 'Bad Request (#400)'),
(692, 'common/modules/i18n', 'Default page'),
(693, 'common/modules/i18n', 'Parent category'),
(694, 'common/modules/i18n', 'Categories'),
(695, 'common/modules/i18n', 'Shop'),
(696, 'common/modules/i18n', 'Characteristic groups'),
(697, 'common/modules/i18n', 'Characteristic group'),
(698, 'common/modules/i18n', 'Characteristics'),
(699, 'common/modules/i18n', 'Characteristic'),
(700, 'common/modules/i18n', 'Vendor code'),
(701, 'common/modules/i18n', 'Price'),
(702, 'common/modules/i18n', 'In stock'),
(703, 'common/modules/i18n', 'Products'),
(704, 'common/modules/i18n', 'Product'),
(705, 'common/modules/i18n', 'Select'),
(706, 'common/modules/i18n', 'Simple product'),
(707, 'common/modules/i18n', 'Variation'),
(708, 'common/modules/i18n', 'Type'),
(709, 'common/modules/i18n', 'Variations'),
(710, 'common/modules/i18n', 'Размер'),
(711, 'common/modules/i18n', 'Gallery'),
(712, 'common/modules/i18n', 'Product categories '),
(713, 'common/modules/i18n', 'Filter'),
(714, 'common/modules/i18n', 'Product categories'),
(715, 'common/modules/i18n', 'View'),
(716, 'common/modules/i18n', 'Not available'),
(717, 'common/modules/i18n', 'Menu types'),
(718, 'common/modules/i18n', 'Menu type'),
(719, 'common/modules/i18n', 'Useful Information'),
(720, 'common/modules/i18n', 'Clear'),
(721, 'common/modules/i18n', 'Result(s)'),
(722, 'common/modules/i18n', 'Count of products:'),
(723, 'common/modules/i18n', 'Price High to Low'),
(724, 'common/modules/i18n', 'Price Low to High'),
(725, 'common/modules/i18n', 'Sort by'),
(726, 'common/modules/i18n', 'Short description'),
(727, 'common/modules/i18n', 'Show after price'),
(728, 'common/modules/i18n', 'Add to shopping bag'),
(729, 'common/modules/i18n', 'Choose your size'),
(730, 'common/modules/i18n', 'Count'),
(731, 'common/modules/i18n', 'You need to choose a size'),
(732, 'common/modules/i18n', 'You need to enter a count'),
(733, 'common/modules/i18n', 'Add to wish list'),
(734, 'common/modules/i18n', 'Enter to the cabinet'),
(735, 'common/modules/i18n', 'Password'),
(736, 'common/modules/i18n', 'Remember me'),
(737, 'common/modules/i18n', 'Enter'),
(738, 'common/modules/i18n', 'If you forgot your password you can'),
(739, 'common/modules/i18n', 'Forget password?'),
(740, 'common/modules/i18n', 'Incorrect username or password.'),
(741, 'common/modules/i18n', 'Signup'),
(742, 'common/modules/i18n', 'This username has already been taken.'),
(743, 'common/modules/i18n', 'This email address has already been taken.'),
(744, 'common/modules/i18n', 'I would like to receive news from Jenadin'),
(745, 'common/modules/i18n', 'Subscription'),
(746, 'common/modules/i18n', 'Stay in touch'),
(747, 'common/modules/i18n', 'Sign up for news'),
(748, 'common/modules/i18n', 'Novelties'),
(749, 'common/modules/i18n', 'Novelty'),
(750, 'common/modules/i18n', 'Are you sure you want to send novelty?'),
(751, 'common/modules/i18n', 'Video'),
(752, 'common/modules/i18n', 'Remove'),
(753, 'common/modules/i18n', 'Kits'),
(754, 'common/modules/i18n', 'Kit'),
(755, 'common/modules/i18n', 'remove'),
(756, 'common/modules/i18n', 'How to wear it'),
(757, 'common/modules/i18n', 'You may also like it'),
(758, 'common/modules/i18n', 'Basket'),
(759, 'common/modules/i18n', 'Continue shopping'),
(760, 'common/modules/i18n', 'Unit price:'),
(761, 'common/modules/i18n', 'Total:'),
(762, 'common/modules/i18n', 'Basket is updated successfully.'),
(763, 'common/modules/i18n', 'You basket is empty.'),
(764, 'common/modules/i18n', 'Sum in the basket'),
(765, 'common/modules/i18n', 'In total'),
(766, 'common/modules/i18n', 'Proceed checkout'),
(767, 'common/modules/i18n', 'The size is '),
(768, 'common/modules/i18n', 'The size is out of stock.'),
(769, 'common/modules/i18n', 'Request password reset'),
(770, 'common/modules/i18n', 'A link to reset password will be sent there.'),
(771, 'common/modules/i18n', 'Password reset for Jenadin'),
(772, 'common/modules/i18n', 'Hello'),
(773, 'common/modules/i18n', 'Follow the link below to reset your password:'),
(774, 'common/modules/i18n', 'There is no user with such email.'),
(775, 'common/modules/i18n', 'Check your email for further instructions.'),
(776, 'common/modules/i18n', 'Reset password'),
(777, 'common/modules/i18n', 'Please choose your new password:'),
(778, 'common/modules/i18n', 'New password was saved.'),
(779, 'common/modules/i18n', 'Hello, %s%. (%s). In your account you can see your orders.'),
(780, 'common/modules/i18n', 'Exit'),
(781, 'common/modules/i18n', 'Account details'),
(782, 'common/modules/i18n', 'Address book'),
(783, 'common/modules/i18n', 'View or change your sign-in information.'),
(784, 'common/modules/i18n', 'Edit address data.'),
(785, 'common/modules/i18n', 'Wish list'),
(786, 'common/modules/i18n', 'Orders'),
(787, 'common/modules/i18n', 'View your order history.'),
(788, 'common/modules/i18n', 'View your favourite products.'),
(789, 'common/modules/i18n', 'Back to profile view'),
(790, 'common/modules/i18n', 'Profile is updated successfully.'),
(791, 'common/modules/i18n', 'Address'),
(792, 'common/modules/i18n', 'First name'),
(793, 'common/modules/i18n', 'Last name'),
(794, 'common/modules/i18n', 'Phone'),
(795, 'common/modules/i18n', 'Region'),
(796, 'common/modules/i18n', 'Building'),
(797, 'common/modules/i18n', 'Flat'),
(798, 'common/modules/i18n', 'Address is updated successfully.'),
(799, 'common/modules/i18n', 'The product was removed from the wish list'),
(800, 'common/modules/i18n', 'There is no product in your wish list'),
(801, 'common/modules/i18n', 'Notes'),
(802, 'common/modules/i18n', 'Payment type'),
(803, 'common/modules/i18n', 'Order'),
(804, 'common/modules/i18n', 'Checkout'),
(805, 'common/modules/i18n', 'Payment details'),
(806, 'common/modules/i18n', 'Your order'),
(807, 'common/modules/i18n', 'Total price'),
(808, 'common/modules/i18n', 'Payment types'),
(809, 'common/modules/i18n', 'Place order'),
(810, 'common/modules/i18n', 'Receivers'),
(811, 'common/modules/i18n', 'Email subject'),
(812, 'common/modules/i18n', 'Email templates'),
(813, 'common/modules/i18n', 'Email template'),
(814, 'common/modules/i18n', 'Email preview'),
(815, 'common/modules/i18n', 'ID'),
(816, 'common/modules/i18n', 'Subject from'),
(817, 'common/modules/i18n', 'Email from'),
(818, 'common/modules/i18n', 'Footer'),
(819, 'common/modules/i18n', 'Email settings'),
(820, 'common/modules/i18n', 'Email setting'),
(821, 'common/modules/i18n', 'You got order from '),
(822, 'common/modules/i18n', 'Information about the client'),
(823, 'common/modules/i18n', 'Thanks!'),
(824, 'common/modules/i18n', 'Your order is accepted!'),
(825, 'common/modules/i18n', 'Our manager will contact you'),
(826, 'common/modules/i18n', 'Hi there. Your recent order on Jenadin has been completed.'),
(827, 'common/modules/i18n', 'Your order was accepted successfully!'),
(828, 'common/modules/i18n', 'Number'),
(829, 'common/modules/i18n', 'Concept'),
(830, 'common/modules/i18n', 'Paid'),
(831, 'common/modules/i18n', 'Refused'),
(832, 'common/modules/i18n', 'Nothing is selected'),
(833, 'common/modules/i18n', 'Positions'),
(834, 'common/modules/i18n', '	You basket is empty.'),
(835, 'common/modules/i18n', 'Open menu'),
(836, 'common/modules/i18n', 'Search'),
(837, 'common/modules/i18n', 'Back'),
(838, 'common/modules/i18n', 'My account'),
(839, 'common/modules/i18n', 'Created at'),
(840, 'common/modules/i18n', 'Updated at'),
(841, 'common/modules/i18n', 'Percentage'),
(842, 'common/modules/i18n', 'Sales'),
(843, 'common/modules/i18n', 'Sale'),
(844, 'common/modules/i18n', 'Load products from the collection:'),
(845, 'javascript', 'Are you sure you want to add this collection?'),
(846, 'common/modules/i18n', 'Sell-out'),
(847, 'common/modules/i18n', 'Latest'),
(848, 'common/modules/i18n', 'Novelties products'),
(849, 'common/modules/i18n', 'Latest product'),
(850, 'common/modules/i18n', 'Size & fit information'),
(851, 'common/modules/i18n', 'Editor notes'),
(852, 'common/modules/i18n', 'Icon'),
(853, 'common/modules/i18n', 'Table size'),
(854, 'javascript', 'Basket'),
(855, 'javascript', 'You have added to the basket:'),
(856, 'common/modules/i18n', 'Successfully added'),
(857, 'common/modules/i18n', 'Pay waited'),
(858, 'common/modules/i18n', 'Congratulations! You have placed your order.'),
(859, 'common/modules/i18n', 'Search results:'),
(861, 'common/modules/i18n', 'No results matching the query:'),
(862, 'common/modules/i18n', 'Magazines'),
(863, 'common/modules/i18n', 'Magazine'),
(864, 'common/modules/i18n', 'Pages'),
(865, 'common/modules/i18n', 'Order date'),
(866, 'common/modules/i18n', 'User data'),
(867, 'common/modules/i18n', 'Personal data'),
(868, 'common/modules/i18n', 'Order data'),
(869, 'common/modules/i18n', 'Back to order list'),
(870, 'common/modules/i18n', 'Nothing was found'),
(871, 'common/modules/i18n', 'Seo category description'),
(872, 'common/modules/i18n', 'Invalid Configuration'),
(873, 'common/modules/i18n', 'Ошибка (#2)'),
(874, 'common/modules/i18n', 'Error'),
(875, 'common/modules/i18n', 'Error (#8)'),
(876, 'common/modules/i18n', 'Розмір'),
(877, 'common/modules/i18n', 'javascript'),
(878, 'common/modules/i18n', 'You have added to the basket:'),
(879, 'common/modules/i18n', 'Database Exception (#42)'),
(880, 'common/modules/i18n', 'Unknown Property'),
(881, 'common/modules/i18n', 'Invalid Configuration (#101)'),
(882, 'common/modules/i18n', 'MAC'),
(883, 'common/modules/i18n', 'Customers'),
(884, 'common/modules/i18n', 'Customer'),
(885, 'common/modules/i18n', 'Value'),
(886, 'common/modules/i18n', 'Unsupported Media Type (#415)'),
(887, 'common/modules/i18n', 'Start time'),
(888, 'common/modules/i18n', 'End time'),
(889, 'common/modules/i18n', 'Show plot'),
(890, 'common/modules/i18n', 'Print'),
(891, 'javascript', 'Pulse'),
(892, 'common/modules/i18n', 'Gender'),
(893, 'common/modules/i18n', 'Age'),
(894, 'common/modules/i18n', 'Heart beat table'),
(895, 'common/modules/i18n', 'Min age'),
(896, 'common/modules/i18n', 'Max age'),
(897, 'common/modules/i18n', 'Min beat'),
(898, 'common/modules/i18n', 'Max beat'),
(899, 'common/modules/i18n', 'Create role'),
(900, 'common/modules/i18n', 'Operators'),
(901, 'common/modules/i18n', 'BPM'),
(902, 'common/modules/i18n', 'Threat from '),
(903, 'common/modules/i18n', 'Threat'),
(904, 'common/modules/i18n', 'Time'),
(905, 'common/modules/i18n', 'tachycardia'),
(908, 'common/modules/i18n', 'bradycardia'),
(909, 'common/modules/i18n', 'Threats'),
(910, 'common/modules/i18n', 'Details');

-- --------------------------------------------------------

--
-- Структура таблицы `task`
--

CREATE TABLE IF NOT EXISTS `task` (
  `id` int(11) NOT NULL AUTO_INCREMENT,
  `name` varchar(255) NOT NULL,
  `job_id` int(11) NOT NULL,
  `status` varchar(255) NOT NULL,
  `crontab` varchar(255) NOT NULL,
  PRIMARY KEY (`id`),
  KEY `job_id` (`job_id`)
) ENGINE=InnoDB  DEFAULT CHARSET=utf8 AUTO_INCREMENT=8 ;

--
-- Дамп данных таблицы `task`
--

INSERT INTO `task` (`id`, `name`, `job_id`, `status`, `crontab`) VALUES
(7, 'Disease detection', 7, 'aborted', '* * * * *');

-- --------------------------------------------------------

--
-- Структура таблицы `threat`
--

CREATE TABLE IF NOT EXISTS `threat` (
  `id` int(11) NOT NULL AUTO_INCREMENT,
  `customer_id` int(11) NOT NULL,
  `created_at` timestamp NOT NULL DEFAULT CURRENT_TIMESTAMP,
  `alias` varchar(255) CHARACTER SET utf8 NOT NULL,
  `bpm` int(11) NOT NULL,
  PRIMARY KEY (`id`),
  KEY `customer_id` (`customer_id`)
) ENGINE=InnoDB  DEFAULT CHARSET=latin1 AUTO_INCREMENT=129 ;

--
-- Дамп данных таблицы `threat`
--

INSERT INTO `threat` (`id`, `customer_id`, `created_at`, `alias`, `bpm`) VALUES
(2, 30, '2016-10-16 15:59:30', 'tachycardia', 100),
(3, 30, '2016-10-16 16:08:07', 'tachycardia', 100),
(4, 30, '2016-10-16 16:08:14', 'tachycardia', 100),
(5, 30, '2016-10-16 16:09:05', 'tachycardia', 100),
(6, 30, '2016-10-16 16:11:14', 'tachycardia', 100),
(7, 30, '2016-10-16 16:12:15', 'tachycardia', 100),
(8, 30, '2016-10-16 16:13:35', 'tachycardia', 100),
(9, 30, '2016-10-16 16:14:49', 'tachycardia', 100),
(10, 30, '2016-10-16 16:15:23', 'tachycardia', 100),
(11, 30, '2016-10-16 16:16:01', 'tachycardia', 100),
(12, 30, '2016-10-16 16:16:56', 'tachycardia', 100),
(13, 30, '2016-10-16 16:17:20', 'tachycardia', 100),
(14, 30, '2016-10-16 16:19:13', 'tachycardia', 100),
(15, 30, '2016-10-16 16:19:57', 'tachycardia', 100),
(16, 30, '2016-10-16 16:20:14', 'tachycardia', 100),
(17, 30, '2016-10-16 16:22:04', 'tachycardia', 100),
(18, 30, '2016-10-16 16:22:23', 'tachycardia', 100),
(19, 30, '2016-10-16 16:22:33', 'tachycardia', 100),
(20, 30, '2016-10-16 16:23:14', 'tachycardia', 100),
(21, 30, '2016-10-16 16:27:38', 'tachycardia', 100),
(22, 30, '2016-10-17 06:07:57', 'tachycardia', 100),
(23, 30, '2016-10-17 06:10:56', 'tachycardia', 100),
(24, 30, '2016-10-17 06:12:14', 'tachycardia', 100),
(25, 30, '2016-10-17 06:18:07', 'tachycardia', 100),
(26, 30, '2016-10-17 06:18:32', 'bradycardia', 50),
(27, 30, '2016-10-17 06:26:06', 'tachycardia', 100),
(28, 30, '2016-10-17 06:28:49', 'tachycardia', 100),
(30, 30, '2016-10-17 06:30:34', 'tachycardia', 100),
(31, 30, '2016-10-17 06:31:47', 'tachycardia', 100),
(32, 30, '2016-10-17 06:37:20', 'tachycardia', 100),
(33, 30, '2016-10-17 06:38:53', 'tachycardia', 100),
(34, 30, '2016-10-17 06:40:14', 'tachycardia', 100),
(35, 30, '2016-10-18 09:53:12', 'tachycardia', 100),
(36, 30, '2016-10-18 10:05:14', 'tachycardia', 100),
(37, 30, '2016-10-18 10:06:14', 'tachycardia', 100),
(38, 30, '2016-10-18 10:07:23', 'tachycardia', 100),
(39, 30, '2016-10-18 10:08:06', 'tachycardia', 100),
(40, 30, '2016-10-18 10:10:26', 'tachycardia', 100),
(41, 30, '2016-10-18 10:13:26', 'tachycardia', 100),
(42, 31, '2016-10-18 10:13:26', 'tachycardia', 100),
(43, 30, '2016-10-18 10:14:49', 'tachycardia', 100),
(44, 31, '2016-10-18 10:14:49', 'tachycardia', 100),
(45, 30, '2016-10-18 10:15:36', 'tachycardia', 100),
(46, 31, '2016-10-18 10:15:36', 'tachycardia', 100),
(47, 30, '2016-10-18 10:24:41', 'tachycardia', 100),
(48, 31, '2016-10-18 10:24:41', 'tachycardia', 100),
(49, 30, '2016-10-18 10:35:04', 'tachycardia', 100),
(50, 31, '2016-10-18 10:35:04', 'tachycardia', 100),
(51, 30, '2016-10-18 10:36:15', 'tachycardia', 100),
(52, 31, '2016-10-18 10:36:15', 'tachycardia', 100),
(53, 30, '2016-10-18 10:36:53', 'tachycardia', 100),
(54, 31, '2016-10-18 10:36:53', 'tachycardia', 100),
(55, 30, '2016-10-18 10:40:16', 'tachycardia', 100),
(56, 31, '2016-10-18 10:40:16', 'tachycardia', 100),
(57, 30, '2016-10-18 10:41:10', 'tachycardia', 100),
(58, 31, '2016-10-18 10:41:10', 'tachycardia', 100),
(59, 30, '2016-10-18 10:43:22', 'tachycardia', 100),
(60, 31, '2016-10-18 10:43:22', 'tachycardia', 100),
(61, 30, '2016-10-18 10:45:30', 'tachycardia', 100),
(62, 31, '2016-10-18 10:45:30', 'tachycardia', 100),
(63, 30, '2016-10-18 10:45:54', 'tachycardia', 100),
(64, 31, '2016-10-18 10:45:54', 'tachycardia', 100),
(65, 30, '2016-10-18 10:47:01', 'tachycardia', 100),
(66, 31, '2016-10-18 10:47:01', 'tachycardia', 100),
(67, 30, '2016-10-18 10:49:18', 'tachycardia', 100),
(68, 31, '2016-10-18 10:49:19', 'tachycardia', 100),
(69, 30, '2016-10-18 10:51:32', 'tachycardia', 100),
(70, 31, '2016-10-18 10:51:32', 'tachycardia', 100),
(71, 30, '2016-10-18 10:53:28', 'tachycardia', 100),
(72, 31, '2016-10-18 10:53:28', 'tachycardia', 100),
(73, 30, '2016-10-18 10:54:56', 'tachycardia', 100),
(74, 31, '2016-10-18 10:54:56', 'tachycardia', 100),
(75, 30, '2016-10-18 10:56:29', 'tachycardia', 100),
(76, 31, '2016-10-18 10:56:29', 'tachycardia', 100),
(77, 30, '2016-10-18 10:57:29', 'tachycardia', 100),
(78, 31, '2016-10-18 10:57:29', 'tachycardia', 100),
(79, 30, '2016-10-18 11:07:55', 'tachycardia', 100),
(80, 31, '2016-10-18 11:07:55', 'tachycardia', 100),
(81, 30, '2016-10-18 11:17:26', 'tachycardia', 100),
(82, 31, '2016-10-18 11:17:26', 'tachycardia', 100),
(83, 30, '2016-10-18 11:17:42', 'tachycardia', 100),
(84, 31, '2016-10-18 11:17:42', 'tachycardia', 100),
(85, 30, '2016-10-18 11:17:51', 'tachycardia', 100),
(86, 31, '2016-10-18 11:17:51', 'tachycardia', 100),
(87, 30, '2016-10-19 10:12:47', 'tachycardia', 100),
(88, 31, '2016-10-19 10:12:47', 'tachycardia', 100),
(89, 32, '2016-10-19 10:12:48', 'tachycardia', 100),
(90, 30, '2016-10-19 10:13:01', 'tachycardia', 100),
(91, 31, '2016-10-19 10:13:01', 'tachycardia', 100),
(92, 32, '2016-10-19 10:13:01', 'tachycardia', 100),
(93, 30, '2016-10-19 10:13:26', 'tachycardia', 100),
(94, 31, '2016-10-19 10:13:26', 'tachycardia', 100),
(95, 32, '2016-10-19 10:13:26', 'tachycardia', 100),
(96, 30, '2016-10-19 10:23:05', 'tachycardia', 100),
(97, 31, '2016-10-19 10:23:11', 'tachycardia', 100),
(98, 32, '2016-10-19 10:23:12', 'tachycardia', 100),
(99, 30, '2016-10-19 10:24:03', 'tachycardia', 100),
(100, 31, '2016-10-19 10:24:03', 'tachycardia', 100),
(101, 32, '2016-10-19 10:24:03', 'tachycardia', 100),
(102, 30, '2016-10-19 10:24:16', 'tachycardia', 100),
(103, 31, '2016-10-19 10:24:16', 'tachycardia', 100),
(104, 32, '2016-10-19 10:24:16', 'tachycardia', 100),
(105, 30, '2016-12-25 10:56:39', 'tachycardia', 100),
(106, 31, '2016-12-25 10:56:39', 'tachycardia', 100),
(107, 32, '2016-12-25 10:56:39', 'tachycardia', 100),
(108, 30, '2017-02-26 15:56:11', 'tachycardia', 100),
(109, 30, '2017-02-26 15:59:27', 'tachycardia', 100),
(110, 31, '2017-02-26 15:59:27', 'tachycardia', 100),
(111, 32, '2017-02-26 15:59:27', 'tachycardia', 100),
(112, 33, '2017-02-26 15:59:27', 'tachycardia', 100),
(113, 30, '2017-02-26 15:59:50', 'tachycardia', 100),
(114, 31, '2017-02-26 15:59:50', 'tachycardia', 100),
(115, 32, '2017-02-26 15:59:50', 'tachycardia', 100),
(116, 33, '2017-02-26 15:59:50', 'tachycardia', 100),
(117, 30, '2017-02-26 16:01:51', 'tachycardia', 100),
(118, 31, '2017-02-26 16:01:51', 'tachycardia', 100),
(119, 32, '2017-02-26 16:01:51', 'tachycardia', 100),
(120, 33, '2017-02-26 16:01:51', 'tachycardia', 100),
(121, 30, '2017-02-26 16:02:15', 'tachycardia', 100),
(122, 31, '2017-02-26 16:02:15', 'tachycardia', 100),
(123, 32, '2017-02-26 16:02:15', 'tachycardia', 100),
(124, 33, '2017-02-26 16:02:15', 'tachycardia', 100),
(125, 30, '2017-02-26 16:03:19', 'tachycardia', 100),
(126, 30, '2017-02-26 16:03:43', 'tachycardia', 100),
(127, 30, '2017-02-26 16:06:26', 'tachycardia', 100),
(128, 30, '2017-02-26 16:07:49', 'bradycardia', 50);

-- --------------------------------------------------------

--
-- Структура таблицы `user`
--

CREATE TABLE IF NOT EXISTS `user` (
  `id` int(11) NOT NULL AUTO_INCREMENT,
  `username` varchar(255) COLLATE utf8_unicode_ci NOT NULL,
  `auth_key` varchar(32) COLLATE utf8_unicode_ci NOT NULL,
  `password_hash` varchar(255) COLLATE utf8_unicode_ci NOT NULL,
  `password_reset_token` varchar(255) COLLATE utf8_unicode_ci DEFAULT NULL,
  `email` varchar(255) COLLATE utf8_unicode_ci NOT NULL,
  `status` smallint(6) NOT NULL DEFAULT '10',
  `created_at` int(11) NOT NULL,
  `updated_at` int(11) NOT NULL,
  `logo` varchar(255) COLLATE utf8_unicode_ci DEFAULT NULL,
  `subscription` tinyint(1) NOT NULL DEFAULT '1',
  PRIMARY KEY (`id`),
  UNIQUE KEY `username` (`username`),
  UNIQUE KEY `email` (`email`),
  UNIQUE KEY `password_reset_token` (`password_reset_token`)
) ENGINE=InnoDB  DEFAULT CHARSET=utf8 COLLATE=utf8_unicode_ci AUTO_INCREMENT=52 ;

--
-- Дамп данных таблицы `user`
--

INSERT INTO `user` (`id`, `username`, `auth_key`, `password_hash`, `password_reset_token`, `email`, `status`, `created_at`, `updated_at`, `logo`, `subscription`) VALUES
(1, 'admin', 'V-Cym0VAr8UvLBmmLSHJID6XlMaqaXyZ', '$2y$13$wx3ceUtuQVUiwXhZUn9N2.ClZq2jF/JymqR4JZZLHI0abmLtmGly.', NULL, 'artemkramov@yahoo.com', 10, 1455877362, 1474639838, NULL, 1),
(30, 'akramov', '', '$2y$13$8AfAtunPCVr1gltkcd0yrOKbgJXmqvLIbZScK1Vy0hZGYbyrvobpW', 'flepYLC6C_tO4m9Eeh1R_K3GH3bJ32DQ_1472047294', 'artemkramov@gmail.com', 10, 1464245955, 1476628974, '', 1),
(31, 'user', 'NEvVqyxhS_uYXwAFuXXEAxwEs8boy0-4', '$2y$13$TEVTC01MWd8/9OZjxY7TMOBvqxp9NmDyuHc/D/IYeEKnwm7aQw0T2', '25lmAAEaVH8j6B-Wk07bBgH5tRjUT-T5_1472042259', 'chutovo_kram@i.ua', 10, 1471539355, 1476870284, NULL, 0),
(38, 'user1', 'e0GXfN5sXA5mRFBQUssX47SDZucqD4vp', '$2y$13$xa/.96vHpSlPTTbMaP3ntehOyBA4uAChKQPzfC9KYyytEofFkW522', NULL, 'chutovo_kramq@i.ua', 10, 1471590998, 1476870522, NULL, 0),
(39, 'gfg@gh.gf', '58sW7ySfGaEikzl8Le4R0dB9i9PmNHC1', '$2y$13$b6ns5jL2oKKhHgaPbahfsORaceIiD7zwTFZkTd/INXNswvC17J8su', NULL, 'fgh@fg.fd', 10, 1472822939, 1472822939, NULL, 1),
(40, 'test_user', 'd6QnNLurwg3vObzqGEEKCVfcEqO6eviU', '$2y$13$KwBpyIv9.nnqNEve23/0Tu9UvQdD/e0CC5ZuQ.j8pXYPm0w48tUWa', NULL, 'test_user@fd.rt', 10, 1473606411, 1473606411, NULL, 1),
(47, 'letitbe', '', '$2y$13$Pn3ZLTrrUSUwHN4qSFzlbO5FXizVi6oa6P.ZdFJ3ohwvRHPXGzqE.', NULL, 'letitbe@mail.com', 10, 1474648113, 1474648113, NULL, 1),
(48, 'test', '', '$2y$13$Ap7/qIP5tHWpE9jBUrJtcO8eYXQeTzuPq5iR8kgVQtdhzKEzTNcFS', NULL, 'test@art.tu', 10, 1476689239, 1476689239, NULL, 1),
(49, 'junior', '', '$2y$13$9PtsJuO7T.NwBmo3BmBOzeC.HFlggpo05hEk8skw2xkGTcvyZ9Eqe', NULL, 'junior@gmal.com', 10, 1476871311, 1476871311, NULL, 1),
(50, 'JohnKonyaviy322', 'BXM6yEri-B-lki7fzUuHLeHaZvwn_vyX', '$2y$13$6rPVJHdPInMI/Cx2mIV2/.6Mq75JZKQlpZ9/ul4fp7BnrcPvrRqee', NULL, 'jason56746@gmail.com', 10, 1488119731, 1488119731, NULL, 0),
(51, 'john_konyaviy', '', '$2y$13$eOkzUL841K0uoZtURZLv9uAhl.DK.JjVc1ipvajMw3qxoreKIFtJq', NULL, 'john_konyaviy@mail.ru', 10, 1488124198, 1488124198, NULL, 1);

--
-- Ограничения внешнего ключа сохраненных таблиц
--

--
-- Ограничения внешнего ключа таблицы `address`
--
ALTER TABLE `address`
  ADD CONSTRAINT `address_ibfk_2` FOREIGN KEY (`user_id`) REFERENCES `user` (`id`) ON DELETE CASCADE ON UPDATE CASCADE;

--
-- Ограничения внешнего ключа таблицы `country`
--
ALTER TABLE `country`
  ADD CONSTRAINT `country_ibfk_1` FOREIGN KEY (`currency_id`) REFERENCES `currency` (`id`);

--
-- Ограничения внешнего ключа таблицы `customer`
--
ALTER TABLE `customer`
  ADD CONSTRAINT `customer_ibfk_1` FOREIGN KEY (`user_id`) REFERENCES `user` (`id`) ON DELETE CASCADE ON UPDATE CASCADE;

--
-- Ограничения внешнего ключа таблицы `customer_operator`
--
ALTER TABLE `customer_operator`
  ADD CONSTRAINT `customer_operator_ibfk_1` FOREIGN KEY (`customer_id`) REFERENCES `customer` (`id`) ON DELETE CASCADE ON UPDATE CASCADE,
  ADD CONSTRAINT `customer_operator_ibfk_2` FOREIGN KEY (`operator_id`) REFERENCES `user` (`id`) ON DELETE CASCADE ON UPDATE CASCADE;

--
-- Ограничения внешнего ключа таблицы `genderlang`
--
ALTER TABLE `genderlang`
  ADD CONSTRAINT `genderlang_ibfk_1` FOREIGN KEY (`gender_id`) REFERENCES `gender` (`id`) ON DELETE CASCADE ON UPDATE CASCADE;

--
-- Ограничения внешнего ключа таблицы `heart_beat`
--
ALTER TABLE `heart_beat`
  ADD CONSTRAINT `heart_beat_ibfk_1` FOREIGN KEY (`user_id`) REFERENCES `user` (`id`) ON DELETE CASCADE ON UPDATE CASCADE;

--
-- Ограничения внешнего ключа таблицы `menulang`
--
ALTER TABLE `menulang`
  ADD CONSTRAINT `menulang_ibfk_1` FOREIGN KEY (`menu_id`) REFERENCES `menu` (`id`) ON DELETE CASCADE ON UPDATE CASCADE;

--
-- Ограничения внешнего ключа таблицы `threat`
--
ALTER TABLE `threat`
  ADD CONSTRAINT `threat_ibfk_1` FOREIGN KEY (`customer_id`) REFERENCES `customer` (`id`) ON DELETE CASCADE ON UPDATE CASCADE;

/*!40101 SET CHARACTER_SET_CLIENT=@OLD_CHARACTER_SET_CLIENT */;
/*!40101 SET CHARACTER_SET_RESULTS=@OLD_CHARACTER_SET_RESULTS */;
/*!40101 SET COLLATION_CONNECTION=@OLD_COLLATION_CONNECTION */;
